web3bugs_id,mvbench_sheet,oracle_id,source_dataset,source_category,source_subcategory,reporting_time,bug_link,finding_slug,contest_slug,finding_id,project_slug,finding_title,source_root_cause,source_exploitation_method,source_fix_strategy,evidence_source,overlaps_mvscan_eval_repo,mvbench_candidate_rows,annotator_1_semantic_label,annotator_1_mvsi_subtype,annotator_1_strict_b0_match,annotator_1_matched_b0_bucket_id,annotator_1_fn_reason,annotator_1_notes
59,59src,WEB3BUGS-59-H-01,Code4rena,High,O1,2022-02-14,https://github.com/code-423n4/2021-11-malt-findings/issues/263,2021-11-malt#h-01,2021-11-malt,H-01,malt,Timelock can be bypassed,"Governor can immediately replace governor and set delay to zero, bypassing the intended timelock process.","Current governor assigns a new governor, sets delay to zero, then exercises privileged operations immediately.",Require timelock self-calls for setGovernor and setDelay and administer roles through the timelock.,Web3Bugs report 59.md; Code4rena report; GitHub issue 263; Timelock.sol,yes,,other-logical-bug,NA,not_applicable,NA-not-MVSI,NA-not-MVSI,"invariant=Privileged timelock operations should only execute after queued delay. | entities=governor, delay, timelock roles | primary=governor | counterpart=delay | desync=setGovernor and setDelay can be called directly by governor instead of through delayed timelock execution. | sink=access-control | impact=governance | attacker=privileged | label_notes=Access-control/timelock-bypass bug; not labeled MV-SI because it is reducible to ordinary privileged access control. | strict_match=Not in MV-SI recall denominator."
59,59src,WEB3BUGS-59-H-02,Code4rena,High,SC,2022-02-14,https://github.com/code-423n4/2021-11-malt-findings/issues/323,2021-11-malt#h-02,2021-11-malt,H-02,malt,Unable to remove liquidity in Recovery Mode,"Recovery-mode whitelist is coupled to UniswapHandler, but removeLiquidity sends withdrawn Malt directly to the user, who is not whitelisted.","When recovery mode is active, removing liquidity through the whitelisted handler still triggers Malt transfer verification from the pair to msg.sender and reverts.","Remove liquidity to UniswapHandler first, then forward proceeds through an allowed path.",Web3Bugs report 59.md; Code4rena report; GitHub issue 323; README Recovery Mode docs; UniswapHandler.sol; PoolTransferVerification.sol,yes,,other-logical-bug,NA,not_applicable,NA-not-MVSI,NA-not-MVSI,"invariant=A whitelisted recovery-mode liquidity exit path must keep the verified transfer recipient synchronized with the whitelisted handler path. | entities=recovery-mode transfer block, whitelist(UniswapHandler), removeLiquidity recipient msg.sender | primary=recovery-mode transfer policy | counterpart=removeLiquidity recipient | external_proxy=UniswapV2Pair transfer state | desync=UniswapHandler consumes whitelist status but routes the AMM withdrawal to an unwhitelisted user address. | sink=branch | impact=DoS | attacker=unprivileged | label_notes=Strict re-audit: recovery-mode routing/whitelist mismatch; no protocol-maintained state constituent is updated while a stale counterpart reaches the sink. | strict_match=Not in MV-SI recall denominator."
59,59src,WEB3BUGS-59-H-03,Code4rena,High,O5,2022-02-14,https://github.com/code-423n4/2021-11-malt-findings/issues/63,2021-11-malt#h-03,2021-11-malt,H-03,malt,getAuctionCore function returns wrong values out of order,"AuctionEscapeHatch destructures getAuctionCore return values with one missing comma, binding active to preAuctionReserveRatio.","earlyExitReturn and _calculateMaltRequiredForExit use the wrong returned value when deciding auction-exit behavior, risking user funds.",Correct the tuple destructuring so active is bound to the tenth return value.,Web3Bugs report 59.md; Code4rena report; GitHub issue 63; AuctionEscapeHatch.sol; Auction.sol,yes,"sheet=59src | row=8 | abl=B0 | type=TP | finding=[single_var_cross_tx] idToAuction  tx-set -> getAuctionCore(uint256), purchaseArbitrageTokens(uint256)   • write  contracts/Auction.sol:197  (Auction.('purchaseArbitrageTokens', ['uint256'], []))   • read  contracts/Auction.sol:516  (Auction.('getAuctionCore', ['uint256'], ['uint256', 'uint256', 'uint256', 'uint256', 'uint256', 'uint256', 'uint256', 'uint256', 'uint256', 'bool'])) | report=https://github.com/code-423n4/2021-11-malt-findings/issues/63 | comments=[H-03] || sheet=59src | row=39 | abl=B0 | type=TP | finding=[single_var_cross_tx] idToAuction  tx-set -> currentPrice(uint256), getAuctionCore(uint256)   • write  contracts/Auction.sol:589  (Auction.('_endAuction', ['uint256'], []))   • read  contracts/Auction.sol:516  (Auction.('getAuctionCore', ['uint256'], ['uint256', 'uint256', 'uint256', 'uint256', 'uint256', 'uint256', 'uint256', 'uint256', 'uint256', 'bool'])) | report=https://github.com/code-423n4/2021-11-malt-findings/issues/63 | comments=Indirectly related to getAuctionCore() || sheet=59src | row=82 | abl=B1 | type=TP | finding=[single_var_cross_tx] idToAuction  tx-set -> getAuctionCore(uint256), purchaseArbitrageTokens(uint256)   • write  contracts/Auction.sol:198  (Auction.('purchaseArbitrageTokens', ['uint256'], []))   • read  contracts/Auction.sol:516  (Auction.('getAuctionCore', ['uint256'], ['uint256', 'uint256', 'uint256', 'uint256', 'uint256', 'uint256', 'uint256', 'uint256', 'uint256', 'bool'])) | report=https://github.com/code-423n4/2021-11-malt-findings/issues/63 | comments=[H-03] || sheet=59src | row=117 | abl=B1 | type=TP | finding=[single_var_cross_tx] idToAuction  tx-set -> currentPrice(uint256), getAuctionCore(uint256)   • write  contracts/Auction.sol:589  (Auction.('_endAuction', ['uint256'], []))   • read  contracts/Auction.sol:516  (Auction.('getAuctionCore', ['uint256'], ['uint256', 'uint256', 'uint256', 'uint256', 'uint256', 'uint256', 'uint256', 'uint256', 'uint256', 'bool'])) | report=https://github.com/code-423n4/2021-11-malt-findings/issues/63 | comments=Indirectly related to getAuctionCore() || sheet=59src | row=163 | abl=B2 | type=TP | finding=[single_var_cross_tx] idToAuction  tx-set -> getAuctionCore(uint256), purchaseArbitrageTokens(uint256)   • write  contracts/Auction.sol:197  (Auction.('purchaseArbitrageTokens', ['uint256'], []))   • read  contracts/Auction.sol:516  (Auction.('getAuctionCore', ['uint256'], ['uint256', 'uint256', 'uint256', 'uint256', 'uint256', 'uint256', 'uint256', 'uint256', 'uint256', 'bool'])) | report=https://github.com/code-423n4/2021-11-malt-findings/issues/63 | comments=[H-03] || sheet=59src | row=179 | abl=B2 | type=TP | finding=[single_var_cross_tx] idToAuction  tx-set -> currentPrice(uint256), getAuctionCore(uint256)   • write  contracts/Auction.sol:589  (Auction.('_endAuction', ['uint256'], []))   • read  contracts/Auction.sol:516  (Auction.('getAuctionCore', ['uint256'], ['uint256', 'uint256', 'uint256', 'uint256', 'uint256', 'uint256', 'uint256', 'uint256', 'uint256', 'bool'])) | report=https://github.com/code-423n4/2021-11-malt-findings/issues/63 | comments=Indirectly related to getAuctionCore() || sheet=59src | row=223 | abl=B3 | type=TP | finding=[single_var_cross_tx] idToAuction  tx-set -> getAuctionCore(uint256), purchaseArbitrageTokens(uint256)   • write  contracts/Auction.sol:192  (Auction.('purchaseArbitrageTokens', ['uint256'], []))   • read  contracts/Auction.sol:516  (Auction.('getAuctionCore', ['uint256'], ['uint256', 'uint256', 'uint256', 'uint256', 'uint256', 'uint256', 'uint256', 'uint256', 'uint256', 'bool'])) | report=https://github.com/code-423n4/2021-11-malt-findings/issues/63 | comments=[H-03] || sheet=59src | row=256 | abl=B3 | type=TP | finding=[single_var_cross_tx] idToAuction  tx-set -> currentPrice(uint256), getAuctionCore(uint256)   • write  contracts/Auction.sol:589  (Auction.('_endAuction', ['uint256'], []))   • read  contracts/Auction.sol:516  (Auction.('getAuctionCore', ['uint256'], ['uint256', 'uint256', 'uint256', 'uint256', 'uint256', 'uint256', 'uint256', 'uint256', 'uint256', 'bool'])) | report=https://github.com/code-423n4/2021-11-malt-findings/issues/63 | comments=Indirectly related to getAuctionCore() || sheet=59src | row=306 | abl=B6 | type=TP | finding=[single_var_cross_tx] idToAuction  tx-set -> getAuctionCore(uint256), purchaseArbitrageTokens(uint256)   • write  contracts/Auction.sol:198  (Auction.('purchaseArbitrageTokens', ['uint256'], []))   • read  contracts/Auction.sol:516  (Auction.('getAuctionCore', ['uint256'], ['uint256', 'uint256', 'uint256', 'uint256', 'uint256', 'uint256', 'uint256', 'uint256', 'uint256', 'bool'])) | report=https://github.com/code-423n4/2021-11-malt-findings/issues/63 | comments=[H-03] || sheet=59src | row=325 | abl=B6 | type=TP | finding=[single_var_cross_tx] idToAuction  tx-set -> currentPrice(uint256), getAuctionCore(uint256)   • write  contracts/Auction.sol:589  (Auction.('_endAuction', ['uint256'], []))   • read  contracts/Auction.sol:516  (Auction.('getAuctionCore', ['uint256'], ['uint256', 'uint256', 'uint256', 'uint256', 'uint256', 'uint256', 'uint256', 'uint256', 'uint256', 'bool'])) | report=https://github.com/code-423n4/2021-11-malt-findings/issues/63 | comments=Indirectly related to getAuctionCore()",other-logical-bug,NA,not_applicable,NA-not-MVSI,NA-not-MVSI,"invariant=AuctionEscapeHatch must consume the active flag returned by Auction.getAuctionCore, not an adjacent return slot. | entities=getAuctionCore return tuple, active flag, preAuctionReserveRatio | primary=Auction.getAuctionCore tuple | counterpart=AuctionEscapeHatch local active binding | desync=Missing comma shifts the consumed tuple field from active to preAuctionReserveRatio. | sink=branch | impact=loss | attacker=unprivileged | label_notes=Tuple-order programming error; not treated as state synchronization. | strict_match=Not in MV-SI recall denominator."
59,59src,WEB3BUGS-59-H-04,Code4rena,High,S6-4,2022-02-14,https://github.com/code-423n4/2021-11-malt-findings/issues/294,2021-11-malt#h-04,2021-11-malt,H-04,malt,AuctionBurnReserveSkew.getPegDeltaFrequency wrong implementation can result in improper Liquidity Extension use,Partial observation windows use auctionAverageLookback as the denominator even when only count observations exist.,"Before the observation ring is full, getPegDeltaFrequency underestimates peg delta frequency and feeds an inaccurate realBurnBudget calculation.",Use count as the denominator while count is less than auctionAverageLookback.,Web3Bugs report 59.md; Code4rena report; GitHub issue 294; AuctionBurnReserveSkew.sol,yes,,other-logical-bug,NA,not_applicable,NA-not-MVSI,NA-not-MVSI,"invariant=A moving average over observed peg deltas must divide by the number of valid observations, not by unfilled lookback capacity. | entities=count, auctionAverageLookback, pegObservations, realBurnBudget | primary=count valid observations | counterpart=auctionAverageLookback denominator | desync=getPegDeltaFrequency consumes a fixed lookback denominator without synchronizing it to the shorter valid observation count. | sink=accounting | impact=loss | attacker=unprivileged | label_notes=Strict re-audit: denominator/count bug is reducible to arithmetic/formula error, not MV-SI. | strict_match=Not in MV-SI recall denominator."
59,59src,WEB3BUGS-59-H-05,Code4rena,High,S6-4,2022-02-14,https://github.com/code-423n4/2021-11-malt-findings/issues/268,2021-11-malt#h-05,2021-11-malt,H-05,malt,AuctionEschapeHatch.sol#exitEarly updates state of the auction wrongly,"exitEarly subtracts penalty-adjusted maltQuantity but full amount commitment, corrupting the userMaltPurchased/userCommitment ratio.","A user splits profitable early exits so the ratio rises after each exit, reducing penalties and leaving commitment that can later claim arbitrage.",Redesign auction participation accounting so all proportional fields are updated consistently.,Web3Bugs report 59.md; Code4rena report; GitHub issue 268; AuctionEscapeHatch.sol; Auction.sol,yes,"sheet=59src | row=4 | abl=B0 | type=FP | finding=[single_var_cross_tx] idToAuction  tx-set -> claimArbitrage(uint256), purchaseArbitrageTokens(uint256)   • write  contracts/Auction.sol:843  (Auction.('allocateArbRewards', ['uint256'], ['uint256']))   • write  contracts/Auction.sol:197  (Auction.('purchaseArbitrageTokens', ['uint256'], []))   • read  contracts/Auction.sol:640  (Auction.('_finalizeAuction', ['uint256'], []))   • read  contracts/Auction.sol:859  (Auction.('allocateArbRewards', ['uint256'], ['uint256'])) | report= | comments=Adjacent to [H-05], but not distinct or zero-day in and of itself. If this was a multi-var report with a few additional specs, this could be a new bug || sheet=59src | row=80 | abl=B1 | type=FP | finding=[single_var_cross_tx] idToAuction  tx-set -> claimArbitrage(uint256), purchaseArbitrageTokens(uint256)   • write  contracts/Auction.sol:198  (Auction.('purchaseArbitrageTokens', ['uint256'], []))   • read  contracts/Auction.sol:221  (Auction.('claimArbitrage', ['uint256'], [])) | report= | comments=Adjacent to [H-05], but not distinct or zero-day in and of itself. If this was a multi-var report with a few additional specs, this could be a new bug || sheet=59src | row=172 | abl=B2 | type=FP | finding=[single_var_cross_tx] idToAuction  tx-set -> claimArbitrage(uint256), purchaseArbitrageTokens(uint256)   • write  contracts/Auction.sol:197  (Auction.('purchaseArbitrageTokens', ['uint256'], []))   • read  contracts/Auction.sol:221  (Auction.('claimArbitrage', ['uint256'], [])) | report= | comments=Adjacent to [H-05], but not distinct or zero-day in and of itself. If this was a multi-var report with a few additional specs, this could be a new bug || sheet=59src | row=226 | abl=B3 | type=FP | finding=[single_var_cross_tx] idToAuction  tx-set -> claimArbitrage(uint256), purchaseArbitrageTokens(uint256)   • write  contracts/Auction.sol:192  (Auction.('purchaseArbitrageTokens', ['uint256'], []))   • read  contracts/Auction.sol:221  (Auction.('claimArbitrage', ['uint256'], [])) | report= | comments=Adjacent to [H-05], but not distinct or zero-day in and of itself. If this was a multi-var report with a few additional specs, this could be a new bug || sheet=59src | row=314 | abl=B6 | type=FP | finding=[single_var_cross_tx] idToAuction  tx-set -> claimArbitrage(uint256), purchaseArbitrageTokens(uint256)   • write  contracts/Auction.sol:198  (Auction.('purchaseArbitrageTokens', ['uint256'], []))   • read  contracts/Auction.sol:221  (Auction.('claimArbitrage', ['uint256'], [])) | report= | comments=Adjacent to [H-05], but not distinct or zero-day in and of itself. If this was a multi-var report with a few additional specs, this could be a new bug",MV-SI,Type-II-asset-utility,no,NA-no-strict-B0-match,FN7-bucket-adjacent-not-strict,"invariant=A participant's remaining commitment and remaining purchased Malt must decrease proportionally when an early exit consumes auction position. | entities=userCommitment, userMaltPurchased, maltQuantity, amount | primary=userCommitment | counterpart=userMaltPurchased | desync=exitEarly/amendAccountParticipation updates commitment by full amount while updating Malt purchased by a penalty-adjusted amount. | sink=accounting | impact=overpayment | attacker=unprivileged | label_notes=Clear multi-variable accounting desynchronization. | strict_match=B0 row 4 is adjacent and marked FP; it does not represent the exitEarly auction-state desynchronization."
59,59src,WEB3BUGS-59-M-01,Code4rena,Medium,NA,2022-02-14,https://github.com/code-423n4/2021-11-malt-findings/issues/125,2021-11-malt#m-01,2021-11-malt,M-01,malt,TIMELOCK_ROLE Has Absolute Power to Withdraw All FUND May Raise Red Flags for Investors,TIMELOCK_ROLE can emergency-withdraw all funds from protocol contracts.,A timelock-role holder can route funds to arbitrary destinations through emergency withdrawal functions.,"Disclose or constrain emergency withdrawal powers, preferably via pause-only controls or hardcoded/multisig destinations.",Web3Bugs report 59.md; Code4rena report; GitHub issue 125; Permissions.sol,yes,,other-logical-bug,NA,not_applicable,NA-not-MVSI,NA-not-MVSI,"invariant=Emergency controls should not allow unilateral arbitrary fund withdrawal beyond disclosed trust assumptions. | entities=TIMELOCK_ROLE, emergencyWithdraw destinations, protocol balances | primary=TIMELOCK_ROLE | counterpart=protocol balances | desync=Privileged emergency withdrawal consumes role authority to transfer all funds. | sink=transfer | impact=loss | attacker=privileged | label_notes=GitHub issue carried a duplicate label, but the final C4 report and judge note explicitly kept it distinct from H-01. | strict_match=Not in MV-SI recall denominator."
59,59src,WEB3BUGS-59-M-02,Code4rena,Medium,NA,2022-02-14,https://github.com/code-423n4/2021-11-malt-findings/issues/219,2021-11-malt#m-02,2021-11-malt,M-02,malt,Frontrunning in UniswapHandler calls to UniswapV2Router,UniswapHandler passes zero minimum output for swaps and liquidity removal.,Mempool attackers sandwich guaranteed trades to extract value from protocol calls using UniswapHandler.,Add slippage bounds for swaps and removeLiquidity operations.,Web3Bugs report 59.md; Code4rena report; GitHub issue 219; UniswapHandler.sol,yes,,other-logical-bug,NA,not_applicable,NA-not-MVSI,NA-not-MVSI,"invariant=Protocol swaps should enforce minimum received amounts against adverse price movement. | entities=amountOutMin, AMM reserves, UniswapHandler swap inputs | primary=amountOutMin | counterpart=AMM execution price | external_proxy=UniswapV2 reserves | desync=swap and removeLiquidity use zero minimums, allowing sandwich execution at manipulated prices. | sink=transfer | impact=loss | attacker=unprivileged | label_notes=MEV/slippage bug rather than stale coupled state. | strict_match=Not in MV-SI recall denominator."
59,59src,WEB3BUGS-59-M-03,Code4rena,Medium,NA,2022-02-14,https://github.com/code-423n4/2021-11-malt-findings/issues/285,2021-11-malt#m-03,2021-11-malt,M-03,malt,AbstractRewardMine.sol#setRewardToken is dangerous,Changing rewardToken resets reward accounting expectations while accumulated stake padding remains from the old token context.,Admin changes rewardToken; totalDeclaredReward may become zero while _userStakePadding and _globalStakePadding still affect reward share calculations.,Remove setRewardToken or make reward token immutable; otherwise migrate/reset accounting consistently.,Web3Bugs report 59.md; Code4rena report; GitHub issue 285; AbstractRewardMine.sol; README reward docs,yes,,MV-SI,Type-II-asset-utility,no,NA-no-strict-B0-match,FN0-no-same-finding-tag-row,"invariant=Reward token identity and accumulated stake padding must refer to the same reward accounting domain. | entities=rewardToken, totalDeclaredReward, _userStakePadding, _globalStakePadding | primary=rewardToken | counterpart=stake padding variables | desync=setRewardToken updates token identity without synchronizing accumulated padding and declared-reward state. | sink=accounting | impact=loss | attacker=privileged | label_notes=Privileged path, but the vulnerability is the unsynchronized reward-accounting state. | strict_match=No same-finding MV-Bench row was found for setRewardToken/reward mine accounting."
59,59src,WEB3BUGS-59-M-04,Code4rena,Medium,NA,2022-02-14,https://github.com/code-423n4/2021-11-malt-findings/issues/124,2021-11-malt#m-04,2021-11-malt,M-04,malt,The Power Structure is Too Centralized And Protocol May Break If Anything Happen to Admin,"Protocol roles are heavily admin-managed, creating operational and malicious-admin risk.","If the admin is unavailable or malicious, many protocol roles and functions can break or be abused.",Transfer administration to multisig or DAO and reduce unnecessary privileged roles.,Web3Bugs report 59.md; Code4rena report; GitHub issue 124; role-managed contracts,yes,,other-logical-bug,NA,not_applicable,NA-not-MVSI,NA-not-MVSI,"invariant=Protocol operation should not depend on a single admin for broad role management. | entities=ADMIN_ROLE, protocol role assignments | primary=ADMIN_ROLE | counterpart=dependent protocol roles | desync=Centralized admin controls role configuration across many contracts. | sink=access-control | impact=governance | attacker=privileged | label_notes=Trust/centralization finding, not a state-desynchronization bug. | strict_match=Not in MV-SI recall denominator."
59,59src,WEB3BUGS-59-M-05,Code4rena,Medium,NA,2022-02-14,https://github.com/code-423n4/2021-11-malt-findings/issues/195,2021-11-malt#m-05,2021-11-malt,M-05,malt,_notSameBlock() can be circumvented in bondToAccount(),"The same-block guard tracks msg.sender, but bondToAccount can be called through different intermediary contracts.",An attacker uses different forwarding contracts so each call has a different msg.sender and bypasses the intended same-block guard.,Add access control to bondToAccount or redesign the guard around the protected logical actor/action.,Web3Bugs report 59.md; Code4rena report; GitHub issue 195; Bonding.sol; Permissions.sol,yes,,other-logical-bug,NA,not_applicable,NA-not-MVSI,NA-not-MVSI,"invariant=Same-block action restrictions should bind to the intended logical actor, not only the immediate caller when forwarding is allowed. | entities=lastBlock[msg.sender], logical account, bondToAccount caller | primary=lastBlock[msg.sender] | counterpart=logical end user/account | external_proxy=forwarder contract address | desync=bondToAccount consumes per-sender guard state while allowing the sender identity to be changed through forwarding contracts. | sink=branch | impact=other | attacker=unprivileged | label_notes=Guard-bypass/reentrancy-pattern issue; not labeled MV-SI. | strict_match=Not in MV-SI recall denominator."
59,59src,WEB3BUGS-59-M-06,Code4rena,Medium,NA,2022-02-14,https://github.com/code-423n4/2021-11-malt-findings/issues/333,2021-11-malt#m-06,2021-11-malt,M-06,malt,AbstractRewardMine - Re-entrancy attack during withdrawal,_withdraw transfers reward tokens before updating _userWithdrawn and _globalWithdrawn.,A token with transfer hooks re-enters withdrawal while earned still observes old withdrawn state and drains rewards.,Apply checks-effects-interactions by updating withdrawn accounting before transfer.,Web3Bugs report 59.md; Code4rena report; GitHub issue 333; AbstractRewardMine.sol,yes,,other-logical-bug,NA,not_applicable,NA-not-MVSI,NA-not-MVSI,"invariant=Withdrawn accounting must be advanced before external token transfer can re-enter reward withdrawal. | entities=_userWithdrawn, _globalWithdrawn, rewardToken transfer | primary=_userWithdrawn | counterpart=rewardToken transfer callback | external_proxy=hook-enabled reward token | desync=_withdraw performs external transfer before synchronizing withdrawn accounting. | sink=external-call | impact=loss | attacker=unprivileged | label_notes=Reentrancy-rooted issue; MV-SI litmus excludes bugs reducible to reentrancy. | strict_match=Not in MV-SI recall denominator."
59,59src,WEB3BUGS-59-M-07,Code4rena,Medium,NA,2022-02-14,https://github.com/code-423n4/2021-11-malt-findings/issues/313,2021-11-malt#m-07,2021-11-malt,M-07,malt,MovingAverage.setSampleMemory may break exchangeRate in StabilizerNode.stabilize,"setSampleMemory changes sampleMemory without properly repositioning samples, counter, and active sample state.","After an admin changes sampleMemory, getValueWithLookback can read mispositioned samples, return near-zero or revert, and distort stabilize exchangeRate.",Remove setSampleMemory or fully migrate ring-buffer indexes and active samples.,Web3Bugs report 59.md; Code4rena report; GitHub issue 313; MovingAverage.sol; StabilizerNode.sol,yes,,MV-SI,Type-I-temporal-checkpoint,no,NA-no-strict-B0-match,FN0-no-same-finding-tag-row,"invariant=Moving-average sample capacity, active samples, and counter position must describe the same ring-buffer history. | entities=sampleMemory, samples, counter, activeSamples, exchangeRate | primary=sampleMemory | counterpart=counter and samples | desync=setSampleMemory updates capacity without synchronizing ring-buffer position and active sample history. | sink=accounting | impact=loss | attacker=privileged | label_notes=Admin-triggered but semantic defect is stale moving-average buffer state. | strict_match=No same-finding MV-Bench row was found for sampleMemory/exchangeRate desynchronization."
59,59src,WEB3BUGS-59-M-08,Code4rena,Medium,NA,2022-02-14,https://github.com/code-423n4/2021-11-malt-findings/issues/252,2021-11-malt#m-08,2021-11-malt,M-08,malt,_getFirstSample returns wrong sample if count < sampleMemory,_getFirstSample assumes the samples ring buffer has wrapped and returns counter+1 even when early slots are still valid.,"Before the buffer fills, TWAP computation reads a zero-initialized sample and returns an incorrect average.","Return index 0 when counter+1 is still less than sampleMemory, or otherwise track valid sample count.",Web3Bugs report 59.md; Code4rena report; GitHub issue 252; MovingAverage.sol,yes,"sheet=59src | row=73 | abl=B1 | type=TP | finding=[multi_var_cross_contract] idToAuction, samples, counter  tx-set -> consult(uint256), realValueOfLPToken(uint256)   • write  contracts/MovingAverage.sol:208  (MovingAverage.('update', ['uint256'], []))   • write  contracts/Auction.sol:772  (Auction.('_resetAuctionMaxCommitments', [], []))   • read  contracts/Auction.sol:640  (Auction.('_finalizeAuction', ['uint256'], []))   • read  contracts/MovingAverage.sol:291  (MovingAverage.('updateCumulative', ['uint256'], [])) | report= | comments=[M-08] || sheet=59src | row=74 | abl=B1 | type=TP | finding=[multi_var_cross_contract] idToAuction, samples, counter  tx-set -> realValueOfLPToken(uint256)   • write  contracts/MovingAverage.sol:310  (MovingAverage.('updateCumulative', ['uint256'], []))   • write  contracts/Auction.sol:772  (Auction.('_resetAuctionMaxCommitments', [], []))   • read  contracts/Auction.sol:859  (Auction.('allocateArbRewards', ['uint256'], ['uint256']))   • read  contracts/MovingAverage.sol:294  (MovingAverage.('updateCumulative', ['uint256'], [])) | report= | comments=[M-08] || sheet=59src | row=283 | abl=B3 | type=TP | finding=[multi_var_cross_contract] samples, counter  tx-set -> addLiquidity()   • write  contracts/MovingAverage.sol:296  (MovingAverage.('updateCumulative', ['uint256'], []))   • write  contracts/MovingAverage.sol:310  (MovingAverage.('updateCumulative', ['uint256'], []))   • read  contracts/MovingAverage.sol:291  (MovingAverage.('updateCumulative', ['uint256'], []))   • read  contracts/MovingAverage.sol:303  (MovingAverage.('updateCumulative', ['uint256'], [])) | report= | comments=[M-08]",other-logical-bug,NA,not_applicable,NA-not-MVSI,NA-not-MVSI,"invariant=The first sample used for TWAP must be synchronized with whether the ring buffer has wrapped. | entities=counter, sampleMemory, samples, valid sample count | primary=valid sample count | counterpart=counter-derived first sample | desync=_getFirstSample consumes counter/sampleMemory without checking that the buffer has wrapped or all samples are valid. | sink=accounting | impact=loss | attacker=unprivileged | label_notes=Strict MV/SV re-audit: read-side ring-buffer index/formula bug. It reads the wrong sample before wraparound, but the source does not establish an execution path that updates one state constituent while leaving a required counterpart stale; not SV-SI either because it is not same-variable stale state. | strict_match=Not in MV-SI recall denominator."
59,59src,WEB3BUGS-59-M-09,Code4rena,Medium,NA,2022-02-14,https://github.com/code-423n4/2021-11-malt-findings/issues/255,2021-11-malt#m-09,2021-11-malt,M-09,malt,UniswapHandler.maltMarketPrice returns wrong decimals,maltMarketPrice computes price in rewardDecimals but returns maltDecimals in one branch.,Callers may scale the returned price incorrectly if they rely on the decimals return value.,Return rewardDecimals for the rewardDecimals < maltDecimals branch.,Web3Bugs report 59.md; Code4rena report; GitHub issue 255; UniswapHandler.sol,yes,,other-logical-bug,NA,not_applicable,NA-not-MVSI,NA-not-MVSI,"invariant=A price value and its returned decimals metadata must use the same unit scale. | entities=price, decimals, rewardDecimals, maltDecimals | primary=price | counterpart=decimals | external_proxy=Uniswap reserves | desync=maltMarketPrice returns a decimals counterpart that does not match the computed price scale. | sink=accounting | impact=accounting | attacker=unprivileged | label_notes=Unit metadata mismatch; not a persistent state synchronization issue. | strict_match=Not in MV-SI recall denominator."
59,59src,WEB3BUGS-59-M-10,Code4rena,Medium,NA,2022-02-14,https://github.com/code-423n4/2021-11-malt-findings/issues/88,2021-11-malt#m-10,2021-11-malt,M-10,malt,AuctionParticipant.sol setReplenishingIndex mistake could freeze unclaimed tokens,"Admin can set replenishingIndex too high and cannot lower it, skipping auctions with unclaimed tokens.",A mistaken or malicious index increase strands claimable auction tokens below the new replenishingIndex.,Remove or constrain the setter; advance one index at a time only after proving prior auctions are fully claimed.,Web3Bugs report 59.md; Code4rena report; GitHub issue 88; AuctionParticipant.sol,yes,,MV-SI,Type-II-asset-utility,no,NA-no-strict-B0-match,FN0-no-same-finding-tag-row,"invariant=replenishingIndex must not advance past auctionIds that still have claimable participant rewards. | entities=replenishingIndex, auctionIds, unclaimed auction tokens | primary=auctionIds with claimable tokens | counterpart=replenishingIndex | desync=setReplenishingIndex updates the cursor without synchronizing against claimable-token state for earlier auctions. | sink=reward | impact=DoS | attacker=privileged | label_notes=Cursor/reward-state desynchronization. | strict_match=No same-finding MV-Bench row was found for replenishingIndex/unclaimed-token freeze."
59,59src,WEB3BUGS-59-M-11,Code4rena,Medium,NA,2022-02-14,https://github.com/code-423n4/2021-11-malt-findings/issues/190,2021-11-malt#m-11,2021-11-malt,M-11,malt,No max for advanceIncentive,DAO admin can set advanceIncentive to an arbitrarily large value.,"advance then mints an excessive incentive amount to callers, enabling dilution or rug-pull behavior.",Enforce a reasonable maximum advanceIncentive.,Web3Bugs report 59.md; Code4rena report; GitHub issue 190; DAO.sol,yes,,other-logical-bug,NA,not_applicable,NA-not-MVSI,NA-not-MVSI,"invariant=Mint incentives should be bounded by protocol economics. | entities=advanceIncentive, mint amount | primary=advanceIncentive | counterpart=DAO.advance mint amount | desync=setAdvanceIncentive sets an unbounded value later consumed by advance. | sink=mint | impact=overmint | attacker=privileged | label_notes=Parameter-bound/admin-privilege bug. | strict_match=Not in MV-SI recall denominator."
59,59src,WEB3BUGS-59-M-12,Code4rena,Medium,NA,2022-02-14,https://github.com/code-423n4/2021-11-malt-findings/issues/329,2021-11-malt#m-12,2021-11-malt,M-12,malt,Permissions - return values not checked when sending ETH,Permissions uses low-level call for ETH transfer without checking success.,Emergency ETH withdrawal can appear successful while the destination call failed.,Check the bool return value and revert on failed calls.,Web3Bugs report 59.md; Code4rena report; GitHub issue 329; Permissions.sol,yes,,other-logical-bug,NA,not_applicable,NA-not-MVSI,NA-not-MVSI,"invariant=Emergency ETH withdrawal state should reflect whether ETH transfer actually succeeded. | entities=ETH balance, low-level call success | primary=low-level call result | counterpart=withdrawal operation success | external_proxy=destination contract receive behavior | desync=emergencyWithdrawGAS and partialWithdrawGAS ignore call return values. | sink=external-call | impact=DoS | attacker=privileged | label_notes=Unchecked-call bug. | strict_match=Not in MV-SI recall denominator."
59,59src,WEB3BUGS-59-M-13,Code4rena,Medium,NA,2022-02-14,https://github.com/code-423n4/2021-11-malt-findings/issues/4,2021-11-malt#m-13,2021-11-malt,M-13,malt,Reducing the epoch length results in leaking value from advancement incentives,"DAO computes epoch eligibility from genesis timestamp and current epochLength, with no checkpoint for previous epoch lengths.","After admin reduces epochLength, advance can be called repeatedly to mint unnecessary incentives for epochs the old schedule already covered.",Store last epoch-length modification time or checkpoint epoch schedule when changing epochLength.,Web3Bugs report 59.md; Code4rena report; GitHub issue 4; DAO.sol,yes,,MV-SI,Type-I-temporal-checkpoint,no,NA-no-strict-B0-match,FN0-no-same-finding-tag-row,"invariant=Epoch number, epoch length, and elapsed-time checkpoint must describe the same epoch schedule before minting advance incentives. | entities=epoch, epochLength, genesis timestamp, advanceIncentive | primary=epoch schedule checkpoint | counterpart=epochLength | external_proxy=block.timestamp | desync=setEpochLength updates epochLength without synchronizing the schedule baseline used by advance. | sink=mint | impact=overmint | attacker=privileged | label_notes=Temporal checkpoint desynchronization. | strict_match=No same-finding MV-Bench row was found for epoch-length/advancement incentive leakage."
59,59src,WEB3BUGS-59-M-14,Code4rena,Medium,NA,2022-02-14,https://github.com/code-423n4/2021-11-malt-findings/issues/250,2021-11-malt#m-14,2021-11-malt,M-14,malt,Wrong permissions on reassignGlobalAdmin,reassignGlobalAdmin requires TIMELOCK_ROLE but revokeRole also requires the caller to have ADMIN_ROLE.,"If the timelock only has TIMELOCK_ROLE, global admin reassignment reverts and role migration can be locked out.",Align role admin requirements with the intended caller or ensure timelock has the required admin role.,Web3Bugs report 59.md; Code4rena report; GitHub issue 250; Permissions.sol,yes,,other-logical-bug,NA,not_applicable,NA-not-MVSI,NA-not-MVSI,"invariant=The role authorized to call reassignGlobalAdmin must also be authorized to perform the underlying role revocations. | entities=TIMELOCK_ROLE, ADMIN_ROLE, role admin mapping | primary=role admin mapping | counterpart=reassignGlobalAdmin caller role | desync=Function gates on TIMELOCK_ROLE while internal AccessControl operations require ADMIN_ROLE. | sink=access-control | impact=governance | attacker=privileged | label_notes=Access-control role configuration bug. | strict_match=Not in MV-SI recall denominator."
59,59src,WEB3BUGS-59-M-15,Code4rena,Medium,NA,2022-02-14,https://github.com/code-423n4/2021-11-malt-findings/issues/251,2021-11-malt#m-15,2021-11-malt,M-15,malt,Bonding does not work with fee-on transfer tokens,Bonding assumes amount transferred equals amount received for stake tokens.,A fee-on-transfer stake token makes _balanceCheck fail because the contract receives less than amount.,Measure balance before and after transfer and use the actual received amount.,Web3Bugs report 59.md; Code4rena report; GitHub issue 251; Bonding.sol,yes,,other-logical-bug,NA,not_applicable,NA-not-MVSI,NA-not-MVSI,"invariant=Bonded accounting should use actual tokens received when token transfer semantics can reduce receipts. | entities=requested amount, actual received balance, bonded amount | primary=actual received balance | counterpart=requested amount | external_proxy=fee-on-transfer token behavior | desync=_bond consumes requested amount as if it matched balance delta. | sink=accounting | impact=DoS | attacker=unprivileged | label_notes=ERC20 integration/fee-on-transfer compatibility issue. | strict_match=Not in MV-SI recall denominator."
59,59src,WEB3BUGS-59-M-16,Code4rena,Medium,NA,2022-02-14,https://github.com/code-423n4/2021-11-malt-findings/issues/56,2021-11-malt#m-16,2021-11-malt,M-16,malt,theft of system profit,Above-peg stabilization can be sandwiched so an attacker extracts value that would otherwise become system profit.,"Attacker sells Malt to move price, calls stabilize to push price lower, then buys back cheaper and repays flash-loaned Malt.",Consider stabilization during above-peg sells or redesign to reduce sandwichable profit extraction.,Web3Bugs report 59.md; Code4rena report; GitHub issue 56; PoolTransferVerification.sol; StabilizerNode.sol,yes,,other-logical-bug,NA,not_applicable,NA-not-MVSI,NA-not-MVSI,"invariant=Above-peg system-profit capture should not be externally sandwichable at LP/user expense. | entities=Malt AMM price, stabilize trade, system profit | primary=system profit mechanism | counterpart=AMM execution price | external_proxy=UniswapV2 reserves | desync=Attacker manipulates AMM price around stabilize execution. | sink=transfer | impact=loss | attacker=unprivileged | label_notes=MEV/price-manipulation issue; not labeled MV-SI. | strict_match=Not in MV-SI recall denominator."
59,59src,WEB3BUGS-59-M-17,Code4rena,Medium,NA,2022-02-14,https://github.com/code-423n4/2021-11-malt-findings/issues/227,2021-11-malt#m-17,2021-11-malt,M-17,malt,Auction collateralToken will not work if token is fee-on-transfer token,Auction passes realCommitment to LiquidityExtension even if a fee-on-transfer collateral token delivers less than that amount.,purchaseAndBurn reverts because LiquidityExtension balance is below the amount parameter after transfer fees.,Use before/after balance deltas and pass actual received collateral to purchaseAndBurn.,Web3Bugs report 59.md; Code4rena report; GitHub issue 227; Auction.sol; LiquidityExtension.sol,yes,,other-logical-bug,NA,not_applicable,NA-not-MVSI,NA-not-MVSI,"invariant=Auction commitment accounting should use actual collateral received when transfer semantics reduce receipts. | entities=realCommitment, LiquidityExtension collateral balance, purchaseAndBurn amount | primary=actual collateral received | counterpart=realCommitment | external_proxy=fee-on-transfer collateral token behavior | desync=purchaseArbitrageTokens forwards nominal commitment without synchronizing to the LiquidityExtension balance delta. | sink=accounting | impact=DoS | attacker=unprivileged | label_notes=ERC20 integration/fee-on-transfer compatibility issue. | strict_match=Not in MV-SI recall denominator."
59,59src,WEB3BUGS-59-M-18,Code4rena,Medium,NA,2022-02-14,https://github.com/code-423n4/2021-11-malt-findings/issues/87,2021-11-malt#m-18,2021-11-malt,M-18,malt,AuctionParticipant.sol purchaseArbitrageTokens should not push duplicate auctions,"AuctionParticipant appends currentAuction to auctionIds on every purchase, allowing duplicate auction IDs.","Duplicate IDs cause claim/replenishingIndex logic to encounter repeated auctions with no additional yield, breaking incentive claims without manual intervention.","Prevent duplicate auction IDs, e.g. by using a mapping or membership check.",Web3Bugs report 59.md; Code4rena report; GitHub issue 87; AuctionParticipant.sol,yes,,MV-SI,Type-II-asset-utility,no,NA-no-strict-B0-match,FN0-no-same-finding-tag-row,"invariant=auctionIds and replenishingIndex must represent each auction with claimable participant state exactly once. | entities=auctionIds, currentAuction, replenishingIndex, claimable yield | primary=auctionIds | counterpart=replenishingIndex | desync=purchaseArbitrageTokens updates auctionIds without synchronizing against existing membership for the current auction. | sink=reward | impact=DoS | attacker=unprivileged | label_notes=Duplicate index/cursor desynchronization. | strict_match=No same-finding MV-Bench row was found for duplicate auction participation state."
59,59src,WEB3BUGS-59-M-19,Code4rena,Medium,NA,2022-02-14,https://github.com/code-423n4/2021-11-malt-findings/issues/370,2021-11-malt#m-19,2021-11-malt,M-19,malt,MiningService.setBonding should use BONDING role instead of REINVESTOR one,setBonding swaps REINVESTOR_ROLE instead of BONDING_ROLE.,"After changing bonding, BONDING_ROLE remains unmanaged or assigned incorrectly, breaking intended role access.",Swap BONDING_ROLE in setBonding.,Web3Bugs report 59.md; Code4rena report; GitHub issue 370; MiningService.sol,yes,,other-logical-bug,NA,not_applicable,NA-not-MVSI,NA-not-MVSI,"invariant=The bonding address setter must update the bonding role, not an unrelated reinvestor role. | entities=bonding address, BONDING_ROLE, REINVESTOR_ROLE | primary=bonding address | counterpart=BONDING_ROLE | desync=setBonding updates bonding but synchronizes the wrong role constant. | sink=access-control | impact=DoS | attacker=privileged | label_notes=Wrong-role configuration bug. | strict_match=Not in MV-SI recall denominator."
59,59src,WEB3BUGS-59-M-20,Code4rena,Medium,NA,2022-02-14,https://github.com/code-423n4/2021-11-malt-findings/issues/188,2021-11-malt#m-20,2021-11-malt,M-20,malt,Users Can Contribute To An Auction Without Directly Committing Collateral Tokens,purchaseArbitrageTokens separates realCommitment accounting from collateral already sent to LiquidityExtension.,"A user directly sends collateral to LiquidityExtension, calls purchaseArbitrageTokens with amount zero, and receives purchased Malt effects without commitment cap accounting.",Require nonzero realCommitment and base auction accounting on actual committed collateral flow.,Web3Bugs report 59.md; Code4rena report; GitHub issue 188; Auction.sol; LiquidityExtension.sol,yes,"sheet=59src | row=68 | abl=B1 | type=TP | finding=[single_var_cross_tx] idToAuction  tx-set -> purchaseArbitrageTokens(uint256), realValueOfLPToken(uint256)   • write  contracts/Auction.sol:772  (Auction.('_resetAuctionMaxCommitments', [], []))   • write  contracts/Auction.sol:198  (Auction.('purchaseArbitrageTokens', ['uint256'], []))   • read  contracts/Auction.sol:186  (Auction.('purchaseArbitrageTokens', ['uint256'], []))   • read  contracts/Auction.sol:859  (Auction.('allocateArbRewards', ['uint256'], ['uint256'])) | report= | comments=[M-20], [L-13] || sheet=59src | row=106 | abl=B1 | type=TP | finding=[single_var_cross_tx] idToAuction  tx-set -> averageMaltPrice(uint256), consult(uint256)   • write  contracts/Auction.sol:643  (Auction.('_finalizeAuction', ['uint256'], []))   • read  contracts/Auction.sol:335  (Auction.('averageMaltPrice', ['uint256'], ['uint256'])) | report= | comments=[M-20]",MV-SI,Type-II-asset-utility,no,NA-no-strict-B0-match,FN1-same-finding-tag-not-in-B0,"invariant=Auction purchased Malt, commitment caps, and participant commitments must be synchronized to the same collateral contribution. | entities=realCommitment, auction.commitments, LiquidityExtension collateral balance, maltPurchased | primary=auction.commitments | counterpart=LiquidityExtension collateral balance | external_proxy=ERC20 collateral balance | desync=Direct token transfer updates LiquidityExtension balance without synchronizing auction commitment accounting. | sink=accounting | impact=overmint | attacker=unprivileged | label_notes=Strict MV/SV re-audit: retained as MV-SI based on the accepted report framing: external collateral balance/purchase result is consumed without synchronizing auction commitment/cap accounting. Local code path is worth later adjudication during matching, but label is from known-finding evidence. | strict_match=Same finding appears only in non-B0 ablations B1 rows 68 and 106; no strict B0 bucket."
59,59src,WEB3BUGS-59-M-21,Code4rena,Medium,NA,2022-02-14,https://github.com/code-423n4/2021-11-malt-findings/issues/191,2021-11-malt#m-21,2021-11-malt,M-21,malt,StabilizerNode Will Mint An Incentive For Triggering An Auction Even If An Auction Exists Already,StabilizerNode and Auction use auctionActive and auctionExists inconsistently.,"When an inactive auction exists, stabilize rewards the caller even though triggerAuction returns without starting a new auction.",Use auctionExists and auctionActive consistently before minting the auction-trigger incentive.,Web3Bugs report 59.md; Code4rena report; GitHub issue 191; StabilizerNode.sol; Auction.sol,yes,"sheet=59src | row=62 | abl=B1 | type=TP | finding=[single_var_cross_tx] idToAuction  tx-set -> auctionActive(uint256), realValueOfLPToken(uint256)   • write  contracts/Auction.sol:772  (Auction.('_resetAuctionMaxCommitments', [], []))   • read  contracts/Auction.sol:269  (Auction.('auctionActive', ['uint256'], ['bool'])) | report= | comments=[M-21] || sheet=59src | row=64 | abl=B1 | type=TP | finding=[single_var_cross_tx] idToAuction  tx-set -> auctionExists(uint256), realValueOfLPToken(uint256)   • write  contracts/Auction.sol:772  (Auction.('_resetAuctionMaxCommitments', [], []))   • read  contracts/Auction.sol:383  (Auction.('auctionExists', ['uint256'], ['bool'])) | report= | comments=[M-21] || sheet=59src | row=101 | abl=B1 | type=TP | finding=[single_var_cross_tx] idToAuction  tx-set -> auctionExists(uint256), consult(uint256)   • write  contracts/Auction.sol:643  (Auction.('_finalizeAuction', ['uint256'], []))   • read  contracts/Auction.sol:383  (Auction.('auctionExists', ['uint256'], ['bool'])) | report= | comments=[M-21]",other-logical-bug,NA,not_applicable,NA-not-MVSI,NA-not-MVSI,"invariant=Auction-trigger incentives should be minted only when auction existence and active-state checks agree that a new auction was actually triggered. | entities=auctionActive, auctionExists, currentAuction, advance incentive mint | primary=auctionExists | counterpart=auctionActive | desync=stabilize checks active state but triggerAuction consumes existence state and returns without synchronizing reward decision. | sink=mint | impact=overmint | attacker=unprivileged | label_notes=Strict MV/SV re-audit: inconsistent auction lifecycle predicates/reward-before-effect bug. Valid known bug, but better explained as an effect check mismatch than stale coupled-state reaching the mint sink; not SV-SI. | strict_match=Not in MV-SI recall denominator."
59,59src,WEB3BUGS-59-M-22,Code4rena,Medium,NA,2022-02-14,https://github.com/code-423n4/2021-11-malt-findings/issues/215,2021-11-malt#m-22,2021-11-malt,M-22,malt,_calculateMaltRequiredForExit Uses Spot Price To Calculate Malt Quantity In exitEarly,AuctionEscapeHatch uses manipulable spot price from Uniswap reserves to calculate early-exit Malt quantity.,An attacker manipulates spot price with a flash loan and exits auction position on favorable manipulated terms.,Use a TWAP or manipulation-resistant oracle for exit pricing.,Web3Bugs report 59.md; Code4rena report; GitHub issue 215; AuctionEscapeHatch.sol; UniswapHandler.sol,yes,,other-logical-bug,NA,not_applicable,NA-not-MVSI,NA-not-MVSI,"invariant=Auction early-exit pricing should use manipulation-resistant price data. | entities=spot price, auction exit amount, AMM reserves | primary=auction exit amount | counterpart=spot price | external_proxy=UniswapV2 reserves | desync=_calculateMaltRequiredForExit reads spot reserve price directly for an economic payout calculation. | sink=accounting | impact=loss | attacker=unprivileged | label_notes=Oracle/spot-price manipulation issue rather than update omission. | strict_match=Not in MV-SI recall denominator."
59,59src,WEB3BUGS-59-M-23,Code4rena,Medium,NA,2022-02-14,https://github.com/code-423n4/2021-11-malt-findings/issues/228,2021-11-malt#m-23,2021-11-malt,M-23,malt,addLiquidity Does Not Reset Approval If Not All Tokens Were Added To Liquidity Pool,UniswapHandler approves full balances before addLiquidity but does not reset unused approval when router consumes less than the full balance.,Dust approvals accumulate and can cause token compatibility issues or leave stale router allowance.,Reset approval when maltUsed or rewardUsed is less than approved balance.,Web3Bugs report 59.md; Code4rena report; GitHub issue 228; UniswapHandler.sol,yes,,SV-SI,NA,not_applicable,NA-not-MVSI,NA-not-MVSI,"invariant=Router allowance should be synchronized to the actual token amount consumed by addLiquidity. | entities=malt approval, reward approval, maltUsed, rewardUsed, token balances | primary=token balances approved for addLiquidity | counterpart=remaining router allowance | external_proxy=UniswapV2Router allowance state | desync=addLiquidity consumes less than approved amount without synchronizing residual approvals to zero. | sink=external-call | impact=accounting | attacker=unprivileged | label_notes=SV-SI under corrected definition: stale residual ERC20 allowance remains after addLiquidity partially consumes approved tokens; single state entity is the router allowance, and the sink is later token approval/transfer compatibility or external-call behavior. | strict_match=Not in MV-SI recall denominator."
59,59src,WEB3BUGS-59-M-24,Code4rena,Medium,NA,2022-02-14,https://github.com/code-423n4/2021-11-malt-findings/issues/229,2021-11-malt#m-24,2021-11-malt,M-24,malt,_distributeRewards Does Not Reset Approval If Not All Tokens Were Allocated,"StabilizerNode approves Auction for a fixed reward amount before allocateArbRewards, but Auction may allocate less.",Residual token approval accumulates in StabilizerNode and can cause stale allowance or token compatibility issues.,Reset approval when allocated reward is less than the approved rewarded amount.,Web3Bugs report 59.md; Code4rena report; GitHub issue 229; StabilizerNode.sol; Auction.sol,yes,,SV-SI,NA,not_applicable,NA-not-MVSI,NA-not-MVSI,"invariant=Auction reward allowance should equal the amount actually allocated, with no stale residual approval. | entities=rewarded approval, allocateArbRewards consumed amount, StabilizerNode allowance | primary=rewarded amount | counterpart=residual allowance | external_proxy=Auction token allowance state | desync=_distributeRewards approves a fixed amount and fails to synchronize allowance after partial allocation. | sink=external-call | impact=accounting | attacker=unprivileged | label_notes=SV-SI under corrected definition: stale residual rewardToken allowance remains after allocateArbRewards consumes less than the approved amount; single state entity is the Auction allowance, and the sink is later token approval/transfer compatibility or external-call behavior. | strict_match=Not in MV-SI recall denominator."
59,59src,WEB3BUGS-59-M-25,Code4rena,Medium,NA,2022-02-14,https://github.com/code-423n4/2021-11-malt-findings/issues/372,2021-11-malt#m-25,2021-11-malt,M-25,malt,AMM pool can be drained using a flashloan and calling stabilize,StabilizerNode gates stabilization on short TWAP but calculates trade size from directly manipulated AMM reserves.,"Attacker waits for TWAP threshold, flashloan-manipulates pool reserves, calls stabilize, and causes excessive rewardToken removal/distribution.",Use TWAP or manipulation-resistant data for trade-size calculation.,Web3Bugs report 59.md; Code4rena report; GitHub issue 372; StabilizerNode.sol; UniswapHandler.sol,yes,,other-logical-bug,NA,not_applicable,NA-not-MVSI,NA-not-MVSI,"invariant=The stabilization trigger price and trade-size price must be synchronized to manipulation-resistant views of the same pool state. | entities=TWAP exchangeRate, spot AMM reserves, trade size, rewardToken pool balance | primary=TWAP stabilization predicate | counterpart=spot reserve trade-size calculation | external_proxy=UniswapV2 reserves | desync=stabilize checks TWAP but consumes unsynchronized spot reserves for _calculateTradeSize. | sink=accounting | impact=loss | attacker=unprivileged | label_notes=Strict re-audit: spot-price manipulation/oracle-design issue; not an update omission leaving a stale counterpart. | strict_match=Not in MV-SI recall denominator."
59,59src,WEB3BUGS-59-M-26,Code4rena,Medium,NA,2022-02-14,https://github.com/code-423n4/2021-11-malt-findings/issues/375,2021-11-malt#m-26,2021-11-malt,M-26,malt,Dutch auction can be manipulated,Auction finalization only occurs when commitments reach maxCommitments or later stabilize paths run.,"Attacker buys all but one wei of commitment, preventing automatic finalization while auction price continues to fall, then gets a reliable discount.","Incentivize or expose safe finalization, or lock in buyer price at commitment time.",Web3Bugs report 59.md; Code4rena report; GitHub issue 375; Auction.sol; StabilizerNode.sol,yes,"sheet=59src | row=5 | abl=B0 | type=TP | finding=[single_var_cross_tx] idToAuction  tx-set -> currentPrice(uint256), purchaseArbitrageTokens(uint256)   • write  contracts/Auction.sol:197  (Auction.('purchaseArbitrageTokens', ['uint256'], []))   • write  contracts/Auction.sol:589  (Auction.('_endAuction', ['uint256'], []))   • read  contracts/Auction.sol:345  (Auction.('currentPrice', ['uint256'], ['uint256']))   • read  contracts/Auction.sol:859  (Auction.('allocateArbRewards', ['uint256'], ['uint256'])) | report=https://github.com/code-423n4/2021-11-malt-findings/issues/375 | comments=[M-26] || sheet=59src | row=10 | abl=B0 | type=TP | finding=[single_var_cross_tx] idToAuction  tx-set -> isAuctionFinished(uint256), purchaseArbitrageTokens(uint256)   • write  contracts/Auction.sol:197  (Auction.('purchaseArbitrageTokens', ['uint256'], []))   • read  contracts/Auction.sol:263  (Auction.('isAuctionFinished', ['uint256'], ['bool'])) | report=https://github.com/code-423n4/2021-11-malt-findings/issues/375 | comments=[M-26] || sheet=59src | row=43 | abl=B0 | type=TP | finding=[single_var_cross_tx] idToAuction  tx-set -> balanceOfArbTokens(uint256,address), currentPrice(uint256)   • write  contracts/Auction.sol:589  (Auction.('_endAuction', ['uint256'], []))   • read  contracts/Auction.sol:319  (Auction.('balanceOfArbTokens', ['uint256', 'address'], ['uint256'])) | report=https://github.com/code-423n4/2021-11-malt-findings/issues/375 | comments=[M-26] || sheet=59src | row=44 | abl=B0 | type=TP | finding=[single_var_cross_tx] idToAuction  tx-set -> averageMaltPrice(uint256), currentPrice(uint256)   • write  contracts/Auction.sol:589  (Auction.('_endAuction', ['uint256'], []))   • read  contracts/Auction.sol:335  (Auction.('averageMaltPrice', ['uint256'], ['uint256'])) | report=https://github.com/code-423n4/2021-11-malt-findings/issues/375 | comments=[M-26] || sheet=59src | row=45 | abl=B0 | type=TP | finding=[single_var_cross_tx] idToAuction  tx-set -> currentPrice(uint256), getAccountCommitments(address)   • write  contracts/Auction.sol:589  (Auction.('_endAuction', ['uint256'], []))   • read  contracts/Auction.sol:408  (Auction.('getAccountCommitments', ['address'], ['uint256[]', 'uint256[]', 'uint256[]', 'uint256[]', 'uint256[]', 'uint256[]', 'bool[]'])) | report=https://github.com/code-423n4/2021-11-malt-findings/issues/375 | comments=[M-26] || sheet=59src | row=46 | abl=B0 | type=TP | finding=[single_var_cross_tx] idToAuction  tx-set -> currentPrice(uint256), isAuctionFinalized(uint256)   • write  contracts/Auction.sol:589  (Auction.('_endAuction', ['uint256'], []))   • read  contracts/Auction.sol:275  (Auction.('isAuctionFinalized', ['uint256'], ['bool'])) | report=https://github.com/code-423n4/2021-11-malt-findings/issues/375 | comments=[M-26] || sheet=59src | row=47 | abl=B0 | type=TP | finding=[single_var_cross_tx] idToAuction  tx-set -> currentPrice(uint256), getAuctionParticipationForAccount(address,uint256)   • write  contracts/Auction.sol:589  (Auction.('_endAuction', ['uint256'], []))   • read  contracts/Auction.sol:437  (Auction.('getAuctionParticipationForAccount', ['address', 'uint256'], ['uint256', 'uint256', 'uint256'])) | report=https://github.com/code-423n4/2021-11-malt-findings/issues/375 | comments=[M-26] || sheet=59src | row=48 | abl=B0 | type=TP | finding=[single_var_cross_tx] idToAuction  tx-set -> currentPrice(uint256), getAuctionCommitments(uint256)   • write  contracts/Auction.sol:589  (Auction.('_endAuction', ['uint256'], []))   • read  contracts/Auction.sol:371  (Auction.('getAuctionCommitments', ['uint256'], ['uint256', 'uint256'])) | report=https://github.com/code-423n4/2021-11-malt-findings/issues/375 | comments=[M-26] || sheet=59src | row=49 | abl=B0 | type=TP | finding=[single_var_cross_tx] idToAuction  tx-set -> auctionExists(uint256), currentPrice(uint256)   • write  contracts/Auction.sol:589  (Auction.('_endAuction', ['uint256'], []))   • read  contracts/Auction.sol:383  (Auction.('auctionExists', ['uint256'], ['bool'])) | report=https://github.com/code-423n4/2021-11-malt-findings/issues/375 | comments=[M-26] || sheet=59src | row=56 | abl=B0 | type=TP | finding=[single_var_cross_tx] stabilizeWindowEnd  tx-set -> stabilize()   • write  contracts/StabilizerNode.sol:152  (StabilizerNode.('stabilize', [], []))   • read  contracts/StabilizerNode.sol:148  (StabilizerNode.('stabilize', [], [])) | report= | comments=[M-26] || sheet=59src | row=69 | abl=B1 | type=TP | finding=[single_var_cross_tx] idToAuction  tx-set -> currentPrice(uint256), realValueOfLPToken(uint256)   • write  contracts/Auction.sol:772  (Auction.('_resetAuctionMaxCommitments', [], []))   • write  contracts/Auction.sol:589  (Auction.('_endAuction', ['uint256'], []))   • read  contracts/Auction.sol:345  (Auction.('currentPrice', ['uint256'], ['uint256']))   • read  contracts/Auction.sol:859  (Auction.('allocateArbRewards', ['uint256'], ['uint256'])) | report= | comments=[M-26] || sheet=59src | row=78 | abl=B1 | type=TP | finding=[single_var_cross_tx] idToAuction  tx-set -> isAuctionFinished(uint256), purchaseArbitrageTokens(uint256)   • write  contracts/Auction.sol:198  (Auction.('purchaseArbitrageTokens', ['uint256'], []))   • read  contracts/Auction.sol:263  (Auction.('isAuctionFinished', ['uint256'], ['bool'])) | report=https://github.com/code-423n4/2021-11-malt-findings/issues/375 | comments=[M-26] || sheet=59src | row=88 | abl=B1 | type=TP | finding=[single_var_cross_tx] idToAuction  tx-set -> currentPrice(uint256), purchaseArbitrageTokens(uint256)   • write  contracts/Auction.sol:198  (Auction.('purchaseArbitrageTokens', ['uint256'], []))   • write  contracts/Auction.sol:589  (Auction.('_endAuction', ['uint256'], []))   • read  contracts/Auction.sol:186  (Auction.('purchaseArbitrageTokens', ['uint256'], []))   • read  contracts/Auction.sol:345  (Auction.('currentPrice', ['uint256'], ['uint256'])) | report=https://github.com/code-423n4/2021-11-malt-findings/issues/375 | comments=[M-26] || sheet=59src | row=105 | abl=B1 | type=TP | finding=[single_var_cross_tx] idToAuction  tx-set -> consult(uint256), currentPrice(uint256)   • write  contracts/Auction.sol:643  (Auction.('_finalizeAuction', ['uint256'], []))   • write  contracts/Auction.sol:589  (Auction.('_endAuction', ['uint256'], []))   • read  contracts/Auction.sol:345  (Auction.('currentPrice', ['uint256'], ['uint256']))   • read  contracts/Auction.sol:640  (Auction.('_finalizeAuction', ['uint256'], [])) | report= | comments=[M-26] || sheet=59src | row=114 | abl=B1 | type=TP | finding=[single_var_cross_tx] idToAuction  tx-set -> currentPrice(uint256), getAuctionParticipationForAccount(address,uint256)   • write  contracts/Auction.sol:589  (Auction.('_endAuction', ['uint256'], []))   • read  contracts/Auction.sol:437  (Auction.('getAuctionParticipationForAccount', ['address', 'uint256'], ['uint256', 'uint256', 'uint256'])) | report=https://github.com/code-423n4/2021-11-malt-findings/issues/375 | comments=[M-26] || sheet=59src | row=118 | abl=B1 | type=TP | finding=[single_var_cross_tx] idToAuction  tx-set -> auctionExists(uint256), currentPrice(uint256)   • write  contracts/Auction.sol:589  (Auction.('_endAuction', ['uint256'], []))   • read  contracts/Auction.sol:383  (Auction.('auctionExists', ['uint256'], ['bool'])) | report=https://github.com/code-423n4/2021-11-malt-findings/issues/375 | comments=[M-26] || sheet=59src | row=119 | abl=B1 | type=TP | finding=[single_var_cross_tx] idToAuction  tx-set -> currentPrice(uint256), getAuctionCommitments(uint256)   • write  contracts/Auction.sol:589  (Auction.('_endAuction', ['uint256'], []))   • read  contracts/Auction.sol:371  (Auction.('getAuctionCommitments', ['uint256'], ['uint256', 'uint256'])) | report=https://github.com/code-423n4/2021-11-malt-findings/issues/375 | comments=[M-26] || sheet=59src | row=120 | abl=B1 | type=TP | finding=[single_var_cross_tx] idToAuction  tx-set -> balanceOfArbTokens(uint256,address), currentPrice(uint256)   • write  contracts/Auction.sol:589  (Auction.('_endAuction', ['uint256'], []))   • read  contracts/Auction.sol:319  (Auction.('balanceOfArbTokens', ['uint256', 'address'], ['uint256'])) | report=https://github.com/code-423n4/2021-11-malt-findings/issues/375 | comments=[M-26] || sheet=59src | row=121 | abl=B1 | type=TP | finding=[single_var_cross_tx] idToAuction  tx-set -> currentPrice(uint256), isAuctionFinalized(uint256)   • write  contracts/Auction.sol:589  (Auction.('_endAuction', ['uint256'], []))   • read  contracts/Auction.sol:275  (Auction.('isAuctionFinalized', ['uint256'], ['bool'])) | report=https://github.com/code-423n4/2021-11-malt-findings/issues/375 | comments=[M-26] || sheet=59src | row=123 | abl=B1 | type=TP | finding=[single_var_cross_tx] idToAuction  tx-set -> averageMaltPrice(uint256), currentPrice(uint256)   • write  contracts/Auction.sol:589  (Auction.('_endAuction', ['uint256'], []))   • read  contracts/Auction.sol:335  (Auction.('averageMaltPrice', ['uint256'], ['uint256'])) | report=https://github.com/code-423n4/2021-11-malt-findings/issues/375 | comments=[M-26] || sheet=59src | row=128 | abl=B1 | type=TP | finding=[single_var_cross_tx] idToAuction  tx-set -> currentPrice(uint256), getAccountCommitments(address)   • write  contracts/Auction.sol:589  (Auction.('_endAuction', ['uint256'], []))   • read  contracts/Auction.sol:408  (Auction.('getAccountCommitments', ['address'], ['uint256[]', 'uint256[]', 'uint256[]', 'uint256[]', 'uint256[]', 'uint256[]', 'bool[]'])) | report=https://github.com/code-423n4/2021-11-malt-findings/issues/375 | comments=[M-26] || sheet=59src | row=136 | abl=B1 | type=TP | finding=[single_var_cross_tx] stabilizeWindowEnd  tx-set -> stabilize()   • write  contracts/StabilizerNode.sol:152  (StabilizerNode.('stabilize', [], []))   • read  contracts/StabilizerNode.sol:148  (StabilizerNode.('stabilize', [], [])) | report= | comments=[M-26] || sheet=59src | row=157 | abl=B2 | type=TP | finding=[single_var_cross_tx] idToAuction  tx-set -> currentPrice(uint256), purchaseArbitrageTokens(uint256)   • write  contracts/Auction.sol:589  (Auction.('_endAuction', ['uint256'], []))   • write  contracts/Auction.sol:197  (Auction.('purchaseArbitrageTokens', ['uint256'], []))   • read  contracts/Auction.sol:345  (Auction.('currentPrice', ['uint256'], ['uint256']))   • read  contracts/Auction.sol:859  (Auction.('allocateArbRewards', ['uint256'], ['uint256'])) | report=https://github.com/code-423n4/2021-11-malt-findings/issues/375 | comments=[M-26] || sheet=59src | row=158 | abl=B2 | type=TP | finding=[single_var_cross_tx] idToAuction  tx-set -> isAuctionFinished(uint256), purchaseArbitrageTokens(uint256)   • write  contracts/Auction.sol:197  (Auction.('purchaseArbitrageTokens', ['uint256'], []))   • read  contracts/Auction.sol:263  (Auction.('isAuctionFinished', ['uint256'], ['bool'])) | report=https://github.com/code-423n4/2021-11-malt-findings/issues/375 | comments=[M-26] || sheet=59src | row=177 | abl=B2 | type=TP | finding=[single_var_cross_tx] idToAuction  tx-set -> currentPrice(uint256), getAccountCommitments(address)   • write  contracts/Auction.sol:589  (Auction.('_endAuction', ['uint256'], []))   • read  contracts/Auction.sol:408  (Auction.('getAccountCommitments', ['address'], ['uint256[]', 'uint256[]', 'uint256[]', 'uint256[]', 'uint256[]', 'uint256[]', 'bool[]'])) | report=https://github.com/code-423n4/2021-11-malt-findings/issues/375 | comments=[M-26] || sheet=59src | row=178 | abl=B2 | type=TP | finding=[single_var_cross_tx] idToAuction  tx-set -> currentPrice(uint256), isAuctionFinalized(uint256)   • write  contracts/Auction.sol:589  (Auction.('_endAuction', ['uint256'], []))   • read  contracts/Auction.sol:275  (Auction.('isAuctionFinalized', ['uint256'], ['bool'])) | report=https://github.com/code-423n4/2021-11-malt-findings/issues/375 | comments=[M-26] || sheet=59src | row=180 | abl=B2 | type=TP | finding=[single_var_cross_tx] idToAuction  tx-set -> balanceOfArbTokens(uint256,address), currentPrice(uint256)   • write  contracts/Auction.sol:589  (Auction.('_endAuction', ['uint256'], []))   • read  contracts/Auction.sol:319  (Auction.('balanceOfArbTokens', ['uint256', 'address'], ['uint256'])) | report=https://github.com/code-423n4/2021-11-malt-findings/issues/375 | comments=[M-26] || sheet=59src | row=181 | abl=B2 | type=TP | finding=[single_var_cross_tx] idToAuction  tx-set -> averageMaltPrice(uint256), currentPrice(uint256)   • write  contracts/Auction.sol:589  (Auction.('_endAuction', ['uint256'], []))   • read  contracts/Auction.sol:335  (Auction.('averageMaltPrice', ['uint256'], ['uint256'])) | report=https://github.com/code-423n4/2021-11-malt-findings/issues/375 | comments=[M-26] || sheet=59src | row=182 | abl=B2 | type=TP | finding=[single_var_cross_tx] idToAuction  tx-set -> auctionExists(uint256), currentPrice(uint256)   • write  contracts/Auction.sol:589  (Auction.('_endAuction', ['uint256'], []))   • read  contracts/Auction.sol:383  (Auction.('auctionExists', ['uint256'], ['bool'])) | report=https://github.com/code-423n4/2021-11-malt-findings/issues/375 | comments=[M-26] || sheet=59src | row=187 | abl=B2 | type=TP | finding=[single_var_cross_tx] idToAuction  tx-set -> currentPrice(uint256), getAuctionCommitments(uint256)   • write  contracts/Auction.sol:589  (Auction.('_endAuction', ['uint256'], []))   • read  contracts/Auction.sol:371  (Auction.('getAuctionCommitments', ['uint256'], ['uint256', 'uint256'])) | report=https://github.com/code-423n4/2021-11-malt-findings/issues/375 | comments=[M-26] || sheet=59src | row=189 | abl=B2 | type=TP | finding=[single_var_cross_tx] idToAuction  tx-set -> currentPrice(uint256), getAuctionParticipationForAccount(address,uint256)   • write  contracts/Auction.sol:589  (Auction.('_endAuction', ['uint256'], []))   • read  contracts/Auction.sol:437  (Auction.('getAuctionParticipationForAccount', ['address', 'uint256'], ['uint256', 'uint256', 'uint256'])) | report=https://github.com/code-423n4/2021-11-malt-findings/issues/375 | comments=[M-26] || sheet=59src | row=202 | abl=B2 | type=TP | finding=[single_var_cross_tx] stabilizeWindowEnd  tx-set -> stabilize()   • write  contracts/StabilizerNode.sol:152  (StabilizerNode.('stabilize', [], []))   • read  contracts/StabilizerNode.sol:148  (StabilizerNode.('stabilize', [], [])) | report= | comments=[M-26] || sheet=59src | row=209 | abl=B3 | type=TP | finding=[single_var_cross_tx] idToAuction  tx-set -> currentPrice(uint256), purchaseArbitrageTokens(uint256)   • write  contracts/Auction.sol:589  (Auction.('_endAuction', ['uint256'], []))   • write  contracts/Auction.sol:192  (Auction.('purchaseArbitrageTokens', ['uint256'], []))   • read  contracts/Auction.sol:186  (Auction.('purchaseArbitrageTokens', ['uint256'], []))   • read  contracts/Auction.sol:345  (Auction.('currentPrice', ['uint256'], ['uint256'])) | report=https://github.com/code-423n4/2021-11-malt-findings/issues/375 | comments=[M-26] || sheet=59src | row=214 | abl=B3 | type=TP | finding=[single_var_cross_tx] idToAuction  tx-set -> isAuctionFinished(uint256), purchaseArbitrageTokens(uint256)   • write  contracts/Auction.sol:192  (Auction.('purchaseArbitrageTokens', ['uint256'], []))   • read  contracts/Auction.sol:263  (Auction.('isAuctionFinished', ['uint256'], ['bool'])) | report=https://github.com/code-423n4/2021-11-malt-findings/issues/375 | comments=[M-26] || sheet=59src | row=245 | abl=B3 | type=TP | finding=[single_var_cross_tx] idToAuction  tx-set -> currentPrice(uint256), getAuctionCommitments(uint256)   • write  contracts/Auction.sol:589  (Auction.('_endAuction', ['uint256'], []))   • read  contracts/Auction.sol:371  (Auction.('getAuctionCommitments', ['uint256'], ['uint256', 'uint256'])) | report=https://github.com/code-423n4/2021-11-malt-findings/issues/375 | comments=[M-26] || sheet=59src | row=250 | abl=B3 | type=TP | finding=[single_var_cross_tx] idToAuction  tx-set -> auctionExists(uint256), currentPrice(uint256)   • write  contracts/Auction.sol:589  (Auction.('_endAuction', ['uint256'], []))   • read  contracts/Auction.sol:383  (Auction.('auctionExists', ['uint256'], ['bool'])) | report=https://github.com/code-423n4/2021-11-malt-findings/issues/375 | comments=[M-26] || sheet=59src | row=251 | abl=B3 | type=TP | finding=[single_var_cross_tx] idToAuction  tx-set -> balanceOfArbTokens(uint256,address), currentPrice(uint256)   • write  contracts/Auction.sol:589  (Auction.('_endAuction', ['uint256'], []))   • read  contracts/Auction.sol:319  (Auction.('balanceOfArbTokens', ['uint256', 'address'], ['uint256'])) | report=https://github.com/code-423n4/2021-11-malt-findings/issues/375 | comments=[M-26] || sheet=59src | row=254 | abl=B3 | type=TP | finding=[single_var_cross_tx] idToAuction  tx-set -> averageMaltPrice(uint256), currentPrice(uint256)   • write  contracts/Auction.sol:589  (Auction.('_endAuction', ['uint256'], []))   • read  contracts/Auction.sol:335  (Auction.('averageMaltPrice', ['uint256'], ['uint256'])) | report=https://github.com/code-423n4/2021-11-malt-findings/issues/375 | comments=[M-26] || sheet=59src | row=255 | abl=B3 | type=TP | finding=[single_var_cross_tx] idToAuction  tx-set -> currentPrice(uint256), getAccountCommitments(address)   • write  contracts/Auction.sol:589  (Auction.('_endAuction', ['uint256'], []))   • read  contracts/Auction.sol:408  (Auction.('getAccountCommitments', ['address'], ['uint256[]', 'uint256[]', 'uint256[]', 'uint256[]', 'uint256[]', 'uint256[]', 'bool[]'])) | report=https://github.com/code-423n4/2021-11-malt-findings/issues/375 | comments=[M-26] || sheet=59src | row=257 | abl=B3 | type=TP | finding=[single_var_cross_tx] idToAuction  tx-set -> currentPrice(uint256), isAuctionFinalized(uint256)   • write  contracts/Auction.sol:589  (Auction.('_endAuction', ['uint256'], []))   • read  contracts/Auction.sol:275  (Auction.('isAuctionFinalized', ['uint256'], ['bool'])) | report=https://github.com/code-423n4/2021-11-malt-findings/issues/375 | comments=[M-26] || sheet=59src | row=258 | abl=B3 | type=TP | finding=[single_var_cross_tx] idToAuction  tx-set -> currentPrice(uint256), getAuctionParticipationForAccount(address,uint256)   • write  contracts/Auction.sol:589  (Auction.('_endAuction', ['uint256'], []))   • read  contracts/Auction.sol:437  (Auction.('getAuctionParticipationForAccount', ['address', 'uint256'], ['uint256', 'uint256', 'uint256'])) | report=https://github.com/code-423n4/2021-11-malt-findings/issues/375 | comments=[M-26] || sheet=59src | row=286 | abl=B3 | type=TP | finding=[single_var_cross_tx] stabilizeWindowEnd  tx-set -> stabilize()   • write  contracts/StabilizerNode.sol:152  (StabilizerNode.('stabilize', [], []))   • read  contracts/StabilizerNode.sol:148  (StabilizerNode.('stabilize', [], [])) | report= | comments=[M-26] || sheet=59src | row=304 | abl=B6 | type=TP | finding=[single_var_cross_tx] idToAuction  tx-set -> isAuctionFinished(uint256), purchaseArbitrageTokens(uint256)   • write  contracts/Auction.sol:198  (Auction.('purchaseArbitrageTokens', ['uint256'], []))   • read  contracts/Auction.sol:263  (Auction.('isAuctionFinished', ['uint256'], ['bool'])) | report=https://github.com/code-423n4/2021-11-malt-findings/issues/375 | comments=[M-26] || sheet=59src | row=308 | abl=B6 | type=TP | finding=[single_var_cross_tx] idToAuction  tx-set -> currentPrice(uint256), purchaseArbitrageTokens(uint256)   • write  contracts/Auction.sol:198  (Auction.('purchaseArbitrageTokens', ['uint256'], []))   • write  contracts/Auction.sol:589  (Auction.('_endAuction', ['uint256'], []))   • read  contracts/Auction.sol:345  (Auction.('currentPrice', ['uint256'], ['uint256']))   • read  contracts/Auction.sol:186  (Auction.('purchaseArbitrageTokens', ['uint256'], [])) | report=https://github.com/code-423n4/2021-11-malt-findings/issues/375 | comments=[M-26] || sheet=59src | row=321 | abl=B6 | type=TP | finding=[single_var_cross_tx] idToAuction  tx-set -> currentPrice(uint256), isAuctionFinalized(uint256)   • write  contracts/Auction.sol:589  (Auction.('_endAuction', ['uint256'], []))   • read  contracts/Auction.sol:275  (Auction.('isAuctionFinalized', ['uint256'], ['bool'])) | report=https://github.com/code-423n4/2021-11-malt-findings/issues/375 | comments=[M-26] || sheet=59src | row=322 | abl=B6 | type=TP | finding=[single_var_cross_tx] idToAuction  tx-set -> balanceOfArbTokens(uint256,address), currentPrice(uint256)   • write  contracts/Auction.sol:589  (Auction.('_endAuction', ['uint256'], []))   • read  contracts/Auction.sol:319  (Auction.('balanceOfArbTokens', ['uint256', 'address'], ['uint256'])) | report=https://github.com/code-423n4/2021-11-malt-findings/issues/375 | comments=[M-26] || sheet=59src | row=323 | abl=B6 | type=TP | finding=[single_var_cross_tx] idToAuction  tx-set -> currentPrice(uint256), getAuctionParticipationForAccount(address,uint256)   • write  contracts/Auction.sol:589  (Auction.('_endAuction', ['uint256'], []))   • read  contracts/Auction.sol:437  (Auction.('getAuctionParticipationForAccount', ['address', 'uint256'], ['uint256', 'uint256', 'uint256'])) | report=https://github.com/code-423n4/2021-11-malt-findings/issues/375 | comments=[M-26] || sheet=59src | row=326 | abl=B6 | type=TP | finding=[single_var_cross_tx] idToAuction  tx-set -> currentPrice(uint256), getAccountCommitments(address)   • write  contracts/Auction.sol:589  (Auction.('_endAuction', ['uint256'], []))   • read  contracts/Auction.sol:408  (Auction.('getAccountCommitments', ['address'], ['uint256[]', 'uint256[]', 'uint256[]', 'uint256[]', 'uint256[]', 'uint256[]', 'bool[]'])) | report=https://github.com/code-423n4/2021-11-malt-findings/issues/375 | comments=[M-26] || sheet=59src | row=328 | abl=B6 | type=TP | finding=[single_var_cross_tx] idToAuction  tx-set -> auctionExists(uint256), currentPrice(uint256)   • write  contracts/Auction.sol:589  (Auction.('_endAuction', ['uint256'], []))   • read  contracts/Auction.sol:383  (Auction.('auctionExists', ['uint256'], ['bool'])) | report=https://github.com/code-423n4/2021-11-malt-findings/issues/375 | comments=[M-26] || sheet=59src | row=332 | abl=B6 | type=TP | finding=[single_var_cross_tx] idToAuction  tx-set -> currentPrice(uint256), getAuctionCommitments(uint256)   • write  contracts/Auction.sol:589  (Auction.('_endAuction', ['uint256'], []))   • read  contracts/Auction.sol:371  (Auction.('getAuctionCommitments', ['uint256'], ['uint256', 'uint256'])) | report=https://github.com/code-423n4/2021-11-malt-findings/issues/375 | comments=[M-26] || sheet=59src | row=335 | abl=B6 | type=TP | finding=[single_var_cross_tx] idToAuction  tx-set -> averageMaltPrice(uint256), currentPrice(uint256)   • write  contracts/Auction.sol:589  (Auction.('_endAuction', ['uint256'], []))   • read  contracts/Auction.sol:335  (Auction.('averageMaltPrice', ['uint256'], ['uint256'])) | report=https://github.com/code-423n4/2021-11-malt-findings/issues/375 | comments=[M-26] || sheet=59src | row=381 | abl=B6 | type=TP | finding=[single_var_cross_tx] stabilizeWindowEnd  tx-set -> stabilize()   • write  contracts/StabilizerNode.sol:152  (StabilizerNode.('stabilize', [], []))   • read  contracts/StabilizerNode.sol:148  (StabilizerNode.('stabilize', [], [])) | report= | comments=[M-26]",other-logical-bug,NA,not_applicable,NA-not-MVSI,NA-not-MVSI,"invariant=Auction commitments, max commitment threshold, and finalization/price state must stay synchronized when the auction is effectively filled. | entities=auction.commitments, auction.maxCommitments, auctionEndTime, auction price, active flag | primary=auction.commitments | counterpart=auction finalization state | external_proxy=AMM rounding behavior for tiny swaps | desync=purchaseArbitrageTokens leaves commitments just below max, so finalization state is not synchronized with economically filled auction state. | sink=accounting | impact=loss | attacker=unprivileged | label_notes=Strict re-audit: auction rounding/finalization design issue; not a stale coupled-state update omission. | strict_match=Not in MV-SI recall denominator."
59,59src,WEB3BUGS-59-M-27,Code4rena,Medium,NA,2022-02-14,https://github.com/code-423n4/2021-11-malt-findings/issues/257,2021-11-malt#m-27,2021-11-malt,M-27,malt,Slippage checks when adding liquidity are too strict,"UniswapHandler.addLiquidity uses entire contract balances and 95 percent minimums, assuming local balances match pool ratio.","An attacker sends tokens directly to UniswapHandler to unbalance balances, causing addLiquidity to revert.",Avoid direct-balance assumptions; accept caller parameters or compute balanced amounts from reserves.,Web3Bugs report 59.md; Code4rena report; GitHub issue 257; UniswapHandler.sol,yes,,other-logical-bug,NA,not_applicable,NA-not-MVSI,NA-not-MVSI,"invariant=Local token balances consumed by addLiquidity must be synchronized with the AMM reserve ratio used for minimum amounts. | entities=maltBalance, rewardBalance, AMM reserve ratio, amountAMin, amountBMin | primary=AMM reserve ratio | counterpart=UniswapHandler token balances | external_proxy=direct ERC20 transfers to UniswapHandler | desync=Direct token transfer updates local balances without synchronizing the ratio assumptions used by addLiquidity min amounts. | sink=branch | impact=DoS | attacker=unprivileged | label_notes=Strict re-audit: direct balance griefing/slippage assumption issue; not a protocol-maintained stale counterpart. | strict_match=Not in MV-SI recall denominator."
59,59src,WEB3BUGS-59-M-28,Code4rena,Medium,NA,2022-02-14,https://github.com/code-423n4/2021-11-malt-findings/issues/234,2021-11-malt#m-28,2021-11-malt,M-28,malt,Bonding.sol _unbondAndBreak does not account for edge case where no tokens are returned,"UniswapHandler returns LP tokens to Bonding when removeLiquidity returns zero Malt or reward tokens, but Bonding expects token proceeds.",User unbonds and breaks LP during the zero-return edge case; LP tokens are sent back to Bonding and become stuck instead of returned to user.,Handle the zero-return case in Bonding by reverting or forwarding LP tokens back to the user.,Web3Bugs report 59.md; Code4rena report; GitHub issue 234; Bonding.sol; UniswapHandler.sol,yes,,other-logical-bug,NA,not_applicable,NA-not-MVSI,NA-not-MVSI,"invariant=Bonding._unbondAndBreak return handling must be synchronized with all possible UniswapHandler removeLiquidity return modes. | entities=LP tokens, amountMalt, amountReward, Bonding user claim | primary=UniswapHandler return mode | counterpart=Bonding asset-return logic | external_proxy=UniswapV2Router removeLiquidity behavior | desync=UniswapHandler sends LP tokens back but Bonding only synchronizes Malt/reward return paths. | sink=transfer | impact=loss | attacker=unprivileged | label_notes=Strict re-audit: cross-contract return-mode edge case; not a multi-variable stale-state issue under the strict litmus. | strict_match=Not in MV-SI recall denominator."
59,59src,WEB3BUGS-59-M-29,Code4rena,Medium,NA,2022-02-14,https://github.com/code-423n4/2021-11-malt-findings/issues/325,2021-11-malt#m-29,2021-11-malt,M-29,malt,User can bypass Recovery Mode via UniswapHandler to buy Malt,"Recovery mode blocks buying Malt, but UniswapHandler is whitelisted and addLiquidity can be abused with directly supplied tokens.","User swaps DAI to Malt with recipient UniswapHandler, adds matching liquidity, and gains exposure despite the buy block.",Disable addLiquidity or otherwise constrain handler paths during recovery mode.,Web3Bugs report 59.md; Code4rena report; GitHub issue 325; README Recovery Mode docs; UniswapHandler.sol; PoolTransferVerification.sol,yes,,other-logical-bug,NA,not_applicable,NA-not-MVSI,NA-not-MVSI,"invariant=Recovery-mode buy restrictions and whitelisted handler liquidity paths must enforce the same Malt-acquisition policy. | entities=recovery-mode buy block, whitelist(UniswapHandler), UniswapHandler balances, addLiquidity | primary=recovery-mode transfer policy | counterpart=UniswapHandler whitelisted balance/liquidity path | external_proxy=UniswapV2Router and pair reserves | desync=Direct swap to whitelisted handler updates handler balances without synchronizing the recovery-mode policy consumed by addLiquidity. | sink=branch | impact=loss | attacker=unprivileged | label_notes=Strict re-audit: recovery-mode whitelist/path bypass; no required counterpart state is left stale by an update path. | strict_match=Not in MV-SI recall denominator."
59,59src,WEB3BUGS-59-M-30,Code4rena,Medium,NA,2022-02-14,https://github.com/code-423n4/2021-11-malt-findings/issues/373,2021-11-malt#m-30,2021-11-malt,M-30,malt,Malt Protocol Uses Stale Results From MaltDataLab Which Can Be Abused By Users,MaltDataLab price and pool moving averages are updated by an external updater rather than inline with state-changing protocol paths.,"If updates are censored or delayed, stabilize and other sensitive calls consume stale MaltDataLab values and can mint repeated incentives or misprice protocol actions.",Inline MaltDataLab tracking updates where relevant and use cumulative/TWAP data rather than spot samples.,Web3Bugs report 59.md; Code4rena report; GitHub issue 373; README MaltDataLab docs; MaltDataLab.sol; StabilizerNode.sol,yes,"sheet=59src | row=109 | abl=B1 | type=TP | finding=[multi_var_cross_contract] idToAuction, unclaimedArbTokens, epochState, {epochState}, _currentEpoch, samples, cumulativeValue, blockTimestampLast, counter  tx-set -> consult(uint256)   • write  contracts/MovingAverage.sol:208  (MovingAverage.('update', ['uint256'], []))   • write  contracts/Bonding.sol:318  (Bonding.('_updateEpochState', ['uint256'], []))   • read  contracts/Bonding.sol:299  (Bonding.('_updateEpochState', ['uint256'], []))   • read  contracts/Auction.sol:640  (Auction.('_finalizeAuction', ['uint256'], [])) | report= | comments=[M-30] || sheet=59src | row=151 | abl=B2 | type=TP | finding=[multi_var_cross_contract] idToAuction, unclaimedArbTokens, epochState, {epochState}, _currentEpoch, samples, cumulativeValue, blockTimestampLast, counter, daoRewardCut, lpRewardCut, callerRewardCut, auctionPoolRewardCut, swingTraderRewardCut, deployedCapital, {10, deployedCapital}  tx-set -> unbond(uint256)   • write  contracts/Bonding.sol:284  (Bonding.('_updateEpochState', ['uint256'], []))   • write  contracts/MovingAverage.sol:208  (MovingAverage.('update', ['uint256'], []))   • read  contracts/MovingAverage.sol:291  (MovingAverage.('updateCumulative', ['uint256'], []))   • read  contracts/MovingAverage.sol:294  (MovingAverage.('updateCumulative', ['uint256'], [])) | report= | comments=[M-30]",MV-SI,Type-I-temporal-checkpoint,no,NA-no-strict-B0-match,FN1-same-finding-tag-not-in-B0,"invariant=Protocol actions that depend on MaltDataLab price/reserve snapshots must synchronize those snapshots with current pool state before economic decisions. | entities=maltPriceAverage, pool reserve averages, trackMaltPrice, trackPoolReserves, stabilize exchangeRate | primary=current pool state | counterpart=MaltDataLab moving-average snapshots | external_proxy=UniswapV2 reserves; updater EOA state | desync=Sensitive paths consume MaltDataLab snapshots without synchronizing them to recent pool-state changes. | sink=accounting | impact=overmint | attacker=unprivileged | label_notes=Canonical stale external oracle/snapshot MV-SI candidate. | strict_match=Same finding appears only in non-B0 ablations B1 row 109 and B2 row 151; no strict B0 bucket."
104,104core-contracts,WEB3BUGS-104-H-01,Code4rena,High,L8,2022-07-25,https://github.com/code-423n4/2022-03-joyn-findings/issues/52,2022-03-joyn#h-01,2022-03-joyn,H-01,joyn,ERC20 transferFrom return values not checked,ERC20 transferFrom return values are ignored in payment paths.,"A token can return false without reverting, allowing NFT mint/payment logic to proceed despite failed payment.",Check transferFrom success or use SafeERC20.safeTransferFrom.,Web3Bugs report 104.md; Code4rena report; GitHub issue 52; ERC721Payable.sol; CoreCollection.sol,yes,,other-logical-bug,NA,not_applicable,NA-not-MVSI,NA-not-MVSI,"invariant=Payment transfer success should be required before mint/payment effects are accepted. | entities=transferFrom return value | primary=transferFrom success | external_proxy=ERC20 return value | desync=Payment path consumes unchecked transferFrom result and continues execution. | sink=external-call | impact=loss | attacker=unprivileged | label_notes=Unchecked ERC20 transferFrom return value. Payment failure can be ignored, but this is not a persistent multi-state desynchronization invariant. | strict_match=Not in MV-SI recall denominator."
104,104core-contracts,WEB3BUGS-104-H-02,Code4rena,High,S5-3,2022-07-25,https://github.com/code-423n4/2022-03-joyn-findings/issues/3,2022-03-joyn#h-02,2022-03-joyn,H-02,joyn,Splitter: Anyone can call incrementWindow to steal the tokens in the contract,incrementWindow trusts caller-provided RoyaltyVault interface responses instead of a specific authorized vault.,"A fake RoyaltyVault can increment windows so balanceForWindow exceeds real splitter funds, then claims drain contract tokens.",Restrict incrementWindow to the authorized RoyaltyVault address.,Web3Bugs report 104.md; Code4rena report; GitHub issue 3; Splitter.sol,yes,,ISU-other,NA,not_applicable,NA-not-MVSI,NA-not-MVSI,"invariant=Splitter window accounting should correspond to real funds received from the authorized royalty vault. | entities=balanceForWindow, currentWindow, Splitter token balance, authorized RoyaltyVault | primary=Splitter token balance | counterpart=balanceForWindow/currentWindow | external_proxy=fake RoyaltyVault contract | desync=Unauthorized caller advances accounting windows without corresponding authorized funds. | sink=accounting | impact=loss | attacker=unprivileged | label_notes=Unauthorized incrementWindow can corrupt splitter window accounting relative to actual funds, but root cause is missing access control/fake vault access, so do not count as MV-SI. | strict_match=Not in MV-SI recall denominator."
104,104core-contracts,WEB3BUGS-104-H-03,Code4rena,High,L4,2022-07-25,https://github.com/code-423n4/2022-03-joyn-findings/issues/6,2022-03-joyn#h-03,2022-03-joyn,H-03,joyn,DoS: claimForAllWindows() May Be Made Unusable By An Attacker,claimForAllWindows iterates over unbounded currentWindow.,An attacker or organic growth can make currentWindow large enough that claimForAllWindows exceeds block gas limits.,Add ranged claims over startWindow/endWindow.,Web3Bugs report 104.md; Code4rena report; GitHub issue 6; Splitter.sol,yes,,other-logical-bug,NA,not_applicable,NA-not-MVSI,NA-not-MVSI,"invariant=Claiming should remain feasible as the number of splitter windows grows. | entities=currentWindow | primary=currentWindow | desync=claimForAllWindows loops over every window. | sink=branch | impact=DoS | attacker=unprivileged | label_notes=Unbounded-loop / gas DoS in claimForAllWindows, not stale state. | strict_match=Not in MV-SI recall denominator."
104,104core-contracts,WEB3BUGS-104-H-04,Code4rena,High,S5-3,2022-07-25,https://github.com/code-423n4/2022-03-joyn-findings/issues/4,2022-03-joyn#h-04,2022-03-joyn,H-04,joyn,CoreCollection can be reinitialized,CoreCollection.initialize sets initialized but does not enforce it.,Owner can rerun initialize and reset core collection variables such as payableToken.,Add onlyUnInitialized guard to initialize.,Web3Bugs report 104.md; Code4rena report; GitHub issue 4; CoreCollection.sol,yes,,other-logical-bug,NA,not_applicable,NA-not-MVSI,NA-not-MVSI,"invariant=CoreCollection initialization should be one-time lifecycle setup. | entities=initialized, collection config | primary=initialized | counterpart=collection config | desync=initialize can be called repeatedly by owner. | sink=storage-write | impact=loss | attacker=privileged | label_notes=Reinitialization / lifecycle access-control bug, not MV/SV state inconsistency. | strict_match=Not in MV-SI recall denominator."
104,104core-contracts,WEB3BUGS-104-H-05,Code4rena,High,O1,2022-07-25,https://github.com/code-423n4/2022-03-joyn-findings/issues/9,2022-03-joyn#h-05,2022-03-joyn,H-05,joyn,Centralisation Risk: Owner Of RoyaltyVault Can Take All Funds,RoyaltyVault owner can set platformFee arbitrarily high.,Owner can set platform fee to capture all vault funds or block sendToSplitter/NFT transfer flows.,"Cap platformFee, prevent increases, and/or send current funds to splitter before fee changes.",Web3Bugs report 104.md; Code4rena report; GitHub issue 9; RoyaltyVault.sol,yes,,other-logical-bug,NA,not_applicable,NA-not-MVSI,NA-not-MVSI,"invariant=Royalty fee controls should not allow a privileged owner to take or block all funds. | entities=platformFee, vault balance | primary=platformFee | desync=Owner changes platformFee to abusive value. | sink=governance | impact=loss | attacker=privileged | label_notes=Centralized owner can change/take fees. This is privileged-power risk, not strict MV-SI. | strict_match=Not in MV-SI recall denominator."
104,104core-contracts,WEB3BUGS-104-H-06,Code4rena,High,L5,2022-07-25,https://github.com/code-423n4/2022-03-joyn-findings/issues/108,2022-03-joyn#h-06,2022-03-joyn,H-06,joyn,STORAGE COLLISION BETWEEN PROXY AND IMPLEMENTATION (LACK EIP 1967),Proxy stores implementation/admin state in ordinary storage layout rather than EIP-1967 slots.,Implementation storage changes can collide with proxy storage and brick or corrupt the contract.,Use EIP-1967 unstructured storage slots or standard proxy implementations.,Web3Bugs report 104.md; Code4rena report; GitHub issue 108; CoreProxy.sol,yes,,ISU-other,NA,not_applicable,NA-not-MVSI,NA-not-MVSI,"invariant=Proxy and implementation storage layouts must not alias security-critical slots. | entities=proxy storage slots, implementation storage slots | primary=proxy storage layout | counterpart=implementation storage layout | external_proxy=delegatecall storage context | desync=Upgrade/use of implementation aliases storage slots. | sink=storage-write | impact=loss | attacker=privileged | label_notes=Proxy/implementation storage collision. Real state inconsistency through storage aliasing, but not MV-SI/SV-SI synchronization failure. | strict_match=Not in MV-SI recall denominator."
104,104core-contracts,WEB3BUGS-104-H-07,Code4rena,High,L1,2022-07-25,https://github.com/code-423n4/2022-03-joyn-findings/issues/121,2022-03-joyn#h-07,2022-03-joyn,H-07,joyn,Duplicate NFTs Can Be Minted if payableToken Has a Callback Attached to it,mintToken performs payableToken payment before mint effects update totalSupply.,"A callback-enabled payableToken reenters mintToken while totalSupply is stale, bypassing supply/tokenId assumptions and minting duplicate NFTs.",Add reentrancy protection and follow checks-effects-interactions.,Web3Bugs report 104.md; Code4rena report; GitHub issue 121; CoreCollection.sol; ERC721Payable.sol,yes,,SV-SI,NA,not_applicable,NA-not-MVSI,NA-not-MVSI,"invariant=The tokenId/supply calculation must consume an up-to-date totalSupply during mint. | entities=totalSupply() | primary=totalSupply() | external_proxy=callback-enabled payableToken | desync=External token callback reenters before totalSupply advances for the in-progress mint. | sink=mint | impact=overmint | attacker=unprivileged | label_notes=Reentrant stale totalSupply() before mint state updates, allowing duplicate token IDs. One stale state entity, not multi-variable. | strict_match=Not in MV-SI recall denominator."
104,104core-contracts,WEB3BUGS-104-H-08,Code4rena,High,L8,2022-07-25,https://github.com/code-423n4/2022-03-joyn-findings/issues/80,2022-03-joyn#h-08,2022-03-joyn,H-08,joyn,Funds cannot be withdrawn in CoreCollection.withdraw,"withdraw uses transferFrom(address(this), msg.sender, amount) instead of transfer.",ERC20 allowance requirements can make the collection unable to withdraw its own funds.,Use transfer for self-held tokens or SafeERC20.safeTransfer.,Web3Bugs report 104.md; Code4rena report; GitHub issue 80; CoreCollection.sol,yes,,other-logical-bug,NA,not_applicable,NA-not-MVSI,NA-not-MVSI,"invariant=CoreCollection should use the correct ERC20 method to move its own token balance. | entities=CoreCollection token balance, ERC20 allowance | primary=CoreCollection token balance | external_proxy=ERC20 allowance semantics | desync=withdraw calls transferFrom without self-allowance. | sink=transfer | impact=DoS | attacker=privileged | label_notes=Wrong ERC20 method: transferFrom instead of transfer; compatibility/API misuse, not stale state. | strict_match=Not in MV-SI recall denominator."
104,104core-contracts,WEB3BUGS-104-H-09,Code4rena,High,L8,2022-07-25,https://github.com/code-423n4/2022-03-joyn-findings/issues/83,2022-03-joyn#h-09,2022-03-joyn,H-09,joyn,ERC20 tokens with no return value will fail to transfer,RoyaltyVault uses ERC20 interface calls that expect boolean return data.,Non-standard ERC20 tokens with no return value can revert despite successful transfer semantics.,Use SafeERC20.,Web3Bugs report 104.md; Code4rena report; GitHub issue 83; RoyaltyVault.sol,yes,,other-logical-bug,NA,not_applicable,NA-not-MVSI,NA-not-MVSI,"invariant=Token transfer wrappers should handle non-standard ERC20 return behavior. | entities=ERC20 return data | primary=ERC20 call return data | external_proxy=non-standard ERC20 token | desync=transfer call expects return data that may not exist. | sink=external-call | impact=DoS | attacker=unprivileged | label_notes=ERC20 no-return compatibility issue, not stale or coupled state. | strict_match=Not in MV-SI recall denominator."
104,104core-contracts,WEB3BUGS-104-M-01,Code4rena,Medium,NA,2022-07-25,https://github.com/code-423n4/2022-03-joyn-findings/issues/33,2022-03-joyn#m-01,2022-03-joyn,M-01,joyn,DoS: Attacker May Front-Run createSplit() With A merkleRoot Causing Future Transactions With The Same merkleRoot to Revert,createSplit uses merkleRoot as CREATE2 salt.,Attacker front-runs with the same merkleRoot/salt so the legitimate split deployment reverts.,Remove salt or include msg.sender/project-specific data in salt.,Web3Bugs report 104.md; Code4rena report; GitHub issue 33; SplitFactory.sol,yes,,other-logical-bug,NA,not_applicable,NA-not-MVSI,NA-not-MVSI,"invariant=Split deployment salt should not be front-runnable by unrelated users. | entities=merkleRoot salt, deployed split address | primary=merkleRoot salt | external_proxy=mempool ordering | desync=Front-runner consumes the same CREATE2 salt before legitimate transaction. | sink=storage-write | impact=DoS | attacker=unprivileged | label_notes=CREATE2/merkleRoot front-running DoS, not state desynchronization. | strict_match=Not in MV-SI recall denominator."
104,104core-contracts,WEB3BUGS-104-M-02,Code4rena,Medium,NA,2022-07-25,https://github.com/code-423n4/2022-03-joyn-findings/issues/8,2022-03-joyn#m-02,2022-03-joyn,M-02,joyn,Fixed Amount of Gas Sent in Call May Be Insufficient,attemptETHTransfer uses a fixed 30000 gas stipend.,Receiver contracts or future gas repricing may make ETH withdrawals fail.,Avoid fixed gas stipend and use reentrancy guards / CEI.,Web3Bugs report 104.md; Code4rena report; GitHub issue 8; Splitter.sol,yes,,other-logical-bug,NA,not_applicable,NA-not-MVSI,NA-not-MVSI,"invariant=ETH transfer path should remain compatible with receiver gas needs. | entities=fixed gas stipend | primary=fixed gas stipend | external_proxy=receiver contract gas costs | desync=attemptETHTransfer forwards fixed gas to receiver. | sink=external-call | impact=DoS | attacker=unprivileged | label_notes=Fixed gas stipend issue, not state inconsistency. | strict_match=Not in MV-SI recall denominator."
104,104core-contracts,WEB3BUGS-104-M-03,Code4rena,Medium,NA,2022-07-25,https://github.com/code-423n4/2022-03-joyn-findings/issues/130,2022-03-joyn#m-03,2022-03-joyn,M-03,joyn,RoyaltyVault.sol is Not Equipped to Handle On-Chain Royalties From Secondary Sales,Protocol lacks on-chain secondary-sale royalty handling despite docs/intent.,Secondary royalties depend on off-chain marketplace configuration and can be bypassed on other marketplaces.,Implement on-chain royalty support such as ERC2981.,Web3Bugs report 104.md; Code4rena report; GitHub issue 130; README.md; RoyaltyVault.sol,yes,,other-logical-bug,NA,not_applicable,NA-not-MVSI,NA-not-MVSI,invariant=Royalty vault should support intended secondary-sale royalty flows. | entities=royalty implementation | primary=royalty implementation | external_proxy=marketplace royalty behavior | desync=Secondary-sale royalties are not implemented on-chain. | sink=other | impact=underpayment | attacker=unprivileged | label_notes=Missing on-chain royalty support; missing functionality rather than stale coupled state. | strict_match=Not in MV-SI recall denominator.
104,104core-contracts,WEB3BUGS-104-M-04,Code4rena,Medium,NA,2022-07-25,https://github.com/code-423n4/2022-03-joyn-findings/issues/26,2022-03-joyn#m-04,2022-03-joyn,M-04,joyn,createProject can be frontrun,Anyone can call createProject for an available project id.,Attacker front-runs project creation and becomes collection owner.,Use whitelist or signed authorization for project creation.,Web3Bugs report 104.md; Code4rena report; GitHub issue 26; CoreFactory.sol,yes,,other-logical-bug,NA,not_applicable,NA-not-MVSI,NA-not-MVSI,"invariant=Project ownership should bind to the intended creator, not first mempool caller. | entities=project id availability, project owner | primary=project owner | external_proxy=mempool ordering | desync=Attacker consumes available project id before intended user. | sink=storage-write | impact=governance | attacker=unprivileged | label_notes=Project creation front-running / ownership capture. | strict_match=Not in MV-SI recall denominator."
104,104core-contracts,WEB3BUGS-104-M-05,Code4rena,Medium,NA,2022-07-25,https://github.com/code-423n4/2022-03-joyn-findings/issues/27,2022-03-joyn#m-05,2022-03-joyn,M-05,joyn,Gas costs will likely result in any fees sent to the Splitter being economically unviable to recover,"Each NFT sale can create a separate splitter window, forcing costly per-window claims.",Royalty recipients may spend more gas claiming small per-window fees than the fees are worth.,Remove or redesign window mechanism; make royalty splitting asynchronous/aggregated.,Web3Bugs report 104.md; Code4rena report; GitHub issue 27; CoreCollection.sol; RoyaltyVault.sol; Splitter.sol,yes,,other-logical-bug,NA,not_applicable,NA-not-MVSI,NA-not-MVSI,"invariant=Royalty claim design should not make normal fees economically unrecoverable. | entities=currentWindow, per-window claims | primary=currentWindow | external_proxy=gas costs | desync=Window-per-sale design forces many small claims. | sink=reward | impact=underpayment | attacker=unprivileged | label_notes=Gas/economic impracticality from per-window claims, not stale state. | strict_match=Not in MV-SI recall denominator."
104,104core-contracts,WEB3BUGS-104-M-06,Code4rena,Medium,NA,2022-07-25,https://github.com/code-423n4/2022-03-joyn-findings/issues/37,2022-03-joyn#m-06,2022-03-joyn,M-06,joyn,CoreCollection's token transfer can be disabled,Royalty splitting during token transfer assumes royaltyAsset handles zero transfers and direct tiny balances safely.,Attacker manipulates RoyaltyVault balance to one wei so sendToSplitter attempts zero/invalid transfers and blocks NFT transfers for certain tokens.,"Make sendToSplitter fail-safe, add thresholds, or avoid requiring royalty distribution during NFT transfers.",Web3Bugs report 104.md; Code4rena report; GitHub issue 37; CoreCollection.sol; RoyaltyVault.sol; Splitter.sol,yes,,other-logical-bug,NA,not_applicable,NA-not-MVSI,NA-not-MVSI,"invariant=NFT transfers should not depend on fragile immediate royalty split execution for arbitrary ERC20s. | entities=RoyaltyVault balance, platformShare, splitterShare | primary=RoyaltyVault balance | external_proxy=zero-transfer-reverting token | desync=Direct tiny transfer manipulates balance assumptions and makes transfer hook revert. | sink=transfer | impact=DoS | attacker=unprivileged | label_notes=Token compatibility / transfer-disable DoS through zero-transfer behavior and direct-balance assumptions, not strict MV-SI. | strict_match=Not in MV-SI recall denominator."
104,104core-contracts,WEB3BUGS-104-M-07,Code4rena,Medium,NA,2022-07-25,https://github.com/code-423n4/2022-03-joyn-findings/issues/43,2022-03-joyn#m-07,2022-03-joyn,M-07,joyn,Ineffective Handling of FoT or Rebasing Tokens,RoyaltyVault records nominal splitterShare in Splitter windows rather than actual tokens received after transfer.,"FoT/rebasing tokens make Splitter balance diverge from recorded window amount, causing overclaims, underclaims, or stuck funds.",Measure Splitter balance before/after transfer and increment window by actual received amount; document unsupported tokens if not supported.,Web3Bugs report 104.md; Code4rena report; GitHub issue 43; RoyaltyVault.sol; Splitter.sol,yes,,MV-SI,Type-II-asset-utility,no,NA-no-strict-B0-match,FN0-no-same-finding-tag-row,"invariant=Splitter recorded window amount must equal actual Splitter token balance increase for that window. | entities=splitterShare, Splitter token balance, balanceForWindow | primary=actual Splitter token balance increase | counterpart=balanceForWindow nominal window amount | external_proxy=FoT/rebasing token balance behavior | desync=sendToSplitter transfers nominal splitterShare then incrementWindow records the nominal amount without synchronizing to actual received balance. | sink=accounting | impact=loss | attacker=unprivileged | label_notes=Real multi-state accounting desync: nominal splitterShare / recorded window amount can diverge from actual Splitter token balance for FoT/rebasing tokens. | strict_match=No same-finding MV-Bench row was found for Splitter nominal-share/actual-balance FoT/rebasing accounting."
104,104core-contracts,WEB3BUGS-104-M-08,Code4rena,Medium,NA,2022-07-25,https://github.com/code-423n4/2022-03-joyn-findings/issues/50,2022-03-joyn#m-08,2022-03-joyn,M-08,joyn,"CoreCollection: Starting index is pseudo-randomly generated, allowing for gameable NFT launches",startingIndex randomness uses predictable block.number-derived data.,Users can predict future starting indexes and game NFT minting to target rare items.,Use stronger randomness such as commit-reveal or VRF-like source.,Web3Bugs report 104.md; Code4rena report; GitHub issue 50; CoreCollection.sol,yes,"sheet=104core-contracts | row=2 | abl=B0 | type=TP | finding=[single_var_cross_tx] startingIndex  tx-set -> setStartingIndex()   • write  contracts/CoreCollection.sol:225  (CoreCollection.('setStartingIndex', [], []))   • read  contracts/CoreCollection.sol:220  (CoreCollection.('setStartingIndex', [], []))   • read  contracts/CoreCollection.sol:261  (CoreCollection.('mint', ['address'], ['uint256'])) | report=https://github.com/code-423n4/2022-03-joyn-findings/issues/50 | comments=[M-08] “CoreCollection: Starting index is pseudo-randomly generated, allowing for gameable NFT launches” || sheet=104core-contracts | row=3 | abl=B1 | type=TP | finding=[single_var_cross_tx] startingIndex  tx-set -> setStartingIndex()   • write  contracts/CoreCollection.sol:225  (CoreCollection.('setStartingIndex', [], []))   • read  contracts/CoreCollection.sol:264  (CoreCollection.('mint', ['address'], ['uint256']))   • read  contracts/CoreCollection.sol:220  (CoreCollection.('setStartingIndex', [], [])) | report=https://github.com/code-423n4/2022-03-joyn-findings/issues/50 | comments=[M-08] “CoreCollection: Starting index is pseudo-randomly generated, allowing for gameable NFT launches” || sheet=104core-contracts | row=4 | abl=B2 | type=TP | finding=[single_var_cross_tx] startingIndex  tx-set -> setStartingIndex()   • write  contracts/CoreCollection.sol:225  (CoreCollection.('setStartingIndex', [], []))   • read  contracts/CoreCollection.sol:264  (CoreCollection.('mint', ['address'], ['uint256']))   • read  contracts/CoreCollection.sol:220  (CoreCollection.('setStartingIndex', [], [])) | report=https://github.com/code-423n4/2022-03-joyn-findings/issues/50 | comments=[M-08] “CoreCollection: Starting index is pseudo-randomly generated, allowing for gameable NFT launches” || sheet=104core-contracts | row=5 | abl=B3 | type=TP | finding=[single_var_cross_tx] startingIndex  tx-set -> setStartingIndex()   • write  contracts/CoreCollection.sol:225  (CoreCollection.('setStartingIndex', [], []))   • read  contracts/CoreCollection.sol:231  (CoreCollection.('setStartingIndex', [], []))   • read  contracts/CoreCollection.sol:264  (CoreCollection.('mint', ['address'], ['uint256'])) | report=https://github.com/code-423n4/2022-03-joyn-findings/issues/50 | comments=[M-08] “CoreCollection: Starting index is pseudo-randomly generated, allowing for gameable NFT launches” || sheet=104core-contracts | row=6 | abl=B4 | type=TP | finding=[single_var_cross_tx] startingIndex  tx-set -> setStartingIndex()   • write  contracts/CoreCollection.sol:225  (CoreCollection.('setStartingIndex', [], []))   • read  contracts/CoreCollection.sol:261  (CoreCollection.('mint', ['address'], ['uint256']))   • read  contracts/CoreCollection.sol:231  (CoreCollection.('setStartingIndex', [], [])) | report=https://github.com/code-423n4/2022-03-joyn-findings/issues/50 | comments=[M-08] “CoreCollection: Starting index is pseudo-randomly generated, allowing for gameable NFT launches” || sheet=104core-contracts | row=7 | abl=B6 | type=TP | finding=[single_var_cross_tx] startingIndex  tx-set -> setStartingIndex()   • write  contracts/CoreCollection.sol:225  (CoreCollection.('setStartingIndex', [], []))   • read  contracts/CoreCollection.sol:264  (CoreCollection.('mint', ['address'], ['uint256']))   • read  contracts/CoreCollection.sol:220  (CoreCollection.('setStartingIndex', [], [])) | report=https://github.com/code-423n4/2022-03-joyn-findings/issues/50 | comments=[M-08] “CoreCollection: Starting index is pseudo-randomly generated, allowing for gameable NFT launches”",other-logical-bug,NA,not_applicable,NA-not-MVSI,NA-not-MVSI,"invariant=NFT starting index should be unpredictable before mint ordering decisions. | entities=startingIndex, block.number | primary=startingIndex | external_proxy=block metadata | desync=Predictable entropy is consumed to set startingIndex. | sink=storage-write | impact=loss | attacker=unprivileged | label_notes=Weak randomness / gameable starting index. | strict_match=Not in MV-SI recall denominator."
104,104core-contracts,WEB3BUGS-104-M-09,Code4rena,Medium,NA,2022-07-25,https://github.com/code-423n4/2022-03-joyn-findings/issues/53,2022-03-joyn#m-09,2022-03-joyn,M-09,joyn,Differing percentage denominators causes confusion and potentially brick claims,Code defines PERCENTAGE_SCALE differently from denominator actually used in calculations.,"Users may build Merkle splits with the wrong denominator, causing claim amounts to exceed funds and fail.",Remove unused PERCENTAGE_SCALE or align denominator constants and docs.,Web3Bugs report 104.md; Code4rena report; GitHub issue 53; Splitter.sol,yes,,other-logical-bug,NA,not_applicable,NA-not-MVSI,NA-not-MVSI,"invariant=Percentage denominator used in split proofs should match the contract's calculation denominator. | entities=PERCENTAGE_SCALE, denominator 10000 | primary=percentage denominator | external_proxy=Merkle split data | desync=Incorrect denominator is used to compute claim amounts. | sink=accounting | impact=DoS | attacker=unprivileged | label_notes=Percentage denominator/formula mismatch; not update desynchronization. | strict_match=Not in MV-SI recall denominator."
104,104core-contracts,WEB3BUGS-104-M-10,Code4rena,Medium,NA,2022-07-25,https://github.com/code-423n4/2022-03-joyn-findings/issues/112,2022-03-joyn#m-10,2022-03-joyn,M-10,joyn,Add a timelock to setPlatformFee(),Critical platform fee changes lack timelock delay.,Users cannot react before privileged fee changes take effect.,Add timelock to setPlatformFee.,Web3Bugs report 104.md; Code4rena report; GitHub issue 112; SplitFactory.sol; RoyaltyVault.sol,yes,,other-logical-bug,NA,not_applicable,NA-not-MVSI,NA-not-MVSI,invariant=Critical governance fee changes should be delayed. | entities=platformFee | primary=platformFee | external_proxy=owner action | desync=Owner changes platformFee immediately. | sink=governance | impact=governance | attacker=privileged | label_notes=Missing timelock / governance-risk recommendation. | strict_match=Not in MV-SI recall denominator.
104,104core-contracts,WEB3BUGS-104-M-11,Code4rena,Medium,NA,2022-07-25,https://github.com/code-423n4/2022-03-joyn-findings/issues/81,2022-03-joyn#m-11,2022-03-joyn,M-11,joyn,Not handling return value of transferFrom command can create inconsistency,transferFrom return value is unchecked before emitting events.,"If transferFrom fails by returning false, protocol emits events that downstream systems may treat as successful transfer/payment.",Require transferFrom success before emitting success events.,Web3Bugs report 104.md; Code4rena report; GitHub issue 81; CoreCollection.sol; ERC721Payable.sol,yes,,other-logical-bug,NA,not_applicable,NA-not-MVSI,NA-not-MVSI,"invariant=Events should reflect actual successful token transfer state. | entities=transferFrom return value, emitted event | primary=transferFrom success | counterpart=event log | external_proxy=ERC20 return value | desync=Function emits event after unchecked transferFrom failure. | sink=other | impact=accounting | attacker=unprivileged | label_notes=False event emission after unchecked transferFrom; event/log inconsistency, not protocol storage MV/SV state. | strict_match=Not in MV-SI recall denominator."
104,104core-contracts,WEB3BUGS-104-M-12,Code4rena,Medium,NA,2022-07-25,https://github.com/code-423n4/2022-03-joyn-findings/issues/73,2022-03-joyn#m-12,2022-03-joyn,M-12,joyn,"CoreCollection.setRoyaltyVault doesn't check royaltyVault.royaltyAsset against payableToken, resulting in potential permanent lock of payableTokens in RoyaltyVault",CoreCollection can bind to a RoyaltyVault whose royaltyAsset differs from the collection payableToken.,"Minting fees in payableToken are transferred to an incompatible RoyaltyVault that only distributes royaltyAsset, permanently locking payableToken funds.",Check payableToken equals RoyaltyVault.royaltyAsset before setting royaltyVault.,Web3Bugs report 104.md; Code4rena report; GitHub issue 73; CoreCollection.sol; ERC721Payable.sol; RoyaltyVault.sol,yes,,MV-SI,Type-III-governance-config,no,NA-no-strict-B0-match,FN0-no-same-finding-tag-row,"invariant=CoreCollection.payableToken must equal RoyaltyVault.royaltyAsset for fee routing to be withdrawable/distributable. | entities=CoreCollection.payableToken, RoyaltyVault.royaltyAsset, royaltyVault address | primary=CoreCollection.payableToken | counterpart=RoyaltyVault.royaltyAsset | external_proxy=RoyaltyVault config state | desync=setRoyaltyVault binds a vault without synchronizing/checking its royaltyAsset against payableToken; _handlePayment later sends payableToken to that vault. | sink=transfer | impact=loss | attacker=privileged | label_notes=Cross-contract configuration-state invariant: CoreCollection.payableToken must equal RoyaltyVault.royaltyAsset; mismatch can permanently lock minting fees. | strict_match=No same-finding MV-Bench row was found for payableToken/royaltyAsset configuration mismatch."
60,60protocol,WEB3BUGS-60-H-01,Code4rena,High,S6-4,2022-01-24,https://github.com/code-423n4/2021-12-perennial-findings/issues/18,2021-12-perennial#h-01,2021-12-perennial,H-01,perennial,Wrong shortfall calculation,OptimisticLedger.settleAccount double-adds existing shortfall when computing a new shortfall.,"Settling an account with negative balance inflates global shortfall beyond the actual deficit, blocking correct withdrawals unless funds are donated.",Assign the computed shortfall once instead of adding the previous shortfall twice.,Web3Bugs report 60.md; Code4rena report; GitHub issue 18; OptimisticLedger.sol,yes,,other-logical-bug,NA,not_applicable,NA-not-MVSI,NA-not-MVSI,"invariant=Global shortfall should equal the sum of unresolved account deficits. | entities=shortfall arithmetic expression | primary=OptimisticLedger.shortfall | counterpart=account balance deficit | desync=settleAccount computes shortfall as existing shortfall plus new deficit, then adds that computed value back into self.shortfall. | sink=accounting | impact=loss | attacker=unprivileged | label_notes=Arithmetic/accounting formula error. It does not require stale or desynchronized multi-state entities. | strict_match=Not in MV-SI recall denominator."
60,60protocol,WEB3BUGS-60-H-02,Code4rena,High,SC,2022-01-24,https://github.com/code-423n4/2021-12-perennial-findings/issues/74,2021-12-perennial#h-02,2021-12-perennial,H-02,perennial,withdrawTo Does Not Sync Before Checking A Position's Margin Requirements,"Collateral.withdrawTo performs collateral withdrawal without settling the account/product first, so margin checks can use stale oracle-derived position maintenance.",A user can withdraw collateral while an account is undercollateralized if the oracle/product state has not been synced before the maintenance invariant check.,Call settleForAccount before withdrawal margin checks so maintenance is evaluated against current oracle-settled position state.,Web3Bugs report 60.md; Code4rena report; GitHub issue 74; Collateral.sol; AccountPosition.sol,yes,,MV-SI,Type-I-temporal-checkpoint,no,NA-no-strict-B0-match,FN0-no-same-finding-tag-row,"invariant=Before collateral withdrawal, account collateral must remain sufficient for the current settled position maintenance computed from the latest oracle/product version. | entities=Collateral ledger balance, account position maintenance state, oracle/product price version | primary=Collateral._products[product] account collateral balance | counterpart=product account position maintenance/current and next maintenance | external_proxy=oracle price/version used by product.maintenance and product.maintenanceNext | desync=withdrawTo debits collateral and then checks maintenanceInvariant without first settling/syncing the account to the latest oracle/product version. | sink=accounting | impact=loss | attacker=unprivileged | label_notes=Strict MV-SI: concrete collateral/position/oracle-price synchronization invariant; stale maintenance reaches the collateral withdrawal/accounting decision. | strict_match=No same-finding MV-Bench row was found for withdrawTo missing account/product settlement before maintenance checks."
60,60protocol,WEB3BUGS-60-M-01,Code4rena,Medium,,2022-01-24,https://github.com/code-423n4/2021-12-perennial-findings/issues/63,2021-12-perennial#m-01,2021-12-perennial,M-01,perennial,No checks if given product is created by the factory,Collateral accepts arbitrary product addresses instead of checking that a product was created by the protocol factory.,"A malicious product can return arbitrary maintenance values, trap deposits, and later liquidate or claim collateral from users who interact with the fake product.",Verify product addresses against a factory-maintained registry or query the factory before accepting product interactions.,Web3Bugs report 60.md; Code4rena report; GitHub issue 63; Collateral.sol,yes,,other-logical-bug,NA,not_applicable,NA-not-MVSI,NA-not-MVSI,"invariant=Collateral interactions should only accept products created by the trusted factory. | entities=product address validation | primary=IProduct product argument | counterpart=factory-created product registry | desync=Collateral methods trust an arbitrary product address supplied by the caller. | sink=access-decision | impact=loss | attacker=malicious-product-owner | label_notes=Missing product validation / trust-boundary bug, not stale state or strict MV-SI. | strict_match=Not in MV-SI recall denominator."
60,60protocol,WEB3BUGS-60-M-02,Code4rena,Medium,,2022-01-24,https://github.com/code-423n4/2021-12-perennial-findings/issues/13,2021-12-perennial#m-02,2021-12-perennial,M-02,perennial,Multiple initialization of Collateral contract,"Collateral.initialize lacks a one-time initializer guard, allowing setup values to be changed through repeated initialization under specific deployment conditions.","A malicious deployer or setup flow can initialize with one token/factory configuration, perform actions, and later reinitialize with the intended configuration, hiding the earlier setup.",Add a proper initializer guard / UInitializable pattern so Collateral can only be initialized once.,Web3Bugs report 60.md; Code4rena report; GitHub issue 13; Collateral.initialize,yes,,other-logical-bug,NA,not_applicable,NA-not-MVSI,NA-not-MVSI,"invariant=Collateral initialization should be one-time and immutable after deployment setup. | entities=initialization state | primary=Collateral factory/token configuration | counterpart=initializer/lifecycle guard | desync=initialize can be called multiple times when the first setup uses a zero factory path. | sink=access-decision | impact=loss | attacker=malicious-deployer | label_notes=Initialization/lifecycle control risk, not strict MV/SV stale-state inconsistency. | strict_match=Not in MV-SI recall denominator."
60,60protocol,WEB3BUGS-60-M-03,Code4rena,Medium,,2022-01-24,https://github.com/code-423n4/2021-12-perennial-findings/issues/24,2021-12-perennial#m-03,2021-12-perennial,M-03,perennial,Chainlink's latestRoundData might return stale or incorrect results,"ChainlinkOracle.sync reads latestRoundData without validating stale rounds, round completion, or nonzero/positive price conditions.","The oracle can record or use stale Chainlink data as the protocol price, feeding stale price into downstream margin/accounting decisions.","Validate Chainlink round data using answeredInRound, timestamp, round completion, and positive price checks before accepting the value.",Web3Bugs report 60.md; Code4rena report; GitHub issue 24; ChainlinkOracle.sol,yes,,SV-SI,NA,not_applicable,NA-not-MVSI,NA-not-MVSI,"invariant=Accepted oracle price should be fresh and valid before being stored or used as the current protocol price. | entities=Chainlink latestRoundData answer | primary=ChainlinkOracle price value | external_proxy=Chainlink feed round data | desync=sync accepts latestRoundData without stale-round validation, allowing a stale price value to become the protocol oracle value. | sink=accounting | impact=loss | attacker=external-oracle-condition | label_notes=SV-SI: stale oracle read / missing Chainlink stale-data validation; not MV-SI because no persistent multi-entity synchronization invariant is required. | strict_match=Not in MV-SI recall denominator."
72,72openleverage-contracts,WEB3BUGS-72-H-01,Code4rena,High,L8,2022-03-09,https://github.com/code-423n4/2022-01-openleverage-findings/issues/75,2022-01-openleverage#h-01,2022-01-openleverage,H-01,openleverage,"OpenLevV1Lib's and LPool's doTransferOut functions call native payable.transfer, which can be unusable for smart contract calls",Native-token withdrawals use payable.transfer with the fixed 2300 gas stipend.,"Smart-contract recipients with fallback logic can be unable to receive native-token withdrawals, causing closeTrade, liquidate, redeem, borrow, or repay flows to fail.",Replace transfer with checked low-level call or Address.sendValue in the affected native-token transfer paths.,Web3Bugs report 72.md; Code4rena report; GitHub issue 75; OpenLevV1Lib.sol; LPool.sol,yes,"sheet=72openleverage-contracts | row=4 | abl=B0 | type=TP | finding=[multi_var_cross_contract] lpoolDistributions, {lpoolDistributions}, {block.timestamp, lpoolDistributions}, {lpoolDistributions}, markets, {markets}, locked, totalReserves, {reserveFactorMantissa, totalBorrows, totalReserves}, {totalBorrows, totalReserves}  tx-set -> liquidate(address,uint16,bool,uint256,uint256,bytes)   • write  contracts/OpenLevV1.sol:438  (OpenLevV1.('feesAndInsurance', ['address', 'uint256', 'address', 'uint16', 'uint256', 'uint256'], ['uint256']))   • write  contracts/liquidity/LPool.sol:982  (LPool.('reduceReserves', ['address', 'uint256'], []))   • read  contracts/ControllerV1.sol:349  (ControllerV1.('distributeRewards2Pool', ['address', 'uint256', 'uint256', 'uint64', 'uint64'], []))   • read  contracts/XOLE.sol:311  (XOLE.('_deposit_for', ['address', 'uint256', 'uint256', 'XOLEStorage.LockedBalance', 'int128'], [])) | report=https://github.com/code-423n4/2022-01-openleverage-findings/issues/75 | comments=[H-01]",other-logical-bug,NA,not_applicable,NA-not-MVSI,NA-not-MVSI,"invariant=Native-token transfer paths should support smart-contract recipients that need more than the transfer gas stipend. | entities=native payable transfer compatibility | primary=native-token transfer call | counterpart=recipient fallback gas behavior | desync=doTransferOut uses payable.transfer, so some recipient contracts cannot receive funds. | sink=transfer | impact=funds-freeze | attacker=smart-contract-recipient | label_notes=Gas-stipend / transfer-compatibility bug. It freezes withdrawals for some smart-contract recipients, but there is no multi-state synchronization invariant. | strict_match=Not in MV-SI recall denominator."
72,72openleverage-contracts,WEB3BUGS-72-M-01,Code4rena,Medium,,2022-03-09,https://github.com/code-423n4/2022-01-openleverage-findings/issues/208,2022-01-openleverage#m-01,2022-01-openleverage,M-01,openleverage,UniV2ClassDex.sol#uniClassSell() Tokens with fee on transfer are not fully supported,uniClassSell checks computed buyAmount against minBuyAmount instead of the actual bought balance delta for fee-on-transfer tokens.,A fee-on-transfer buy token can make the actual amount received lower than minBuyAmount while the computed getAmountOut value still passes the slippage check.,Compare the actual bought amount from before/after balance delta against minBuyAmount.,Web3Bugs report 72.md; Code4rena report; GitHub issue 208; UniV2ClassDex.sol,yes,,other-logical-bug,NA,not_applicable,NA-not-MVSI,NA-not-MVSI,"invariant=Slippage validation should be based on the actual amount received, not only the computed swap estimate. | entities=computed buyAmount and actual bought balance delta | primary=computed buyAmount | counterpart=actual bought balance delta | external_proxy=Uniswap-style pair reserves and fee-on-transfer token behavior | desync=uniClassSell validates buyAmount before computing and checking the actual bought delta. | sink=branch | impact=value-leakage | attacker=unprivileged | label_notes=Slippage/fee-on-transfer validation bug. It uses a computed amount instead of actual bought amount, not a persistent protocol state desynchronization. | strict_match=Not in MV-SI recall denominator."
72,72openleverage-contracts,WEB3BUGS-72-M-02,Code4rena,Medium,,2022-03-09,https://github.com/code-423n4/2022-01-openleverage-findings/issues/61,2022-01-openleverage#m-02,2022-01-openleverage,M-02,openleverage,Missing payable,LPool.addReserves uses msg.value but is not marked payable.,Users cannot add native-token reserves through a function that reads msg.value because calls with ETH revert at the ABI/modifier boundary.,Mark addReserves payable when it is intended to accept native ETH value.,Web3Bugs report 72.md; Code4rena report; GitHub issue 61; LPool.sol,yes,"sheet=72openleverage-contracts | row=79 | abl=B0 | type=TP | finding=[multi_var_cross_contract] totalReserves, {reserveFactorMantissa, totalBorrows, totalReserves}, {totalBorrows, totalReserves}  tx-set -> accrueInterest(), addReserves(uint256)   • write  contracts/liquidity/LPool.sol:636  (LPool.('accrueInterest', [], []))   • write  contracts/liquidity/LPool.sol:974  (LPool.('addReserves', ['uint256'], []))   • read  contracts/liquidity/LPool.sol:591  (LPool.('accrueInterest', [], []))   • read  contracts/liquidity/LPool.sol:973  (LPool.('addReserves', ['uint256'], [])) | report=https://github.com/code-423n4/2022-01-openleverage-findings/issues/61 | comments=[M-02] || sheet=72openleverage-contracts | row=80 | abl=B0 | type=TP | finding=[multi_var_cross_contract] totalReserves, {reserveFactorMantissa, totalBorrows, totalReserves}, {totalBorrows, totalReserves}  tx-set -> addReserves(uint256)   • write  contracts/liquidity/LPool.sol:974  (LPool.('addReserves', ['uint256'], []))   • read  contracts/liquidity/LPool.sol:973  (LPool.('addReserves', ['uint256'], [])) | report=https://github.com/code-423n4/2022-01-openleverage-findings/issues/61 | comments=[M-02] || sheet=72openleverage-contracts | row=81 | abl=B0 | type=TP | finding=[multi_var_cross_contract] totalReserves, {reserveFactorMantissa, totalBorrows, totalReserves}, {totalBorrows, totalReserves}  tx-set -> addReserves(uint256), liquidate(address,uint16,bool,uint256,uint256,bytes)   • write  contracts/liquidity/LPool.sol:974  (LPool.('addReserves', ['uint256'], []))   • read  contracts/liquidity/LPool.sol:981  (LPool.('reduceReserves', ['address', 'uint256'], []))   • read  contracts/liquidity/LPool.sol:562  (LPool.('calCurrentBorrowIndex', [], ['CarefulMath.MathError', 'uint256'])) | report=https://github.com/code-423n4/2022-01-openleverage-findings/issues/61 | comments=[M-02] || sheet=72openleverage-contracts | row=82 | abl=B0 | type=TP | finding=[multi_var_cross_contract] totalReserves, {reserveFactorMantissa, totalBorrows, totalReserves}, {totalBorrows, totalReserves}  tx-set -> addReserves(uint256), availableForBorrow()   • write  contracts/liquidity/LPool.sol:974  (LPool.('addReserves', ['uint256'], []))   • read  contracts/liquidity/LPool.sol:305  (LPool.('availableForBorrow', [], ['uint256'])) | report=https://github.com/code-423n4/2022-01-openleverage-findings/issues/61 | comments=[M-02] || sheet=72openleverage-contracts | row=83 | abl=B0 | type=TP | finding=[multi_var_cross_contract] totalReserves, {reserveFactorMantissa, totalBorrows, totalReserves}, {totalBorrows, totalReserves}  tx-set -> addReserves(uint256), totalBorrowsCurrent()   • write  contracts/liquidity/LPool.sol:974  (LPool.('addReserves', ['uint256'], []))   • read  contracts/liquidity/LPool.sol:412  (LPool.('totalBorrowsCurrent', [], ['uint256'])) | report=https://github.com/code-423n4/2022-01-openleverage-findings/issues/61 | comments=[M-02] || sheet=72openleverage-contracts | row=84 | abl=B0 | type=TP | finding=[multi_var_cross_contract] totalReserves, {reserveFactorMantissa, totalBorrows, totalReserves}, {totalBorrows, totalReserves}  tx-set -> addReserves(uint256), borrowRatePerBlock()   • write  contracts/liquidity/LPool.sol:974  (LPool.('addReserves', ['uint256'], []))   • read  contracts/liquidity/LPool.sol:533  (LPool.('exchangeRateStoredInternal', [], ['CarefulMath.MathError', 'uint256'])) | report=https://github.com/code-423n4/2022-01-openleverage-findings/issues/61 | comments=[M-02] || sheet=72openleverage-contracts | row=167 | abl=B1 | type=TP | finding=[multi_var_cross_contract] totalReserves, {totalBorrows, totalReserves}, {reserveFactorMantissa, totalBorrows, totalReserves}  tx-set -> addReserves(uint256), availableForBorrow()   • write  contracts/liquidity/LPool.sol:974  (LPool.('addReserves', ['uint256'], []))   • read  contracts/liquidity/LPool.sol:305  (LPool.('availableForBorrow', [], ['uint256'])) | report= | comments=[M-02] adjacent || sheet=72openleverage-contracts | row=171 | abl=B1 | type=TP | finding=[multi_var_cross_contract] totalReserves, {totalBorrows, totalReserves}, {reserveFactorMantissa, totalBorrows, totalReserves}  tx-set -> addReserves(uint256), liquidateAllowed(uint256,address,uint256,bytes)   • write  contracts/liquidity/LPool.sol:974  (LPool.('addReserves', ['uint256'], []))   • read  contracts/liquidity/LPool.sol:981  (LPool.('reduceReserves', ['address', 'uint256'], [])) | report=https://github.com/code-423n4/2022-01-openleverage-findings/issues/61 | comments=[M-02] || sheet=72openleverage-contracts | row=172 | abl=B1 | type=TP | finding=[multi_var_cross_contract] totalReserves, {totalBorrows, totalReserves}, {reserveFactorMantissa, totalBorrows, totalReserves}  tx-set -> addReserves(uint256)   • write  contracts/liquidity/LPool.sol:974  (LPool.('addReserves', ['uint256'], []))   • read  contracts/liquidity/LPool.sol:973  (LPool.('addReserves', ['uint256'], [])) | report=https://github.com/code-423n4/2022-01-openleverage-findings/issues/61 | comments=[M-02] || sheet=72openleverage-contracts | row=173 | abl=B1 | type=TP | finding=[multi_var_cross_contract] totalReserves, {totalBorrows, totalReserves}, {reserveFactorMantissa, totalBorrows, totalReserves}  tx-set -> accrueInterest(), liquidateAllowed(uint256,address,uint256,bytes)   • write  contracts/liquidity/LPool.sol:636  (LPool.('accrueInterest', [], []))   • read  contracts/liquidity/LPool.sol:981  (LPool.('reduceReserves', ['address', 'uint256'], [])) | report=https://github.com/code-423n4/2022-01-openleverage-findings/issues/61 | comments=[M-02] || sheet=72openleverage-contracts | row=174 | abl=B1 | type=TP | finding=[multi_var_cross_contract] totalReserves, {totalBorrows, totalReserves}, {reserveFactorMantissa, totalBorrows, totalReserves}  tx-set -> liquidateAllowed(uint256,address,uint256,bytes)   • write  contracts/liquidity/LPool.sol:982  (LPool.('reduceReserves', ['address', 'uint256'], []))   • read  contracts/liquidity/LPool.sol:981  (LPool.('reduceReserves', ['address', 'uint256'], [])) | report=https://github.com/code-423n4/2022-01-openleverage-findings/issues/61 | comments=[M-02] || sheet=72openleverage-contracts | row=257 | abl=B2 | type=TP | finding=[multi_var_cross_contract] totalReserves, {totalBorrows, totalReserves}, {reserveFactorMantissa, totalBorrows, totalReserves}  tx-set -> addReserves(uint256), totalBorrowsCurrent()   • write  contracts/liquidity/LPool.sol:974  (LPool.('addReserves', ['uint256'], []))   • read  contracts/liquidity/LPool.sol:412  (LPool.('totalBorrowsCurrent', [], ['uint256'])) | report=https://github.com/code-423n4/2022-01-openleverage-findings/issues/61 | comments=[M-02] || sheet=72openleverage-contracts | row=258 | abl=B2 | type=TP | finding=[multi_var_cross_contract] totalReserves, {totalBorrows, totalReserves}, {reserveFactorMantissa, totalBorrows, totalReserves}  tx-set -> addReserves(uint256)   • write  contracts/liquidity/LPool.sol:974  (LPool.('addReserves', ['uint256'], []))   • read  contracts/liquidity/LPool.sol:973  (LPool.('addReserves', ['uint256'], [])) | report=https://github.com/code-423n4/2022-01-openleverage-findings/issues/61 | comments=[M-02] || sheet=72openleverage-contracts | row=340 | abl=B3 | type=TP | finding=[multi_var_cross_contract] totalReserves, {reserveFactorMantissa, totalBorrows, totalReserves}, {totalBorrows, totalReserves}  tx-set -> accrueInterest(), addReserves(uint256)   • write  contracts/liquidity/LPool.sol:636  (LPool.('accrueInterest', [], []))   • write  contracts/liquidity/LPool.sol:974  (LPool.('addReserves', ['uint256'], []))   • read  contracts/liquidity/LPool.sol:591  (LPool.('accrueInterest', [], []))   • read  contracts/liquidity/LPool.sol:973  (LPool.('addReserves', ['uint256'], [])) | report=https://github.com/code-423n4/2022-01-openleverage-findings/issues/61 | comments=[M-02] || sheet=72openleverage-contracts | row=341 | abl=B3 | type=TP | finding=[multi_var_cross_contract] totalReserves, {reserveFactorMantissa, totalBorrows, totalReserves}, {totalBorrows, totalReserves}  tx-set -> addReserves(uint256), availableForBorrow()   • write  contracts/liquidity/LPool.sol:974  (LPool.('addReserves', ['uint256'], []))   • read  contracts/liquidity/LPool.sol:305  (LPool.('availableForBorrow', [], ['uint256'])) | report=https://github.com/code-423n4/2022-01-openleverage-findings/issues/61 | comments=[M-02] || sheet=72openleverage-contracts | row=342 | abl=B3 | type=TP | finding=[multi_var_cross_contract] totalReserves, {reserveFactorMantissa, totalBorrows, totalReserves}, {totalBorrows, totalReserves}  tx-set -> addReserves(uint256), getSupplyRewards(LPoolInterface[],address)   • write  contracts/liquidity/LPool.sol:974  (LPool.('addReserves', ['uint256'], []))   • read  contracts/liquidity/LPool.sol:981  (LPool.('reduceReserves', ['address', 'uint256'], []))   • read  contracts/liquidity/LPool.sol:906  (LPool.('repayBorrowFresh', ['address', 'address', 'uint256', 'bool'], ['uint256'])) | report=https://github.com/code-423n4/2022-01-openleverage-findings/issues/61 | comments=[M-02] || sheet=72openleverage-contracts | row=343 | abl=B3 | type=TP | finding=[multi_var_cross_contract] totalReserves, {reserveFactorMantissa, totalBorrows, totalReserves}, {totalBorrows, totalReserves}  tx-set -> addReserves(uint256), supplyRatePerBlock()   • write  contracts/liquidity/LPool.sol:974  (LPool.('addReserves', ['uint256'], []))   • write  contracts/liquidity/LPool.sol:915  (LPool.('repayBorrowFresh', ['address', 'address', 'uint256', 'bool'], ['uint256']))   • read  contracts/liquidity/LPool.sol:533  (LPool.('exchangeRateStoredInternal', [], ['CarefulMath.MathError', 'uint256']))   • read  contracts/liquidity/LPool.sol:562  (LPool.('calCurrentBorrowIndex', [], ['CarefulMath.MathError', 'uint256'])) | report=https://github.com/code-423n4/2022-01-openleverage-findings/issues/61 | comments=[M-02] || sheet=72openleverage-contracts | row=344 | abl=B3 | type=TP | finding=[multi_var_cross_contract] totalReserves, {reserveFactorMantissa, totalBorrows, totalReserves}, {totalBorrows, totalReserves}  tx-set -> addReserves(uint256), totalBorrowsCurrent()   • write  contracts/liquidity/LPool.sol:974  (LPool.('addReserves', ['uint256'], []))   • read  contracts/liquidity/LPool.sol:412  (LPool.('totalBorrowsCurrent', [], ['uint256'])) | report=https://github.com/code-423n4/2022-01-openleverage-findings/issues/61 | comments=[M-02] || sheet=72openleverage-contracts | row=345 | abl=B3 | type=TP | finding=[multi_var_cross_contract] totalReserves, {reserveFactorMantissa, totalBorrows, totalReserves}, {totalBorrows, totalReserves}  tx-set -> addReserves(uint256)   • write  contracts/liquidity/LPool.sol:974  (LPool.('addReserves', ['uint256'], []))   • read  contracts/liquidity/LPool.sol:973  (LPool.('addReserves', ['uint256'], [])) | report=https://github.com/code-423n4/2022-01-openleverage-findings/issues/61 | comments=[M-02] || sheet=72openleverage-contracts | row=380 | abl=B4 | type=TP | finding=[multi_var_cross_contract] totalReserves, {reserveFactorMantissa, totalBorrows, totalReserves}, {totalBorrows, totalReserves}  tx-set -> addReserves(uint256)   • write  contracts/liquidity/LPool.sol:974  (LPool.('addReserves', ['uint256'], []))   • read  contracts/liquidity/LPool.sol:973  (LPool.('addReserves', ['uint256'], [])) | report=https://github.com/code-423n4/2022-01-openleverage-findings/issues/61 | comments=[M-02] || sheet=72openleverage-contracts | row=381 | abl=B4 | type=TP | finding=[multi_var_cross_contract] totalReserves, {reserveFactorMantissa, totalBorrows, totalReserves}, {totalBorrows, totalReserves}  tx-set -> accrueInterest(), addReserves(uint256)   • write  contracts/liquidity/LPool.sol:636  (LPool.('accrueInterest', [], []))   • read  contracts/liquidity/LPool.sol:973  (LPool.('addReserves', ['uint256'], [])) | report=https://github.com/code-423n4/2022-01-openleverage-findings/issues/61 | comments=[M-02] || sheet=72openleverage-contracts | row=461 | abl=B6 | type=TP | finding=[multi_var_cross_contract] totalReserves, {reserveFactorMantissa, totalBorrows, totalReserves}, {totalBorrows, totalReserves}  tx-set -> accrueInterest(), addReserves(uint256)   • write  contracts/liquidity/LPool.sol:974  (LPool.('addReserves', ['uint256'], []))   • write  contracts/liquidity/LPool.sol:636  (LPool.('accrueInterest', [], []))   • read  contracts/liquidity/LPool.sol:973  (LPool.('addReserves', ['uint256'], []))   • read  contracts/liquidity/LPool.sol:591  (LPool.('accrueInterest', [], [])) | report=https://github.com/code-423n4/2022-01-openleverage-findings/issues/61 | comments=[M-02] || sheet=72openleverage-contracts | row=463 | abl=B6 | type=TP | finding=[multi_var_cross_contract] totalReserves, {reserveFactorMantissa, totalBorrows, totalReserves}, {totalBorrows, totalReserves}  tx-set -> addReserves(uint256), availableForBorrow()   • write  contracts/liquidity/LPool.sol:974  (LPool.('addReserves', ['uint256'], []))   • read  contracts/liquidity/LPool.sol:305  (LPool.('availableForBorrow', [], ['uint256'])) | report=https://github.com/code-423n4/2022-01-openleverage-findings/issues/61 | comments=[M-02] || sheet=72openleverage-contracts | row=464 | abl=B6 | type=TP | finding=[multi_var_cross_contract] totalReserves, {reserveFactorMantissa, totalBorrows, totalReserves}, {totalBorrows, totalReserves}  tx-set -> addReserves(uint256)   • write  contracts/liquidity/LPool.sol:974  (LPool.('addReserves', ['uint256'], []))   • read  contracts/liquidity/LPool.sol:973  (LPool.('addReserves', ['uint256'], [])) | report=https://github.com/code-423n4/2022-01-openleverage-findings/issues/61 | comments=[M-02] || sheet=72openleverage-contracts | row=465 | abl=B6 | type=TP | finding=[multi_var_cross_contract] totalReserves, {reserveFactorMantissa, totalBorrows, totalReserves}, {totalBorrows, totalReserves}  tx-set -> addReserves(uint256), totalBorrowsCurrent()   • write  contracts/liquidity/LPool.sol:974  (LPool.('addReserves', ['uint256'], []))   • read  contracts/liquidity/LPool.sol:412  (LPool.('totalBorrowsCurrent', [], ['uint256'])) | report=https://github.com/code-423n4/2022-01-openleverage-findings/issues/61 | comments=[M-02]",other-logical-bug,NA,not_applicable,NA-not-MVSI,NA-not-MVSI,invariant=Functions that consume msg.value for native reserves must be payable. | entities=payable function modifier | primary=LPool.addReserves payable modifier | counterpart=msg.value | desync=addReserves reads msg.value but the function is not payable. | sink=access-decision | impact=denial-of-service | attacker=unprivileged | label_notes=ABI/function-modifier bug: function uses msg.value but is not payable. No stale state or coupled state. | strict_match=Not in MV-SI recall denominator.
72,72openleverage-contracts,WEB3BUGS-72-M-03,Code4rena,Medium,,2022-03-09,https://github.com/code-423n4/2022-01-openleverage-findings/issues/80,2022-01-openleverage#m-03,2022-01-openleverage,M-03,openleverage,Eth sent to Timelock will be locked in current implementation,Governor/Timelock execution routes proposal ETH value from msg.sender rather than from the Timelock balance.,ETH held by Timelock cannot be sent out by governance execution; successful value transfer requires the executor to provide fresh ETH.,Execute queued transactions through Timelock without forwarding user-supplied msg.value as the source of proposal funds.,Web3Bugs report 72.md; Code4rena report; GitHub issue 80; GovernorAlpha.sol; Timelock.sol,yes,"sheet=72openleverage-contracts | row=38 | abl=B0 | type=TP | finding=[single_var_cross_tx] proposals  tx-set -> execute(uint256), getPriorVotes(address,uint256)   • write  contracts/gov/GovernorAlpha.sol:332  (GovernorAlpha.('_castVote', ['address', 'uint256', 'bool'], []))   • read  contracts/gov/GovernorAlpha.sol:226  (GovernorAlpha.('execute', ['uint256'], ['bool'])) | report=https://github.com/code-423n4/2022-01-openleverage-findings/issues/80 | comments=[M-03] || sheet=72openleverage-contracts | row=223 | abl=B2 | type=TP | finding=[single_var_cross_tx] proposals  tx-set -> execute(uint256), getPriorVotes(address,uint256)   • write  contracts/gov/GovernorAlpha.sol:334  (GovernorAlpha.('_castVote', ['address', 'uint256', 'bool'], []))   • read  contracts/gov/GovernorAlpha.sol:226  (GovernorAlpha.('execute', ['uint256'], ['bool'])) | report=https://github.com/code-423n4/2022-01-openleverage-findings/issues/80 | comments=[M-03] || sheet=72openleverage-contracts | row=300 | abl=B3 | type=TP | finding=[single_var_cross_tx] proposals  tx-set -> execute(uint256), getPriorVotes(address,uint256)   • write  contracts/gov/GovernorAlpha.sol:334  (GovernorAlpha.('_castVote', ['address', 'uint256', 'bool'], []))   • read  contracts/gov/GovernorAlpha.sol:226  (GovernorAlpha.('execute', ['uint256'], ['bool'])) | report=https://github.com/code-423n4/2022-01-openleverage-findings/issues/80 | comments=[M-03] || sheet=72openleverage-contracts | row=424 | abl=B6 | type=TP | finding=[single_var_cross_tx] proposals  tx-set -> execute(uint256), getPriorVotes(address,uint256)   • write  contracts/gov/GovernorAlpha.sol:334  (GovernorAlpha.('_castVote', ['address', 'uint256', 'bool'], []))   • read  contracts/gov/GovernorAlpha.sol:226  (GovernorAlpha.('execute', ['uint256'], ['bool'])) | report=https://github.com/code-423n4/2022-01-openleverage-findings/issues/80 | comments=[M-03]",other-logical-bug,NA,not_applicable,NA-not-MVSI,NA-not-MVSI,"invariant=Governance execution should route ETH value from the Timelock-held funds when executing proposals. | entities=Timelock ETH balance and proposal execution value | primary=Timelock ETH balance | counterpart=proposal value execution path | desync=execute sends proposal value from msg.sender instead of using ETH already held by Timelock. | sink=external-call | impact=funds-lock | attacker=governance-executor | label_notes=Governance execution/value-routing bug. The proposal sends ETH from msg.sender, not the Timelock balance. No MV-SI invariant. | strict_match=Not in MV-SI recall denominator."
72,72openleverage-contracts,WEB3BUGS-72-M-04,Code4rena,Medium,,2022-03-09,https://github.com/code-423n4/2022-01-openleverage-findings/issues/104,2022-01-openleverage#m-04,2022-01-openleverage,M-04,openleverage,OpenLevV1.closeTrade with V3 DEX doesn't correctly accounts fee on transfer tokens for repayments,The V3 closeTrade sell path trusts the DEX-returned receiveAmount for repayment accounting instead of measuring the actual token balance received after fee-on-transfer behavior.,"A taxed token can make actual funds received lower than the DEX-indicated receive amount, while debt repayment accounting consumes the larger reported amount, creating protocol deficit or failed closeTrade transfers.",Use before/after balance checks for V3 DEX sell logic and base repayment/user-return accounting on actual received tokens.,Web3Bugs report 72.md; Code4rena report; GitHub issue 104; OpenLevV1.sol; UniV3Dex.sol,yes,"sheet=72openleverage-contracts | row=13 | abl=B0 | type=TP | finding=[multi_var_cross_contract] activeTrades, markets, {markets}  tx-set -> closeTrade(uint16,bool,uint256,uint256,bytes), liquidate(address,uint16,bool,uint256,uint256,bytes)   • write  contracts/OpenLevV1.sol:438  (OpenLevV1.('feesAndInsurance', ['address', 'uint256', 'address', 'uint16', 'uint256', 'uint256'], ['uint256']))   • write  contracts/OpenLevV1.sol:413  (OpenLevV1.('reduceInsurance', ['uint256', 'uint256', 'uint16', 'bool', 'address', 'uint256'], ['uint256']))   • read  contracts/OpenLevV1.sol:170  (OpenLevV1.('closeTrade', ['uint16', 'bool', 'uint256', 'uint256', 'bytes'], []))   • read  contracts/OpenLevV1.sol:318  (OpenLevV1.('liquidate', ['address', 'uint16', 'bool', 'uint256', 'uint256', 'bytes'], [])) | report=https://github.com/code-423n4/2022-01-openleverage-findings/issues/104 https://github.com/code-423n4/2022-01-openleverage-findings/issues/233 | comments=[M-04], [M-05] || sheet=72openleverage-contracts | row=98 | abl=B1 | type=TP | finding=[multi_var_cross_contract] activeTrades, markets, {markets}  tx-set -> closeTrade(uint16,bool,uint256,uint256,bytes), liquidate(address,uint16,bool,uint256,uint256,bytes)   • write  contracts/OpenLevV1.sol:225  (OpenLevV1.('closeTrade', ['uint16', 'bool', 'uint256', 'uint256', 'bytes'], []))   • write  contracts/OpenLevV1.sol:398  (OpenLevV1.('reduceInsurance', ['uint256', 'uint256', 'uint16', 'bool', 'address', 'uint256'], ['uint256']))   • read  contracts/OpenLevV1.sol:318  (OpenLevV1.('liquidate', ['address', 'uint16', 'bool', 'uint256', 'uint256', 'bytes'], []))   • read  contracts/OpenLevV1.sol:170  (OpenLevV1.('closeTrade', ['uint16', 'bool', 'uint256', 'uint256', 'bytes'], [])) | report=https://github.com/code-423n4/2022-01-openleverage-findings/issues/104 https://github.com/code-423n4/2022-01-openleverage-findings/issues/233 | comments=[M-04], [M-05] || sheet=72openleverage-contracts | row=189 | abl=B2 | type=TP | finding=[multi_var_cross_contract] activeTrades, markets, {markets}  tx-set -> closeTrade(uint16,bool,uint256,uint256,bytes), liquidate(address,uint16,bool,uint256,uint256,bytes)   • write  contracts/OpenLevV1.sol:398  (OpenLevV1.('reduceInsurance', ['uint256', 'uint256', 'uint16', 'bool', 'address', 'uint256'], ['uint256']))   • write  contracts/OpenLevV1.sol:438  (OpenLevV1.('feesAndInsurance', ['address', 'uint256', 'address', 'uint16', 'uint256', 'uint256'], ['uint256']))   • read  contracts/OpenLevV1.sol:248  (OpenLevV1.('liquidate', ['address', 'uint16', 'bool', 'uint256', 'uint256', 'bytes'], []))   • read  contracts/OpenLevV1.sol:318  (OpenLevV1.('liquidate', ['address', 'uint16', 'bool', 'uint256', 'uint256', 'bytes'], [])) | report=https://github.com/code-423n4/2022-01-openleverage-findings/issues/104 https://github.com/code-423n4/2022-01-openleverage-findings/issues/233 | comments=[M-04], [M-05] || sheet=72openleverage-contracts | row=391 | abl=B6 | type=TP | finding=[multi_var_cross_contract] activeTrades, markets, {markets}  tx-set -> closeTrade(uint16,bool,uint256,uint256,bytes), liquidate(address,uint16,bool,uint256,uint256,bytes)   • write  contracts/OpenLevV1.sol:438  (OpenLevV1.('feesAndInsurance', ['address', 'uint256', 'address', 'uint16', 'uint256', 'uint256'], ['uint256']))   • write  contracts/OpenLevV1.sol:398  (OpenLevV1.('reduceInsurance', ['uint256', 'uint256', 'uint16', 'bool', 'address', 'uint256'], ['uint256']))   • read  contracts/OpenLevV1.sol:318  (OpenLevV1.('liquidate', ['address', 'uint16', 'bool', 'uint256', 'uint256', 'bytes'], []))   • read  contracts/OpenLevV1.sol:248  (OpenLevV1.('liquidate', ['address', 'uint16', 'bool', 'uint256', 'uint256', 'bytes'], [])) | report=https://github.com/code-423n4/2022-01-openleverage-findings/issues/104 https://github.com/code-423n4/2022-01-openleverage-findings/issues/233 | comments=[M-04], [M-05] || sheet=72openleverage-contracts | row=394 | abl=B6 | type=TP | finding=[single_var_cross_tx] activeTrades  tx-set -> liquidate(address,uint16,bool,uint256,uint256,bytes), marginTrade(uint16,bool,bool,uint256,uint256,uint256,bytes)   • write  contracts/OpenLevV1.sol:145  (OpenLevV1.('marginTrade', ['uint16', 'bool', 'bool', 'uint256', 'uint256', 'uint256', 'bytes'], []))   • read  contracts/OpenLevV1.sol:318  (OpenLevV1.('liquidate', ['address', 'uint16', 'bool', 'uint256', 'uint256', 'bytes'], [])) | report=https://github.com/code-423n4/2022-01-openleverage-findings/issues/104 https://github.com/code-423n4/2022-01-openleverage-findings/issues/233 | comments=[M-04], [M-05]",MV-SI,Type-II-asset-utility,yes,72:B0:row13,NA-strict-B0-match,"invariant=Debt repayment accounting during closeTrade must be synchronized with the actual token amount received by the contract after the swap. | entities=actual OpenLevV1 token balance received, DEX-reported receiveAmount, internal repayment/debt accounting | primary=actual contract/token balance received after swap | counterpart=internal repayment/debt accounting consumed by closeTrade | external_proxy=V3 DEX-reported receiveAmount and fee-on-transfer token behavior | desync=closeTrade / V3 sell path consumes the DEX-returned receiveAmount for repayment without synchronizing it to the actual before/after token balance. | sink=accounting | impact=loss | attacker=unprivileged | label_notes=Clear MV-SI: actual funds received can be less than DEX-reported receive amount, but the reported amount is consumed for debt repayment accounting. | strict_match=B0 row 13 has same repo/finding, activeTrades/markets repayment-accounting state, closeTrade step, and accounting/loss sink."
72,72openleverage-contracts,WEB3BUGS-72-M-05,Code4rena,Medium,,2022-03-09,https://github.com/code-423n4/2022-01-openleverage-findings/issues/233,2022-01-openleverage#m-05,2022-01-openleverage,M-05,openleverage,anti-flashloan mechanism may lead to protocol default,The anti-flashloan price guard can revert liquidation when spot price is more than the allowed difference below TWAP during fast downward markets.,"Liquidations can remain blocked while prices trend down, allowing undercollateralized positions to persist and potentially creating protocol default.",Use TWAP to determine health or redesign the liquidation guard so legitimate liquidations are not blocked during rapid market moves.,Web3Bugs report 72.md; Code4rena report; GitHub issue 233; OpenLevV1Lib.sol,yes,"sheet=72openleverage-contracts | row=10 | abl=B0 | type=TP | finding=[multi_var_cross_contract] activeTrades, markets, {markets}  tx-set -> liquidate(address,uint16,bool,uint256,uint256,bytes), marginTrade(uint16,bool,bool,uint256,uint256,uint256,bytes)   • write  contracts/OpenLevV1.sol:438  (OpenLevV1.('feesAndInsurance', ['address', 'uint256', 'address', 'uint16', 'uint256', 'uint256'], ['uint256']))   • write  contracts/OpenLevV1.sol:145  (OpenLevV1.('marginTrade', ['uint16', 'bool', 'bool', 'uint256', 'uint256', 'uint256', 'bytes'], []))   • read  contracts/OpenLevV1.sol:95  (OpenLevV1.('marginTrade', ['uint16', 'bool', 'bool', 'uint256', 'uint256', 'uint256', 'bytes'], []))   • read  contracts/OpenLevV1.sol:318  (OpenLevV1.('liquidate', ['address', 'uint16', 'bool', 'uint256', 'uint256', 'bytes'], [])) | report=https://github.com/code-423n4/2022-01-openleverage-findings/issues/233 | comments=[M-05] || sheet=72openleverage-contracts | row=13 | abl=B0 | type=TP | finding=[multi_var_cross_contract] activeTrades, markets, {markets}  tx-set -> closeTrade(uint16,bool,uint256,uint256,bytes), liquidate(address,uint16,bool,uint256,uint256,bytes)   • write  contracts/OpenLevV1.sol:438  (OpenLevV1.('feesAndInsurance', ['address', 'uint256', 'address', 'uint16', 'uint256', 'uint256'], ['uint256']))   • write  contracts/OpenLevV1.sol:413  (OpenLevV1.('reduceInsurance', ['uint256', 'uint256', 'uint16', 'bool', 'address', 'uint256'], ['uint256']))   • read  contracts/OpenLevV1.sol:170  (OpenLevV1.('closeTrade', ['uint16', 'bool', 'uint256', 'uint256', 'bytes'], []))   • read  contracts/OpenLevV1.sol:318  (OpenLevV1.('liquidate', ['address', 'uint16', 'bool', 'uint256', 'uint256', 'bytes'], [])) | report=https://github.com/code-423n4/2022-01-openleverage-findings/issues/104 https://github.com/code-423n4/2022-01-openleverage-findings/issues/233 | comments=[M-04], [M-05] || sheet=72openleverage-contracts | row=95 | abl=B1 | type=TP | finding=[multi_var_cross_contract] activeTrades, markets, {markets}  tx-set -> liquidate(address,uint16,bool,uint256,uint256,bytes), marginTrade(uint16,bool,bool,uint256,uint256,uint256,bytes)   • write  contracts/OpenLevV1.sol:145  (OpenLevV1.('marginTrade', ['uint16', 'bool', 'bool', 'uint256', 'uint256', 'uint256', 'bytes'], []))   • write  contracts/OpenLevV1.sol:436  (OpenLevV1.('feesAndInsurance', ['address', 'uint256', 'address', 'uint16', 'uint256', 'uint256'], ['uint256']))   • read  contracts/OpenLevV1.sol:95  (OpenLevV1.('marginTrade', ['uint16', 'bool', 'bool', 'uint256', 'uint256', 'uint256', 'bytes'], []))   • read  contracts/OpenLevV1.sol:248  (OpenLevV1.('liquidate', ['address', 'uint16', 'bool', 'uint256', 'uint256', 'bytes'], [])) | report=https://github.com/code-423n4/2022-01-openleverage-findings/issues/233 | comments=[M-05] || sheet=72openleverage-contracts | row=98 | abl=B1 | type=TP | finding=[multi_var_cross_contract] activeTrades, markets, {markets}  tx-set -> closeTrade(uint16,bool,uint256,uint256,bytes), liquidate(address,uint16,bool,uint256,uint256,bytes)   • write  contracts/OpenLevV1.sol:225  (OpenLevV1.('closeTrade', ['uint16', 'bool', 'uint256', 'uint256', 'bytes'], []))   • write  contracts/OpenLevV1.sol:398  (OpenLevV1.('reduceInsurance', ['uint256', 'uint256', 'uint16', 'bool', 'address', 'uint256'], ['uint256']))   • read  contracts/OpenLevV1.sol:318  (OpenLevV1.('liquidate', ['address', 'uint16', 'bool', 'uint256', 'uint256', 'bytes'], []))   • read  contracts/OpenLevV1.sol:170  (OpenLevV1.('closeTrade', ['uint16', 'bool', 'uint256', 'uint256', 'bytes'], [])) | report=https://github.com/code-423n4/2022-01-openleverage-findings/issues/104 https://github.com/code-423n4/2022-01-openleverage-findings/issues/233 | comments=[M-04], [M-05] || sheet=72openleverage-contracts | row=189 | abl=B2 | type=TP | finding=[multi_var_cross_contract] activeTrades, markets, {markets}  tx-set -> closeTrade(uint16,bool,uint256,uint256,bytes), liquidate(address,uint16,bool,uint256,uint256,bytes)   • write  contracts/OpenLevV1.sol:398  (OpenLevV1.('reduceInsurance', ['uint256', 'uint256', 'uint16', 'bool', 'address', 'uint256'], ['uint256']))   • write  contracts/OpenLevV1.sol:438  (OpenLevV1.('feesAndInsurance', ['address', 'uint256', 'address', 'uint16', 'uint256', 'uint256'], ['uint256']))   • read  contracts/OpenLevV1.sol:248  (OpenLevV1.('liquidate', ['address', 'uint16', 'bool', 'uint256', 'uint256', 'bytes'], []))   • read  contracts/OpenLevV1.sol:318  (OpenLevV1.('liquidate', ['address', 'uint16', 'bool', 'uint256', 'uint256', 'bytes'], [])) | report=https://github.com/code-423n4/2022-01-openleverage-findings/issues/104 https://github.com/code-423n4/2022-01-openleverage-findings/issues/233 | comments=[M-04], [M-05] || sheet=72openleverage-contracts | row=269 | abl=B3 | type=TP | finding=[single_var_cross_tx] activeTrades  tx-set -> liquidate(address,uint16,bool,uint256,uint256,bytes), marginTrade(uint16,bool,bool,uint256,uint256,uint256,bytes)   • write  contracts/OpenLevV1.sol:144  (OpenLevV1.('marginTrade', ['uint16', 'bool', 'bool', 'uint256', 'uint256', 'uint256', 'bytes'], []))   • read  contracts/OpenLevV1.sol:318  (OpenLevV1.('liquidate', ['address', 'uint16', 'bool', 'uint256', 'uint256', 'bytes'], [])) | report=https://github.com/code-423n4/2022-01-openleverage-findings/issues/233 | comments=[M-05] || sheet=72openleverage-contracts | row=272 | abl=B3 | type=TP | finding=[single_var_cross_tx] activeTrades  tx-set -> closeTrade(uint16,bool,uint256,uint256,bytes), liquidate(address,uint16,bool,uint256,uint256,bytes)   • write  contracts/OpenLevV1.sol:225  (OpenLevV1.('closeTrade', ['uint16', 'bool', 'uint256', 'uint256', 'bytes'], []))   • read  contracts/OpenLevV1.sol:318  (OpenLevV1.('liquidate', ['address', 'uint16', 'bool', 'uint256', 'uint256', 'bytes'], [])) | report=https://github.com/code-423n4/2022-01-openleverage-findings/issues/233 | comments=[M-05] || sheet=72openleverage-contracts | row=391 | abl=B6 | type=TP | finding=[multi_var_cross_contract] activeTrades, markets, {markets}  tx-set -> closeTrade(uint16,bool,uint256,uint256,bytes), liquidate(address,uint16,bool,uint256,uint256,bytes)   • write  contracts/OpenLevV1.sol:438  (OpenLevV1.('feesAndInsurance', ['address', 'uint256', 'address', 'uint16', 'uint256', 'uint256'], ['uint256']))   • write  contracts/OpenLevV1.sol:398  (OpenLevV1.('reduceInsurance', ['uint256', 'uint256', 'uint16', 'bool', 'address', 'uint256'], ['uint256']))   • read  contracts/OpenLevV1.sol:318  (OpenLevV1.('liquidate', ['address', 'uint16', 'bool', 'uint256', 'uint256', 'bytes'], []))   • read  contracts/OpenLevV1.sol:248  (OpenLevV1.('liquidate', ['address', 'uint16', 'bool', 'uint256', 'uint256', 'bytes'], [])) | report=https://github.com/code-423n4/2022-01-openleverage-findings/issues/104 https://github.com/code-423n4/2022-01-openleverage-findings/issues/233 | comments=[M-04], [M-05] || sheet=72openleverage-contracts | row=394 | abl=B6 | type=TP | finding=[single_var_cross_tx] activeTrades  tx-set -> liquidate(address,uint16,bool,uint256,uint256,bytes), marginTrade(uint16,bool,bool,uint256,uint256,uint256,bytes)   • write  contracts/OpenLevV1.sol:145  (OpenLevV1.('marginTrade', ['uint16', 'bool', 'bool', 'uint256', 'uint256', 'uint256', 'bytes'], []))   • read  contracts/OpenLevV1.sol:318  (OpenLevV1.('liquidate', ['address', 'uint16', 'bool', 'uint256', 'uint256', 'bytes'], [])) | report=https://github.com/code-423n4/2022-01-openleverage-findings/issues/104 https://github.com/code-423n4/2022-01-openleverage-findings/issues/233 | comments=[M-04], [M-05]",other-logical-bug,NA,not_applicable,NA-not-MVSI,NA-not-MVSI,"invariant=Liquidation eligibility checks should not block necessary liquidations during legitimate fast downward markets. | entities=spot price and TWAP liquidation guard | primary=spot-vs-TWAP price check | counterpart=liquidation eligibility | external_proxy=AMM spot price and TWAP price | desync=The maxLiquidationPriceDiffientRatio guard can revert liquidation when spot remains far below TWAP. | sink=liquidation | impact=protocol-default | attacker=market-condition | label_notes=Liquidation-design / price-check bug. The spot-vs-TWAP guard can block liquidations during fast downward markets, but it is not a missed synchronization of coupled state entities. | strict_match=Not in MV-SI recall denominator."
123,123,WEB3BUGS-123-H-01,Code4rena,High,S5-1,2022-07-26,https://github.com/code-423n4/2022-05-aura-findings/issues/50,2022-05-aura#h-01,2022-05-aura,H-01,aura,User can forfeit other user rewards,ExtraRewardsDistributor.getReward allows a third party to provide a high _startIndex for another account and advance that account's reward claim cursor.,"An attacker calls getReward for a victim with _startIndex above the victim's last claim index, causing skipped epochs to be treated as claimed.","Do not allow arbitrary users to claim for other accounts, or constrain _startIndex against the account's own claim cursor.",Web3Bugs report 123.md; Code4rena report; GitHub issue 50; ExtraRewardsDistributor.sol,yes,"sheet=123 | row=58 | abl=B0 | type=TP | finding=[single_var_cross_tx] userClaims  tx-set -> _getReward(address,address,uint256), forfeitRewards(address,uint256)   • write  contracts/ExtraRewardsDistributor.sol:151  (ExtraRewardsDistributor.('_getReward', ['address', 'address', 'uint256'], []))   • read  contracts/ExtraRewardsDistributor.sol:172  (ExtraRewardsDistributor.('forfeitRewards', ['address', 'uint256'], [])) | report=https://github.com/code-423n4/2022-05-aura-findings/issues/50 | comments=[H-01] || sheet=123 | row=59 | abl=B0 | type=TP | finding=[single_var_cross_tx] userClaims  tx-set -> forfeitRewards(address,uint256)   • write  contracts/ExtraRewardsDistributor.sol:175  (ExtraRewardsDistributor.('forfeitRewards', ['address', 'uint256'], []))   • read  contracts/ExtraRewardsDistributor.sol:172  (ExtraRewardsDistributor.('forfeitRewards', ['address', 'uint256'], [])) | report=https://github.com/code-423n4/2022-05-aura-findings/issues/50 | comments=[H-01] || sheet=123 | row=123 | abl=B1 | type=TP | finding=[single_var_cross_tx] userClaims  tx-set -> _getReward(address,address,uint256), forfeitRewards(address,uint256)   • write  contracts/ExtraRewardsDistributor.sol:151  (ExtraRewardsDistributor.('_getReward', ['address', 'address', 'uint256'], []))   • read  contracts/ExtraRewardsDistributor.sol:172  (ExtraRewardsDistributor.('forfeitRewards', ['address', 'uint256'], [])) | report=https://github.com/code-423n4/2022-05-aura-findings/issues/50 | comments=[H-01] || sheet=123 | row=124 | abl=B1 | type=TP | finding=[single_var_cross_tx] userClaims  tx-set -> forfeitRewards(address,uint256)   • write  contracts/ExtraRewardsDistributor.sol:175  (ExtraRewardsDistributor.('forfeitRewards', ['address', 'uint256'], []))   • read  contracts/ExtraRewardsDistributor.sol:172  (ExtraRewardsDistributor.('forfeitRewards', ['address', 'uint256'], [])) | report=https://github.com/code-423n4/2022-05-aura-findings/issues/50 | comments=[H-01] || sheet=123 | row=192 | abl=B2 | type=TP | finding=[single_var_cross_tx] userClaims  tx-set -> forfeitRewards(address,uint256)   • write  contracts/ExtraRewardsDistributor.sol:175  (ExtraRewardsDistributor.('forfeitRewards', ['address', 'uint256'], []))   • read  contracts/ExtraRewardsDistributor.sol:172  (ExtraRewardsDistributor.('forfeitRewards', ['address', 'uint256'], [])) | report=https://github.com/code-423n4/2022-05-aura-findings/issues/50 | comments=[H-01] || sheet=123 | row=193 | abl=B2 | type=TP | finding=[single_var_cross_tx] userClaims  tx-set -> _getReward(address,address,uint256), forfeitRewards(address,uint256)   • write  contracts/ExtraRewardsDistributor.sol:151  (ExtraRewardsDistributor.('_getReward', ['address', 'address', 'uint256'], []))   • read  contracts/ExtraRewardsDistributor.sol:172  (ExtraRewardsDistributor.('forfeitRewards', ['address', 'uint256'], [])) | report=https://github.com/code-423n4/2022-05-aura-findings/issues/50 | comments=[H-01] || sheet=123 | row=258 | abl=B3 | type=TP | finding=[single_var_cross_tx] userClaims  tx-set -> forfeitRewards(address,uint256)   • write  contracts/ExtraRewardsDistributor.sol:175  (ExtraRewardsDistributor.('forfeitRewards', ['address', 'uint256'], []))   • read  contracts/ExtraRewardsDistributor.sol:172  (ExtraRewardsDistributor.('forfeitRewards', ['address', 'uint256'], [])) | report=https://github.com/code-423n4/2022-05-aura-findings/issues/50 | comments=[H-01] || sheet=123 | row=259 | abl=B3 | type=TP | finding=[single_var_cross_tx] userClaims  tx-set -> _getReward(address,address,uint256), forfeitRewards(address,uint256)   • write  contracts/ExtraRewardsDistributor.sol:151  (ExtraRewardsDistributor.('_getReward', ['address', 'address', 'uint256'], []))   • read  contracts/ExtraRewardsDistributor.sol:172  (ExtraRewardsDistributor.('forfeitRewards', ['address', 'uint256'], [])) | report=https://github.com/code-423n4/2022-05-aura-findings/issues/50 | comments=[H-01] || sheet=123 | row=356 | abl=B6 | type=TP | finding=[single_var_cross_tx] userClaims  tx-set -> forfeitRewards(address,uint256)   • write  contracts/ExtraRewardsDistributor.sol:175  (ExtraRewardsDistributor.('forfeitRewards', ['address', 'uint256'], []))   • read  contracts/ExtraRewardsDistributor.sol:172  (ExtraRewardsDistributor.('forfeitRewards', ['address', 'uint256'], [])) | report=https://github.com/code-423n4/2022-05-aura-findings/issues/50 | comments=[H-01] || sheet=123 | row=357 | abl=B6 | type=TP | finding=[single_var_cross_tx] userClaims  tx-set -> _getReward(address,address,uint256), forfeitRewards(address,uint256)   • write  contracts/ExtraRewardsDistributor.sol:151  (ExtraRewardsDistributor.('_getReward', ['address', 'address', 'uint256'], []))   • read  contracts/ExtraRewardsDistributor.sol:172  (ExtraRewardsDistributor.('forfeitRewards', ['address', 'uint256'], [])) | report=https://github.com/code-423n4/2022-05-aura-findings/issues/50 | comments=[H-01]",SV-SI,NA,not_applicable,NA-not-MVSI,NA-not-MVSI,"invariant=A user's reward claim cursor should only advance over epochs whose rewards are actually paid to that user. | entities=userClaims[_token][account] | primary=userClaims[_token][account] | external_proxy=rewardEpochs[_token] | desync=getReward accepts _account and _startIndex, then writes userClaims for that account past unclaimed epochs. | sink=reward | impact=loss | attacker=unprivileged | label_notes=Single reward checkpoint/index issue: userClaims[_token][user] can be advanced by a third party using _startIndex, causing skipped rewards. | strict_match=Not in MV-SI recall denominator."
123,123,WEB3BUGS-123-M-01,Code4rena,Medium,,2022-07-26,https://github.com/code-423n4/2022-05-aura-findings/issues/26,2022-05-aura#m-01,2022-05-aura,M-01,aura,BaseRewardPool4626 is not IERC4626 compliant,BaseRewardPool4626 omits or misimplements required ERC-4626 interface behavior.,Integrators expecting ERC-4626-compliant vault semantics can fail to integrate correctly with BaseRewardPool4626.,Remove the contract or implement the ERC-4626-required functions and events.,Web3Bugs report 123.md; Code4rena report; GitHub issue 26; BaseRewardPool4626.sol,yes,"sheet=123 | row=15 | abl=B0 | type=TP | finding=[multi_var_cross_contract] rewardData, {rewardData}, {lockedSupply, rewardData}  tx-set -> mint(address,uint256), queueNewRewards(uint256)   • write  contracts/AuraLocker.sol:868  (AuraLocker.('_notifyReward', ['address', 'uint256'], []))   • read  contracts/AuraLocker.sol:824  (AuraLocker.('queueNewRewards', ['uint256'], [])) | report=https://github.com/code-423n4/2022-05-aura-findings/issues/261 https://github.com/code-423n4/2022-05-aura-findings/issues/1 | comments=[M-14], [M-06]",other-logical-bug,NA,not_applicable,NA-not-MVSI,NA-not-MVSI,invariant=ERC-4626 wrappers should comply with the ERC-4626 interface contract. | entities=ERC-4626 interface surface | primary=BaseRewardPool4626 implementation | counterpart=ERC-4626 required methods/events | desync=Contract exposes a non-compliant ERC-4626 surface. | sink=access-decision | impact=integration-failure | attacker=integrator | label_notes=ERC-4626 interface noncompliance. No stale/coupled state invariant. | strict_match=Not in MV-SI recall denominator.
123,123,WEB3BUGS-123-M-02,Code4rena,Medium,,2022-07-26,https://github.com/code-423n4/2022-05-aura-findings/issues/115,2022-05-aura#m-02,2022-05-aura,M-02,aura,CrvDepositorWrapper.sol relies on oracle that isn't frequently updated,CrvDepositorWrapper relies on a Balancer TWAP oracle from a low-activity pool that can go long periods without updating.,"Infrequently updated TWAP data can make output assumptions stale, causing slippage failures or sandwichable distribution behavior.",Use fresher Chainlink-style pricing or have the keeper provide appropriate minOut values rather than relying on the stale TWAP guideline.,Web3Bugs report 123.md; Code4rena report; GitHub issue 115; CrvDepositorWrapper.sol,yes,"sheet=123 | row=39 | abl=B0 | type=TP | finding=[multi_var_cross_contract] crvDepositorWrapper, outputBps  tx-set -> distribute(), setCrvDepositorWrapper(address,uint256)   • write  contracts/AuraStakingProxy.sol:82  (AuraStakingProxy.('setCrvDepositorWrapper', ['address', 'uint256'], []))   • write  contracts/AuraStakingProxy.sol:81  (AuraStakingProxy.('setCrvDepositorWrapper', ['address', 'uint256'], []))   • read  contracts/AuraStakingProxy.sol:167  (AuraStakingProxy.('distribute', [], [])) | report=https://github.com/code-423n4/2022-05-aura-findings/issues/115 | comments=[M-02] || sheet=123 | row=40 | abl=B0 | type=TP | finding=[single_var_cross_tx] keeper  tx-set -> distribute(), setKeeper(address)   • write  contracts/AuraStakingProxy.sol:90  (AuraStakingProxy.('setKeeper', ['address'], []))   • read  contracts/AuraStakingProxy.sol:160  (AuraStakingProxy.('distribute', [], [])) | report=https://github.com/code-423n4/2022-05-aura-findings/issues/115 | comments=[M-02] || sheet=123 | row=104 | abl=B1 | type=TP | finding=[multi_var_cross_contract] crvDepositorWrapper, outputBps  tx-set -> distribute(), setCrvDepositorWrapper(address,uint256)   • write  contracts/AuraStakingProxy.sol:82  (AuraStakingProxy.('setCrvDepositorWrapper', ['address', 'uint256'], []))   • write  contracts/AuraStakingProxy.sol:81  (AuraStakingProxy.('setCrvDepositorWrapper', ['address', 'uint256'], []))   • read  contracts/AuraStakingProxy.sol:167  (AuraStakingProxy.('distribute', [], [])) | report=https://github.com/code-423n4/2022-05-aura-findings/issues/115 | comments=[M-02] || sheet=123 | row=105 | abl=B1 | type=TP | finding=[single_var_cross_tx] keeper  tx-set -> distribute(), setKeeper(address)   • write  contracts/AuraStakingProxy.sol:90  (AuraStakingProxy.('setKeeper', ['address'], []))   • read  contracts/AuraStakingProxy.sol:160  (AuraStakingProxy.('distribute', [], [])) | report=https://github.com/code-423n4/2022-05-aura-findings/issues/115 | comments=[M-02] || sheet=123 | row=173 | abl=B2 | type=TP | finding=[multi_var_cross_contract] crvDepositorWrapper, outputBps  tx-set -> distribute(), setCrvDepositorWrapper(address,uint256)   • write  contracts/AuraStakingProxy.sol:81  (AuraStakingProxy.('setCrvDepositorWrapper', ['address', 'uint256'], []))   • write  contracts/AuraStakingProxy.sol:82  (AuraStakingProxy.('setCrvDepositorWrapper', ['address', 'uint256'], []))   • read  contracts/AuraStakingProxy.sol:167  (AuraStakingProxy.('distribute', [], [])) | report=https://github.com/code-423n4/2022-05-aura-findings/issues/115 | comments=[M-02] || sheet=123 | row=174 | abl=B2 | type=TP | finding=[single_var_cross_tx] keeper  tx-set -> distribute(), setKeeper(address)   • write  contracts/AuraStakingProxy.sol:90  (AuraStakingProxy.('setKeeper', ['address'], []))   • read  contracts/AuraStakingProxy.sol:160  (AuraStakingProxy.('distribute', [], [])) | report=https://github.com/code-423n4/2022-05-aura-findings/issues/115 | comments=[M-02] || sheet=123 | row=238 | abl=B3 | type=TP | finding=[multi_var_cross_contract] crvDepositorWrapper, outputBps  tx-set -> distribute(), setCrvDepositorWrapper(address,uint256)   • write  contracts/AuraStakingProxy.sol:82  (AuraStakingProxy.('setCrvDepositorWrapper', ['address', 'uint256'], []))   • write  contracts/AuraStakingProxy.sol:81  (AuraStakingProxy.('setCrvDepositorWrapper', ['address', 'uint256'], []))   • read  contracts/AuraStakingProxy.sol:167  (AuraStakingProxy.('distribute', [], [])) | report=https://github.com/code-423n4/2022-05-aura-findings/issues/115 | comments=[M-02] || sheet=123 | row=239 | abl=B3 | type=TP | finding=[single_var_cross_tx] keeper  tx-set -> distribute(), setKeeper(address)   • write  contracts/AuraStakingProxy.sol:90  (AuraStakingProxy.('setKeeper', ['address'], []))   • read  contracts/AuraStakingProxy.sol:160  (AuraStakingProxy.('distribute', [], [])) | report=https://github.com/code-423n4/2022-05-aura-findings/issues/115 | comments=[M-02] || sheet=123 | row=285 | abl=B4 | type=TP | finding=[multi_var_cross_contract] crvDepositorWrapper, outputBps  tx-set -> distribute(), setCrvDepositorWrapper(address,uint256)   • write  contracts/AuraStakingProxy.sol:81  (AuraStakingProxy.('setCrvDepositorWrapper', ['address', 'uint256'], []))   • write  contracts/AuraStakingProxy.sol:82  (AuraStakingProxy.('setCrvDepositorWrapper', ['address', 'uint256'], []))   • read  contracts/AuraStakingProxy.sol:167  (AuraStakingProxy.('distribute', [], [])) | report=https://github.com/code-423n4/2022-05-aura-findings/issues/115 | comments=[M-02] || sheet=123 | row=286 | abl=B4 | type=TP | finding=[single_var_cross_tx] keeper  tx-set -> distribute(), setKeeper(address)   • write  contracts/AuraStakingProxy.sol:90  (AuraStakingProxy.('setKeeper', ['address'], []))   • read  contracts/AuraStakingProxy.sol:160  (AuraStakingProxy.('distribute', [], [])) | report=https://github.com/code-423n4/2022-05-aura-findings/issues/115 | comments=[M-02] || sheet=123 | row=337 | abl=B6 | type=TP | finding=[multi_var_cross_contract] crvDepositorWrapper, outputBps  tx-set -> distribute(), setCrvDepositorWrapper(address,uint256)   • write  contracts/AuraStakingProxy.sol:81  (AuraStakingProxy.('setCrvDepositorWrapper', ['address', 'uint256'], []))   • write  contracts/AuraStakingProxy.sol:82  (AuraStakingProxy.('setCrvDepositorWrapper', ['address', 'uint256'], []))   • read  contracts/AuraStakingProxy.sol:167  (AuraStakingProxy.('distribute', [], [])) | report=https://github.com/code-423n4/2022-05-aura-findings/issues/115 | comments=[M-02] || sheet=123 | row=338 | abl=B6 | type=TP | finding=[single_var_cross_tx] keeper  tx-set -> distribute(), setKeeper(address)   • write  contracts/AuraStakingProxy.sol:90  (AuraStakingProxy.('setKeeper', ['address'], []))   • read  contracts/AuraStakingProxy.sol:161  (AuraStakingProxy.('distribute', [], [])) | report=https://github.com/code-423n4/2022-05-aura-findings/issues/115 | comments=[M-02]",SV-SI,NA,not_applicable,NA-not-MVSI,NA-not-MVSI,"invariant=Oracle price used for output/slippage decisions should be fresh enough to reflect current asset values. | entities=Balancer TWAP oracle value | primary=Balancer TWAP oracle value | external_proxy=Balancer 20/80 WETH/BAL pool oracle | desync=CrvDepositorWrapper consumes a TWAP that may not have updated for over an hour. | sink=branch | impact=sandwich-or-failed-transactions | attacker=market-participant | label_notes=Stale/infrequently updated oracle price problem. Single external oracle state, not MV-SI. | strict_match=Not in MV-SI recall denominator."
123,123,WEB3BUGS-123-M-03,Code4rena,Medium,,2022-07-26,https://github.com/code-423n4/2022-05-aura-findings/issues/232,2022-05-aura#m-03,2022-05-aura,M-03,aura,Improperly Skewed Governance Mechanism,AuraLocker total voting supply tracks all locked balances while individual voting power only tracks delegated balances.,"Undelegated locked balances inflate total voting supply without corresponding individual voting power, making governance percentage thresholds difficult or impossible to satisfy.","Track total voting supply using delegated balances only, or otherwise synchronize total supply with the individual voting-power accounting model.",Web3Bugs report 123.md; Code4rena report; GitHub issue 232; AuraLocker.sol,yes,"sheet=123 | row=26 | abl=B0 | type=TP | finding=[multi_var_cross_contract] _checkpointedVotes, {_checkpointedVotes}  tx-set -> getPastVotes(address,uint256), mint(address,uint256)   • write  contracts/AuraLocker.sol:524  (AuraLocker.('_checkpointDelegate', ['address', 'uint256', 'uint256'], []))   • read  contracts/AuraLocker.sol:600  (AuraLocker.('getPastVotes', ['address', 'uint256'], ['uint256'])) | report=https://github.com/code-423n4/2022-05-aura-findings/issues/232 https://github.com/code-423n4/2022-05-aura-findings/issues/186 | comments=[M-03], [M-08] || sheet=123 | row=82 | abl=B1 | type=TP | finding=[single_var_cross_tx] epochs  tx-set -> delegate(address), totalSupplyAtEpoch(uint256)   • write  contracts/AuraLocker.sol:293  (AuraLocker.('_lock', ['address', 'uint256'], []))   • read  contracts/AuraLocker.sol:718  (AuraLocker.('totalSupplyAtEpoch', ['uint256'], ['uint256'])) | report= | comments=[M-03] governance problem in supply acounting",MV-SI,Type-III-governance-config,no,NA-no-strict-B0-match,FN7-bucket-adjacent-not-strict,"invariant=Total voting supply should correspond to the sum of effective individual voting power under the same delegation model. | entities=total voting supply checkpoint, individual delegated voting-power checkpoints, locked balances | primary=total voting supply checkpoint | counterpart=individual delegated voting-power checkpoints | external_proxy=locked AURA balances | desync=Locking contributes to total supply, but individual votes only advance through delegated-balance checkpointing. | sink=governance | impact=governance-disruption | attacker=token-holder | label_notes=Clear governance MV-SI: circulating voting supply and actual individual voting power are desynchronized. | strict_match=B0 row 26 captures _checkpointedVotes/getPastVotes but misses the total voting supply counterpart required by the M-03 invariant."
123,123,WEB3BUGS-123-M-04,Code4rena,Medium,,2022-07-26,https://github.com/code-423n4/2022-05-aura-findings/issues/156,2022-05-aura#m-04,2022-05-aura,M-04,aura,"AuraLocker kick reward only takes last locked amount into consideration, instead of whole balance",AuraLocker kick reward formula uses the last lock amount instead of the user's whole locked balance in the all-expired-locks path.,"Kickers receive less reward than intended, reducing incentive to process expired locks.",Use the total locked balance in the approximate kick reward calculation for the all-expired path.,Web3Bugs report 123.md; Code4rena report; GitHub issue 156; AuraLocker.sol,yes,"sheet=123 | row=153 | abl=B2 | type=TP | finding=[single_var_cross_tx] balances  tx-set -> claimableRewards(address), kickExpiredLocks(address)   • write  contracts/AuraLocker.sol:269  (AuraLocker.('_lock', ['address', 'uint256'], []))   • write  contracts/AuraLocker.sol:434  (AuraLocker.('_processExpiredLocks', ['address', 'bool', 'address', 'uint256'], []))   • read  contracts/AuraLocker.sol:771  (AuraLocker.('claimableRewards', ['address'], ['AuraLocker.EarnedData[]'])) | report= | comments=[M-04] || sheet=123 | row=315 | abl=B6 | type=TP | finding=[single_var_cross_tx] balances  tx-set -> claimableRewards(address), kickExpiredLocks(address)   • write  contracts/AuraLocker.sol:429  (AuraLocker.('_processExpiredLocks', ['address', 'bool', 'address', 'uint256'], []))   • read  contracts/AuraLocker.sol:771  (AuraLocker.('claimableRewards', ['address'], ['AuraLocker.EarnedData[]'])) | report= | comments=[M-04]",other-logical-bug,NA,not_applicable,NA-not-MVSI,NA-not-MVSI,"invariant=Kick reward approximation should be based on the intended eligible locked balance. | entities=kick reward formula inputs | primary=last lock amount | counterpart=total locked balance | desync=_processExpiredLocks calculates reward from locks[length - 1].amount rather than locked. | sink=reward | impact=underpayment | attacker=unprivileged | label_notes=Reward formula/approximation bug, not a desynchronization path. | strict_match=Not in MV-SI recall denominator."
123,123,WEB3BUGS-123-M-05,Code4rena,Medium,,2022-07-26,https://github.com/code-423n4/2022-05-aura-findings/issues/180,2022-05-aura#m-05,2022-05-aura,M-05,aura,Users can grief reward distribution,ExtraRewardsDistributor rejects backdated reward epochs if a later epoch has already been added.,"An attacker can front-run with a dust reward in a later epoch, making a legitimate reward addition for an earlier epoch revert.",Allow safe backdating or otherwise handle reward epoch insertion without dust front-running grief.,Web3Bugs report 123.md; Code4rena report; GitHub issue 180; ExtraRewardsDistributor.sol,yes,,other-logical-bug,NA,not_applicable,NA-not-MVSI,NA-not-MVSI,invariant=Reward epoch insertion should not be griefable by dust additions to later epochs. | entities=rewardEpochs ordering check | primary=rewardEpochs[_token] | counterpart=incoming reward epoch | desync=Attacker inserts a dust later epoch before a legitimate earlier-epoch reward transaction. | sink=branch | impact=denial-of-service | attacker=unprivileged | label_notes=Reward-distribution griefing via dust/front-running rewardEpochs; not stale multi-state invariant. | strict_match=Not in MV-SI recall denominator.
123,123,WEB3BUGS-123-M-06,Code4rena,Medium,,2022-07-26,https://github.com/code-423n4/2022-05-aura-findings/issues/1,2022-05-aura#m-06,2022-05-aura,M-06,aura,Rewards distribution can be delayed/never distributed on AuraLocker.sol#L848,AuraLocker reward notification can reset/extend the distribution period when tiny rewards are added on top of remaining rewards.,"An attacker can repeatedly send dust rewards and restart distribution, delaying or stretching rewards that should have distributed sooner.",Apply queueNewRewards-style protections so small top-ups do not restart a reward period unless they exceed a threshold.,Web3Bugs report 123.md; Code4rena report; GitHub issue 1; AuraLocker.sol; AuraStakingProxy.sol,yes,"sheet=123 | row=12 | abl=B0 | type=TP | finding=[multi_var_cross_contract] epochs, userLocks, _checkpointedVotes, {_checkpointedVotes}  tx-set -> mint(address,uint256)   • write  contracts/AuraLocker.sol:524  (AuraLocker.('_checkpointDelegate', ['address', 'uint256', 'uint256'], []))   • write  contracts/AuraLocker.sol:293  (AuraLocker.('_lock', ['address', 'uint256'], []))   • read  contracts/AuraLocker.sol:292  (AuraLocker.('_lock', ['address', 'uint256'], []))   • read  contracts/AuraLocker.sol:281  (AuraLocker.('_lock', ['address', 'uint256'], [])) | report=https://github.com/code-423n4/2022-05-aura-findings/issues/186 | comments=[M-08] || sheet=123 | row=15 | abl=B0 | type=TP | finding=[multi_var_cross_contract] rewardData, {rewardData}, {lockedSupply, rewardData}  tx-set -> mint(address,uint256), queueNewRewards(uint256)   • write  contracts/AuraLocker.sol:868  (AuraLocker.('_notifyReward', ['address', 'uint256'], []))   • read  contracts/AuraLocker.sol:824  (AuraLocker.('queueNewRewards', ['uint256'], [])) | report=https://github.com/code-423n4/2022-05-aura-findings/issues/261 https://github.com/code-423n4/2022-05-aura-findings/issues/1 | comments=[M-14], [M-06] || sheet=123 | row=25 | abl=B0 | type=TP | finding=[single_var_cross_tx] userLocks  tx-set -> delegate(address), mint(address,uint256)   • write  contracts/AuraLocker.sol:282  (AuraLocker.('_lock', ['address', 'uint256'], []))   • read  contracts/AuraLocker.sol:469  (AuraLocker.('delegate', ['address'], [])) | report=https://github.com/code-423n4/2022-05-aura-findings/issues/186 | comments=[M-08] || sheet=123 | row=26 | abl=B0 | type=TP | finding=[multi_var_cross_contract] _checkpointedVotes, {_checkpointedVotes}  tx-set -> getPastVotes(address,uint256), mint(address,uint256)   • write  contracts/AuraLocker.sol:524  (AuraLocker.('_checkpointDelegate', ['address', 'uint256', 'uint256'], []))   • read  contracts/AuraLocker.sol:600  (AuraLocker.('getPastVotes', ['address', 'uint256'], ['uint256'])) | report=https://github.com/code-423n4/2022-05-aura-findings/issues/232 https://github.com/code-423n4/2022-05-aura-findings/issues/186 | comments=[M-03], [M-08] || sheet=123 | row=39 | abl=B0 | type=TP | finding=[multi_var_cross_contract] crvDepositorWrapper, outputBps  tx-set -> distribute(), setCrvDepositorWrapper(address,uint256)   • write  contracts/AuraStakingProxy.sol:82  (AuraStakingProxy.('setCrvDepositorWrapper', ['address', 'uint256'], []))   • write  contracts/AuraStakingProxy.sol:81  (AuraStakingProxy.('setCrvDepositorWrapper', ['address', 'uint256'], []))   • read  contracts/AuraStakingProxy.sol:167  (AuraStakingProxy.('distribute', [], [])) | report=https://github.com/code-423n4/2022-05-aura-findings/issues/115 | comments=[M-02] || sheet=123 | row=40 | abl=B0 | type=TP | finding=[single_var_cross_tx] keeper  tx-set -> distribute(), setKeeper(address)   • write  contracts/AuraStakingProxy.sol:90  (AuraStakingProxy.('setKeeper', ['address'], []))   • read  contracts/AuraStakingProxy.sol:160  (AuraStakingProxy.('distribute', [], [])) | report=https://github.com/code-423n4/2022-05-aura-findings/issues/115 | comments=[M-02] || sheet=123 | row=53 | abl=B0 | type=TP | finding=[multi_var_cross_contract] totalLocked, {totalLocked}  tx-set -> cancel(address), fund(address[],uint256[])   • write  contracts/AuraVestedEscrow.sol:125  (AuraVestedEscrow.('cancel', ['address'], []))   • read  contracts/AuraVestedEscrow.sol:103  (AuraVestedEscrow.('fund', ['address[]', 'uint256[]'], [])) | report=https://github.com/code-423n4/2022-05-aura-findings/issues/126 https://github.com/code-423n4/2022-05-aura/blob/4989a2077546a5394e3650bf3c224669a0f7e690/contracts/AuraVestedEscrow.sol#L96 | comments=[M-09], [L-01] || sheet=123 | row=54 | abl=B0 | type=TP | finding=[multi_var_cross_contract] totalLocked, {totalLocked}  tx-set -> cancel(address)   • write  contracts/AuraVestedEscrow.sol:125  (AuraVestedEscrow.('cancel', ['address'], []))   • read  contracts/AuraVestedEscrow.sol:118  (AuraVestedEscrow.('cancel', ['address'], [])) | report=https://github.com/code-423n4/2022-05-aura-findings/issues/126 https://github.com/code-423n4/2022-05-aura/blob/4989a2077546a5394e3650bf3c224669a0f7e690/contracts/AuraVestedEscrow.sol#L96 | comments=[M-09], [L-01] || sheet=123 | row=104 | abl=B1 | type=TP | finding=[multi_var_cross_contract] crvDepositorWrapper, outputBps  tx-set -> distribute(), setCrvDepositorWrapper(address,uint256)   • write  contracts/AuraStakingProxy.sol:82  (AuraStakingProxy.('setCrvDepositorWrapper', ['address', 'uint256'], []))   • write  contracts/AuraStakingProxy.sol:81  (AuraStakingProxy.('setCrvDepositorWrapper', ['address', 'uint256'], []))   • read  contracts/AuraStakingProxy.sol:167  (AuraStakingProxy.('distribute', [], [])) | report=https://github.com/code-423n4/2022-05-aura-findings/issues/115 | comments=[M-02] || sheet=123 | row=105 | abl=B1 | type=TP | finding=[single_var_cross_tx] keeper  tx-set -> distribute(), setKeeper(address)   • write  contracts/AuraStakingProxy.sol:90  (AuraStakingProxy.('setKeeper', ['address'], []))   • read  contracts/AuraStakingProxy.sol:160  (AuraStakingProxy.('distribute', [], [])) | report=https://github.com/code-423n4/2022-05-aura-findings/issues/115 | comments=[M-02] || sheet=123 | row=118 | abl=B1 | type=TP | finding=[multi_var_cross_contract] totalLocked, {totalLocked}  tx-set -> cancel(address), fund(address[],uint256[])   • write  contracts/AuraVestedEscrow.sol:125  (AuraVestedEscrow.('cancel', ['address'], []))   • read  contracts/AuraVestedEscrow.sol:103  (AuraVestedEscrow.('fund', ['address[]', 'uint256[]'], [])) | report=https://github.com/code-423n4/2022-05-aura-findings/issues/126 https://github.com/code-423n4/2022-05-aura/blob/4989a2077546a5394e3650bf3c224669a0f7e690/contracts/AuraVestedEscrow.sol#L96 | comments=[M-09], [L-01] || sheet=123 | row=119 | abl=B1 | type=TP | finding=[multi_var_cross_contract] totalLocked, {totalLocked}  tx-set -> cancel(address)   • write  contracts/AuraVestedEscrow.sol:125  (AuraVestedEscrow.('cancel', ['address'], []))   • read  contracts/AuraVestedEscrow.sol:118  (AuraVestedEscrow.('cancel', ['address'], [])) | report=https://github.com/code-423n4/2022-05-aura-findings/issues/126 https://github.com/code-423n4/2022-05-aura/blob/4989a2077546a5394e3650bf3c224669a0f7e690/contracts/AuraVestedEscrow.sol#L96 | comments=[M-09], [L-01] || sheet=123 | row=173 | abl=B2 | type=TP | finding=[multi_var_cross_contract] crvDepositorWrapper, outputBps  tx-set -> distribute(), setCrvDepositorWrapper(address,uint256)   • write  contracts/AuraStakingProxy.sol:81  (AuraStakingProxy.('setCrvDepositorWrapper', ['address', 'uint256'], []))   • write  contracts/AuraStakingProxy.sol:82  (AuraStakingProxy.('setCrvDepositorWrapper', ['address', 'uint256'], []))   • read  contracts/AuraStakingProxy.sol:167  (AuraStakingProxy.('distribute', [], [])) | report=https://github.com/code-423n4/2022-05-aura-findings/issues/115 | comments=[M-02] || sheet=123 | row=174 | abl=B2 | type=TP | finding=[single_var_cross_tx] keeper  tx-set -> distribute(), setKeeper(address)   • write  contracts/AuraStakingProxy.sol:90  (AuraStakingProxy.('setKeeper', ['address'], []))   • read  contracts/AuraStakingProxy.sol:160  (AuraStakingProxy.('distribute', [], [])) | report=https://github.com/code-423n4/2022-05-aura-findings/issues/115 | comments=[M-02] || sheet=123 | row=187 | abl=B2 | type=TP | finding=[multi_var_cross_contract] totalLocked, {totalLocked}  tx-set -> cancel(address)   • write  contracts/AuraVestedEscrow.sol:125  (AuraVestedEscrow.('cancel', ['address'], []))   • read  contracts/AuraVestedEscrow.sol:118  (AuraVestedEscrow.('cancel', ['address'], [])) | report=https://github.com/code-423n4/2022-05-aura-findings/issues/126 https://github.com/code-423n4/2022-05-aura/blob/4989a2077546a5394e3650bf3c224669a0f7e690/contracts/AuraVestedEscrow.sol#L96 | comments=[M-09], [L-01] || sheet=123 | row=188 | abl=B2 | type=TP | finding=[multi_var_cross_contract] totalLocked, {totalLocked}  tx-set -> cancel(address), fund(address[],uint256[])   • write  contracts/AuraVestedEscrow.sol:125  (AuraVestedEscrow.('cancel', ['address'], []))   • read  contracts/AuraVestedEscrow.sol:103  (AuraVestedEscrow.('fund', ['address[]', 'uint256[]'], [])) | report=https://github.com/code-423n4/2022-05-aura-findings/issues/126 https://github.com/code-423n4/2022-05-aura/blob/4989a2077546a5394e3650bf3c224669a0f7e690/contracts/AuraVestedEscrow.sol#L96 | comments=[M-09], [L-01] || sheet=123 | row=238 | abl=B3 | type=TP | finding=[multi_var_cross_contract] crvDepositorWrapper, outputBps  tx-set -> distribute(), setCrvDepositorWrapper(address,uint256)   • write  contracts/AuraStakingProxy.sol:82  (AuraStakingProxy.('setCrvDepositorWrapper', ['address', 'uint256'], []))   • write  contracts/AuraStakingProxy.sol:81  (AuraStakingProxy.('setCrvDepositorWrapper', ['address', 'uint256'], []))   • read  contracts/AuraStakingProxy.sol:167  (AuraStakingProxy.('distribute', [], [])) | report=https://github.com/code-423n4/2022-05-aura-findings/issues/115 | comments=[M-02] || sheet=123 | row=239 | abl=B3 | type=TP | finding=[single_var_cross_tx] keeper  tx-set -> distribute(), setKeeper(address)   • write  contracts/AuraStakingProxy.sol:90  (AuraStakingProxy.('setKeeper', ['address'], []))   • read  contracts/AuraStakingProxy.sol:160  (AuraStakingProxy.('distribute', [], [])) | report=https://github.com/code-423n4/2022-05-aura-findings/issues/115 | comments=[M-02] || sheet=123 | row=252 | abl=B3 | type=TP | finding=[multi_var_cross_contract] totalLocked, {totalLocked}  tx-set -> cancel(address), fund(address[],uint256[])   • write  contracts/AuraVestedEscrow.sol:125  (AuraVestedEscrow.('cancel', ['address'], []))   • read  contracts/AuraVestedEscrow.sol:103  (AuraVestedEscrow.('fund', ['address[]', 'uint256[]'], [])) | report=https://github.com/code-423n4/2022-05-aura-findings/issues/126 https://github.com/code-423n4/2022-05-aura/blob/4989a2077546a5394e3650bf3c224669a0f7e690/contracts/AuraVestedEscrow.sol#L96 | comments=[M-09], [L-01] || sheet=123 | row=253 | abl=B3 | type=TP | finding=[multi_var_cross_contract] totalLocked, {totalLocked}  tx-set -> cancel(address)   • write  contracts/AuraVestedEscrow.sol:125  (AuraVestedEscrow.('cancel', ['address'], []))   • read  contracts/AuraVestedEscrow.sol:118  (AuraVestedEscrow.('cancel', ['address'], [])) | report=https://github.com/code-423n4/2022-05-aura-findings/issues/126 https://github.com/code-423n4/2022-05-aura/blob/4989a2077546a5394e3650bf3c224669a0f7e690/contracts/AuraVestedEscrow.sol#L96 | comments=[M-09], [L-01] || sheet=123 | row=285 | abl=B4 | type=TP | finding=[multi_var_cross_contract] crvDepositorWrapper, outputBps  tx-set -> distribute(), setCrvDepositorWrapper(address,uint256)   • write  contracts/AuraStakingProxy.sol:81  (AuraStakingProxy.('setCrvDepositorWrapper', ['address', 'uint256'], []))   • write  contracts/AuraStakingProxy.sol:82  (AuraStakingProxy.('setCrvDepositorWrapper', ['address', 'uint256'], []))   • read  contracts/AuraStakingProxy.sol:167  (AuraStakingProxy.('distribute', [], [])) | report=https://github.com/code-423n4/2022-05-aura-findings/issues/115 | comments=[M-02] || sheet=123 | row=286 | abl=B4 | type=TP | finding=[single_var_cross_tx] keeper  tx-set -> distribute(), setKeeper(address)   • write  contracts/AuraStakingProxy.sol:90  (AuraStakingProxy.('setKeeper', ['address'], []))   • read  contracts/AuraStakingProxy.sol:160  (AuraStakingProxy.('distribute', [], [])) | report=https://github.com/code-423n4/2022-05-aura-findings/issues/115 | comments=[M-02] || sheet=123 | row=322 | abl=B6 | type=TP | finding=[single_var_cross_tx] userLocks  tx-set -> delegate(address)   • write  contracts/AuraLocker.sol:282  (AuraLocker.('_lock', ['address', 'uint256'], []))   • read  contracts/AuraLocker.sol:279  (AuraLocker.('_lock', ['address', 'uint256'], []))   • read  contracts/AuraLocker.sol:469  (AuraLocker.('delegate', ['address'], [])) | report=https://github.com/code-423n4/2022-05-aura-findings/issues/186 | comments=[M-08] || sheet=123 | row=337 | abl=B6 | type=TP | finding=[multi_var_cross_contract] crvDepositorWrapper, outputBps  tx-set -> distribute(), setCrvDepositorWrapper(address,uint256)   • write  contracts/AuraStakingProxy.sol:81  (AuraStakingProxy.('setCrvDepositorWrapper', ['address', 'uint256'], []))   • write  contracts/AuraStakingProxy.sol:82  (AuraStakingProxy.('setCrvDepositorWrapper', ['address', 'uint256'], []))   • read  contracts/AuraStakingProxy.sol:167  (AuraStakingProxy.('distribute', [], [])) | report=https://github.com/code-423n4/2022-05-aura-findings/issues/115 | comments=[M-02] || sheet=123 | row=338 | abl=B6 | type=TP | finding=[single_var_cross_tx] keeper  tx-set -> distribute(), setKeeper(address)   • write  contracts/AuraStakingProxy.sol:90  (AuraStakingProxy.('setKeeper', ['address'], []))   • read  contracts/AuraStakingProxy.sol:161  (AuraStakingProxy.('distribute', [], [])) | report=https://github.com/code-423n4/2022-05-aura-findings/issues/115 | comments=[M-02] || sheet=123 | row=351 | abl=B6 | type=TP | finding=[multi_var_cross_contract] totalLocked, {totalLocked}  tx-set -> cancel(address), fund(address[],uint256[])   • write  contracts/AuraVestedEscrow.sol:125  (AuraVestedEscrow.('cancel', ['address'], []))   • read  contracts/AuraVestedEscrow.sol:103  (AuraVestedEscrow.('fund', ['address[]', 'uint256[]'], [])) | report=https://github.com/code-423n4/2022-05-aura-findings/issues/126 https://github.com/code-423n4/2022-05-aura/blob/4989a2077546a5394e3650bf3c224669a0f7e690/contracts/AuraVestedEscrow.sol#L96 | comments=[M-09], [L-01] || sheet=123 | row=352 | abl=B6 | type=TP | finding=[multi_var_cross_contract] totalLocked, {totalLocked}  tx-set -> cancel(address)   • write  contracts/AuraVestedEscrow.sol:125  (AuraVestedEscrow.('cancel', ['address'], []))   • read  contracts/AuraVestedEscrow.sol:118  (AuraVestedEscrow.('cancel', ['address'], [])) | report=https://github.com/code-423n4/2022-05-aura-findings/issues/126 https://github.com/code-423n4/2022-05-aura/blob/4989a2077546a5394e3650bf3c224669a0f7e690/contracts/AuraVestedEscrow.sol#L96 | comments=[M-09], [L-01]",other-logical-bug,NA,not_applicable,NA-not-MVSI,NA-not-MVSI,"invariant=Dust top-ups should not indefinitely delay distribution of already scheduled rewards. | entities=rewardRate and periodFinish | primary=reward distribution period | counterpart=dust reward top-up | desync=Dust reward notification recomputes leftover and rewardRate over a new full period. | sink=reward | impact=griefing | attacker=unprivileged | label_notes=Dust reward can reset/extend reward distribution period. Economic griefing/design issue, not strict MV-SI. | strict_match=Not in MV-SI recall denominator."
123,123,WEB3BUGS-123-M-07,Code4rena,Medium,,2022-07-26,https://github.com/code-423n4/2022-05-aura-findings/issues/240,2022-05-aura#m-07,2022-05-aura,M-07,aura,Reward may be locked forever if user doesn't claim reward for a very long time such that too many epochs have been passed,Reward claiming iterates from the user's claim cursor to the end of rewardEpochs and can exceed gas limits after many epochs.,A long-inactive user may be unable to claim rewards because the catch-up loop becomes too expensive to execute.,Allow bounded/partial reward claiming with caller-specified end index or another pagination mechanism.,Web3Bugs report 123.md; Code4rena report; GitHub issue 240; ExtraRewardsDistributor.sol; AuraLocker.sol,yes,,other-logical-bug,NA,not_applicable,NA-not-MVSI,NA-not-MVSI,invariant=Reward claiming should remain executable even after many reward epochs. | entities=reward claim loop bounds | primary=userClaims cursor | counterpart=rewardEpochs length | desync=Claim path loops through too many epochs in one transaction. | sink=reward | impact=funds-lock | attacker=inactive-user | label_notes=Reward claim loop can become too expensive; unbounded-loop/gas-lock issue. | strict_match=Not in MV-SI recall denominator.
123,123,WEB3BUGS-123-M-08,Code4rena,Medium,,2022-07-26,https://github.com/code-423n4/2022-05-aura-findings/issues/186,2022-05-aura#m-08,2022-05-aura,M-08,aura,Locking up AURA Token does not increase voting power of individual,"AuraLocker only checkpoints delegated votes during lock; if a user has no delegatee, locked AURA/vlAURA balance is not reflected in individual voting power.","A user who locks AURA and receives vlAURA can still have zero getVotes voting power until they manually delegate, missing governance or gauge votes.",Auto-delegate to self or checkpoint the user's own voting power when locking if no delegatee is set.,Web3Bugs report 123.md; Code4rena report; GitHub issue 186; AuraLocker.sol,yes,"sheet=123 | row=12 | abl=B0 | type=TP | finding=[multi_var_cross_contract] epochs, userLocks, _checkpointedVotes, {_checkpointedVotes}  tx-set -> mint(address,uint256)   • write  contracts/AuraLocker.sol:524  (AuraLocker.('_checkpointDelegate', ['address', 'uint256', 'uint256'], []))   • write  contracts/AuraLocker.sol:293  (AuraLocker.('_lock', ['address', 'uint256'], []))   • read  contracts/AuraLocker.sol:292  (AuraLocker.('_lock', ['address', 'uint256'], []))   • read  contracts/AuraLocker.sol:281  (AuraLocker.('_lock', ['address', 'uint256'], [])) | report=https://github.com/code-423n4/2022-05-aura-findings/issues/186 | comments=[M-08] || sheet=123 | row=25 | abl=B0 | type=TP | finding=[single_var_cross_tx] userLocks  tx-set -> delegate(address), mint(address,uint256)   • write  contracts/AuraLocker.sol:282  (AuraLocker.('_lock', ['address', 'uint256'], []))   • read  contracts/AuraLocker.sol:469  (AuraLocker.('delegate', ['address'], [])) | report=https://github.com/code-423n4/2022-05-aura-findings/issues/186 | comments=[M-08] || sheet=123 | row=26 | abl=B0 | type=TP | finding=[multi_var_cross_contract] _checkpointedVotes, {_checkpointedVotes}  tx-set -> getPastVotes(address,uint256), mint(address,uint256)   • write  contracts/AuraLocker.sol:524  (AuraLocker.('_checkpointDelegate', ['address', 'uint256', 'uint256'], []))   • read  contracts/AuraLocker.sol:600  (AuraLocker.('getPastVotes', ['address', 'uint256'], ['uint256'])) | report=https://github.com/code-423n4/2022-05-aura-findings/issues/232 https://github.com/code-423n4/2022-05-aura-findings/issues/186 | comments=[M-03], [M-08] || sheet=123 | row=81 | abl=B1 | type=TP | finding=[multi_var_cross_contract] epochs, userLocks, _checkpointedVotes, {_checkpointedVotes}  tx-set -> delegate(address)   • write  contracts/AuraLocker.sol:546  (AuraLocker.('_checkpointDelegate', ['address', 'uint256', 'uint256'], []))   • write  contracts/AuraLocker.sol:293  (AuraLocker.('_lock', ['address', 'uint256'], []))   • read  contracts/AuraLocker.sol:281  (AuraLocker.('_lock', ['address', 'uint256'], []))   • read  contracts/AuraLocker.sol:469  (AuraLocker.('delegate', ['address'], [])) | report= | comments=[M-08] missing coupling || sheet=123 | row=91 | abl=B1 | type=TP | finding=[multi_var_cross_contract] _checkpointedVotes, {_checkpointedVotes}  tx-set -> delegate(address), getPastVotes(address,uint256)   • write  contracts/AuraLocker.sol:546  (AuraLocker.('_checkpointDelegate', ['address', 'uint256', 'uint256'], []))   • read  contracts/AuraLocker.sol:600  (AuraLocker.('getPastVotes', ['address', 'uint256'], ['uint256'])) | report= | comments=[M-08] || sheet=123 | row=322 | abl=B6 | type=TP | finding=[single_var_cross_tx] userLocks  tx-set -> delegate(address)   • write  contracts/AuraLocker.sol:282  (AuraLocker.('_lock', ['address', 'uint256'], []))   • read  contracts/AuraLocker.sol:279  (AuraLocker.('_lock', ['address', 'uint256'], []))   • read  contracts/AuraLocker.sol:469  (AuraLocker.('delegate', ['address'], [])) | report=https://github.com/code-423n4/2022-05-aura-findings/issues/186 | comments=[M-08]",MV-SI,Type-III-governance-config,yes,123:B0:row12,NA-strict-B0-match,"invariant=A user's locked AURA/vlAURA balance should be synchronized with the voting checkpoint state that determines getVotes. | entities=locked AURA/vlAURA balance, delegatee unlocks, vote checkpoints | primary=locked AURA/vlAURA balance | counterpart=individual voting checkpoint/delegation state | desync=_lock updates locked balances but skips delegate checkpointing when delegates(_account) is zero. | sink=governance | impact=governance-disruption | attacker=token-holder | label_notes=Clear voting-power MV-SI: locked balance and voting checkpoint/delegation state are coupled and desynced. | strict_match=B0 row 12 has userLocks and _checkpointedVotes, the _lock/checkpoint path, and governance voting-power sink."
123,123,WEB3BUGS-123-M-09,Code4rena,Medium,,2022-07-26,https://github.com/code-423n4/2022-05-aura-findings/issues/126,2022-05-aura#m-09,2022-05-aura,M-09,aura,Reward can be vested even after endTime,AuraVestedEscrow.fund lacks a time/lifecycle check preventing funding after the vesting endTime.,Funds sent after the vesting period can be locked or fail to become useful vesting rewards.,"Require funding before the appropriate vesting cutoff, such as before endTime or before startTime depending on intended lifecycle.",Web3Bugs report 123.md; Code4rena report; GitHub issue 126; AuraVestedEscrow.sol,yes,"sheet=123 | row=53 | abl=B0 | type=TP | finding=[multi_var_cross_contract] totalLocked, {totalLocked}  tx-set -> cancel(address), fund(address[],uint256[])   • write  contracts/AuraVestedEscrow.sol:125  (AuraVestedEscrow.('cancel', ['address'], []))   • read  contracts/AuraVestedEscrow.sol:103  (AuraVestedEscrow.('fund', ['address[]', 'uint256[]'], [])) | report=https://github.com/code-423n4/2022-05-aura-findings/issues/126 https://github.com/code-423n4/2022-05-aura/blob/4989a2077546a5394e3650bf3c224669a0f7e690/contracts/AuraVestedEscrow.sol#L96 | comments=[M-09], [L-01] || sheet=123 | row=54 | abl=B0 | type=TP | finding=[multi_var_cross_contract] totalLocked, {totalLocked}  tx-set -> cancel(address)   • write  contracts/AuraVestedEscrow.sol:125  (AuraVestedEscrow.('cancel', ['address'], []))   • read  contracts/AuraVestedEscrow.sol:118  (AuraVestedEscrow.('cancel', ['address'], [])) | report=https://github.com/code-423n4/2022-05-aura-findings/issues/126 https://github.com/code-423n4/2022-05-aura/blob/4989a2077546a5394e3650bf3c224669a0f7e690/contracts/AuraVestedEscrow.sol#L96 | comments=[M-09], [L-01] || sheet=123 | row=118 | abl=B1 | type=TP | finding=[multi_var_cross_contract] totalLocked, {totalLocked}  tx-set -> cancel(address), fund(address[],uint256[])   • write  contracts/AuraVestedEscrow.sol:125  (AuraVestedEscrow.('cancel', ['address'], []))   • read  contracts/AuraVestedEscrow.sol:103  (AuraVestedEscrow.('fund', ['address[]', 'uint256[]'], [])) | report=https://github.com/code-423n4/2022-05-aura-findings/issues/126 https://github.com/code-423n4/2022-05-aura/blob/4989a2077546a5394e3650bf3c224669a0f7e690/contracts/AuraVestedEscrow.sol#L96 | comments=[M-09], [L-01] || sheet=123 | row=119 | abl=B1 | type=TP | finding=[multi_var_cross_contract] totalLocked, {totalLocked}  tx-set -> cancel(address)   • write  contracts/AuraVestedEscrow.sol:125  (AuraVestedEscrow.('cancel', ['address'], []))   • read  contracts/AuraVestedEscrow.sol:118  (AuraVestedEscrow.('cancel', ['address'], [])) | report=https://github.com/code-423n4/2022-05-aura-findings/issues/126 https://github.com/code-423n4/2022-05-aura/blob/4989a2077546a5394e3650bf3c224669a0f7e690/contracts/AuraVestedEscrow.sol#L96 | comments=[M-09], [L-01] || sheet=123 | row=187 | abl=B2 | type=TP | finding=[multi_var_cross_contract] totalLocked, {totalLocked}  tx-set -> cancel(address)   • write  contracts/AuraVestedEscrow.sol:125  (AuraVestedEscrow.('cancel', ['address'], []))   • read  contracts/AuraVestedEscrow.sol:118  (AuraVestedEscrow.('cancel', ['address'], [])) | report=https://github.com/code-423n4/2022-05-aura-findings/issues/126 https://github.com/code-423n4/2022-05-aura/blob/4989a2077546a5394e3650bf3c224669a0f7e690/contracts/AuraVestedEscrow.sol#L96 | comments=[M-09], [L-01] || sheet=123 | row=188 | abl=B2 | type=TP | finding=[multi_var_cross_contract] totalLocked, {totalLocked}  tx-set -> cancel(address), fund(address[],uint256[])   • write  contracts/AuraVestedEscrow.sol:125  (AuraVestedEscrow.('cancel', ['address'], []))   • read  contracts/AuraVestedEscrow.sol:103  (AuraVestedEscrow.('fund', ['address[]', 'uint256[]'], [])) | report=https://github.com/code-423n4/2022-05-aura-findings/issues/126 https://github.com/code-423n4/2022-05-aura/blob/4989a2077546a5394e3650bf3c224669a0f7e690/contracts/AuraVestedEscrow.sol#L96 | comments=[M-09], [L-01] || sheet=123 | row=252 | abl=B3 | type=TP | finding=[multi_var_cross_contract] totalLocked, {totalLocked}  tx-set -> cancel(address), fund(address[],uint256[])   • write  contracts/AuraVestedEscrow.sol:125  (AuraVestedEscrow.('cancel', ['address'], []))   • read  contracts/AuraVestedEscrow.sol:103  (AuraVestedEscrow.('fund', ['address[]', 'uint256[]'], [])) | report=https://github.com/code-423n4/2022-05-aura-findings/issues/126 https://github.com/code-423n4/2022-05-aura/blob/4989a2077546a5394e3650bf3c224669a0f7e690/contracts/AuraVestedEscrow.sol#L96 | comments=[M-09], [L-01] || sheet=123 | row=253 | abl=B3 | type=TP | finding=[multi_var_cross_contract] totalLocked, {totalLocked}  tx-set -> cancel(address)   • write  contracts/AuraVestedEscrow.sol:125  (AuraVestedEscrow.('cancel', ['address'], []))   • read  contracts/AuraVestedEscrow.sol:118  (AuraVestedEscrow.('cancel', ['address'], [])) | report=https://github.com/code-423n4/2022-05-aura-findings/issues/126 https://github.com/code-423n4/2022-05-aura/blob/4989a2077546a5394e3650bf3c224669a0f7e690/contracts/AuraVestedEscrow.sol#L96 | comments=[M-09], [L-01] || sheet=123 | row=351 | abl=B6 | type=TP | finding=[multi_var_cross_contract] totalLocked, {totalLocked}  tx-set -> cancel(address), fund(address[],uint256[])   • write  contracts/AuraVestedEscrow.sol:125  (AuraVestedEscrow.('cancel', ['address'], []))   • read  contracts/AuraVestedEscrow.sol:103  (AuraVestedEscrow.('fund', ['address[]', 'uint256[]'], [])) | report=https://github.com/code-423n4/2022-05-aura-findings/issues/126 https://github.com/code-423n4/2022-05-aura/blob/4989a2077546a5394e3650bf3c224669a0f7e690/contracts/AuraVestedEscrow.sol#L96 | comments=[M-09], [L-01] || sheet=123 | row=352 | abl=B6 | type=TP | finding=[multi_var_cross_contract] totalLocked, {totalLocked}  tx-set -> cancel(address)   • write  contracts/AuraVestedEscrow.sol:125  (AuraVestedEscrow.('cancel', ['address'], []))   • read  contracts/AuraVestedEscrow.sol:118  (AuraVestedEscrow.('cancel', ['address'], [])) | report=https://github.com/code-423n4/2022-05-aura-findings/issues/126 https://github.com/code-423n4/2022-05-aura/blob/4989a2077546a5394e3650bf3c224669a0f7e690/contracts/AuraVestedEscrow.sol#L96 | comments=[M-09], [L-01]",other-logical-bug,NA,not_applicable,NA-not-MVSI,NA-not-MVSI,"invariant=Vesting funding should respect the vesting lifecycle window. | entities=vesting lifecycle time checks | primary=endTime | counterpart=funding call | desync=fund can be called after endTime without rejecting the deposit. | sink=storage-write | impact=funds-lock | attacker=admin-or-funder | label_notes=Vesting can be funded after endTime. Missing time/lifecycle check, not MV-SI. | strict_match=Not in MV-SI recall denominator."
123,123,WEB3BUGS-123-M-10,Code4rena,Medium,,2022-07-26,https://github.com/code-423n4/2022-05-aura-findings/issues/278,2022-05-aura#m-10,2022-05-aura,M-10,aura,Increase voting power by tokenizing the address that locks the token,"AuraLocker allows smart contracts to lock tokens, enabling wrapper contracts to tokenize locked positions and direct accumulated voting power.","A wrapper can attract deposits, tokenize the locker address, and delegate the contract's votes to influence governance.","Restrict or manage smart-contract lockers with an EOA check, whitelist, or blacklist policy.",Web3Bugs report 123.md; Code4rena report; GitHub issue 278; AuraLocker.sol,yes,,other-logical-bug,NA,not_applicable,NA-not-MVSI,NA-not-MVSI,"invariant=Governance lock semantics should account for tokenized contract-wallet wrappers if they are disallowed by design. | entities=locker address type and delegation control | primary=locker contract address | counterpart=delegated voting power | desync=A smart-contract locker can aggregate locks and delegate voting power while issuing wrapper tokens. | sink=governance | impact=governance-risk | attacker=contract-wallet-operator | label_notes=Governance design/contract-wallet restriction issue, not state desync. | strict_match=Not in MV-SI recall denominator."
123,123,WEB3BUGS-123-M-11,Code4rena,Medium,,2022-07-26,https://github.com/code-423n4/2022-05-aura-findings/issues/176,2022-05-aura#m-11,2022-05-aura,M-11,aura,Users may lose rewards to other users if rewards are given as fee-on-transfer tokens,"ExtraRewardsDistributor records reward per token from the requested _amount, but fee-on-transfer tokens can make actual received balance lower.","The first claimants can consume the actual balance while accounting promises rewards based on the larger nominal amount, causing later claims to revert or underpay.",Measure token balance before and after transfer and use the actual received amount for reward accounting.,Web3Bugs report 123.md; Code4rena report; GitHub issue 176; ExtraRewardsDistributor.sol,yes,,MV-SI,Type-II-asset-utility,no,NA-no-strict-B0-match,FN0-no-same-finding-tag-row,"invariant=Recorded reward accounting must match the actual reward token balance received and available for later claims. | entities=nominal _amount, actual reward token balance received, rewardData per-token accounting | primary=actual reward token balance received | counterpart=rewardData[_token][_epoch] accounting | external_proxy=fee-on-transfer token behavior | desync=_addReward transfers tokens, then updates rewardData using _amount rather than actual received balance delta. | sink=reward | impact=loss | attacker=reward-funder-or-token-condition | label_notes=Asset-accounting MV-SI: reward accounting uses _amount while actual received balance can be lower. | strict_match=No same-finding MV-Bench row was found for ExtraRewardsDistributor nominal amount vs actual FoT received-balance accounting."
123,123,WEB3BUGS-123-M-12,Code4rena,Medium,,2022-07-26,https://github.com/code-423n4/2022-05-aura-findings/issues/108,2022-05-aura#m-12,2022-05-aura,M-12,aura,User will lose funds,AuraClaimZap transfers CVX from the user when depositCvxMaxAmount is positive even if the LockCvx option is false.,"A user can transfer CVX into the zap contract without the lock branch executing, leaving funds stuck in the contract.","Only pull CVX when LockCvx is enabled, or otherwise return/handle CVX when the option is false.",Web3Bugs report 123.md; Code4rena report; GitHub issue 108; AuraClaimZap.sol,yes,,other-logical-bug,NA,not_applicable,NA-not-MVSI,NA-not-MVSI,"invariant=Zap options should align token pulls with the action that consumes those pulled tokens. | entities=option flag and CVX transfer | primary=Options.LockCvx | counterpart=CVX transferFrom call | desync=claimRewards pulls CVX before checking that LockCvx is true. | sink=transfer | impact=funds-lock | attacker=user | label_notes=Missing else / option-check issue. Funds stuck, but no persistent coupled-state invariant. | strict_match=Not in MV-SI recall denominator."
123,123,WEB3BUGS-123-M-13,Code4rena,Medium,,2022-07-26,https://github.com/code-423n4/2022-05-aura-findings/issues/151,2022-05-aura#m-13,2022-05-aura,M-13,aura,"ConvexMasterChef: When _lpToken is cvx, reward calculation is incorrect","ConvexMasterChef allows a pool LP token to be the same as the cvx reward token, causing reward mints/balances to inflate lpSupply used for reward calculation.","If _lpToken equals cvx, the balance-derived lpSupply includes reward tokens and corrupts accCvxPerShare, reducing or misallocating rewards.","Reject pools whose LP token is the reward token, or separate reward-token custody from LP supply measurement.",Web3Bugs report 123.md; Code4rena report; GitHub issue 151; ConvexMasterChef.sol,yes,,MV-SI,Type-II-asset-utility,no,NA-no-strict-B0-match,FN0-no-same-finding-tag-row,"invariant=Per-pool lpSupply used for reward math must represent staked LP tokens only, not minted reward-token balances. | entities=pool LP token identity, reward token identity, balance-derived lpSupply, accCvxPerShare | primary=balance-derived lpSupply | counterpart=pool reward accounting accCvxPerShare | external_proxy=cvx reward token balance | desync=add allows _lpToken == cvx, so updatePool reads an inflated cvx balance as LP supply. | sink=reward | impact=reward-miscalculation | attacker=owner-misconfiguration | label_notes=Configuration/accounting MV-SI: _lpToken can equal reward token cvx, corrupting reward calculation. | strict_match=No same-finding MV-Bench row was found for ConvexMasterChef lpToken==cvx reward-supply corruption."
123,123,WEB3BUGS-123-M-14,Code4rena,Medium,,2022-07-26,https://github.com/code-423n4/2022-05-aura-findings/issues/261,2022-05-aura#m-14,2022-05-aura,M-14,aura,Integer overflow will lock all rewards in AuraLocker,AuraLocker rewardPerTokenStored uses uint96 and can overflow under extreme reward-rate and low-supply conditions.,Overflow in reward calculation can make updateReward revert and lock reward functionality until shutdown/emergency withdrawal.,Use wider integer storage or enforce reward-rate bounds that prevent overflow.,Web3Bugs report 123.md; Code4rena report; GitHub issue 261; AuraLocker.sol,yes,"sheet=123 | row=15 | abl=B0 | type=TP | finding=[multi_var_cross_contract] rewardData, {rewardData}, {lockedSupply, rewardData}  tx-set -> mint(address,uint256), queueNewRewards(uint256)   • write  contracts/AuraLocker.sol:868  (AuraLocker.('_notifyReward', ['address', 'uint256'], []))   • read  contracts/AuraLocker.sol:824  (AuraLocker.('queueNewRewards', ['uint256'], [])) | report=https://github.com/code-423n4/2022-05-aura-findings/issues/261 https://github.com/code-423n4/2022-05-aura-findings/issues/1 | comments=[M-14], [M-06] || sheet=123 | row=149 | abl=B2 | type=TP | finding=[multi_var_cross_contract] rewardData, {lockedSupply, rewardData}, {rewardData}  tx-set -> queueNewRewards(uint256), stake(uint256)   • write  contracts/AuraLocker.sol:868  (AuraLocker.('_notifyReward', ['address', 'uint256'], []))   • read  contracts/AuraLocker.sol:824  (AuraLocker.('queueNewRewards', ['uint256'], [])) | report= | comments=[M-14] || sheet=123 | row=212 | abl=B3 | type=TP | finding=[multi_var_cross_contract] rewardRate, {lastUpdateTime, rewardPerTokenStored, rewardRate}, epochs, userLocks, _checkpointedVotes, {_checkpointedVotes}, {lockedSupply, rewardData}  tx-set -> initialiseRewards()   • write  contracts/AuraLocker.sol:293  (AuraLocker.('_lock', ['address', 'uint256'], []))   • write  contracts/AuraLocker.sol:871  (AuraLocker.('_notifyReward', ['address', 'uint256'], []))   • read  contracts/AuraLocker.sol:292  (AuraLocker.('_lock', ['address', 'uint256'], []))   • read  contracts/AuraLocker.sol:435  (AuraLocker.('_processExpiredLocks', ['address', 'bool', 'address', 'uint256'], [])) | report= | comments=Broadly touches [M-14] with {lockedSupply, rewardData, ...} || sheet=123 | row=217 | abl=B3 | type=TP | finding=[multi_var_cross_contract] rewardData, {rewardData}, {lockedSupply, rewardData}  tx-set -> initialiseRewards(), queueNewRewards(uint256)   • write  contracts/AuraLocker.sol:871  (AuraLocker.('_notifyReward', ['address', 'uint256'], []))   • read  contracts/AuraLocker.sol:824  (AuraLocker.('queueNewRewards', ['uint256'], [])) | report= | comments=[M-14] indirect || sheet=123 | row=218 | abl=B3 | type=TP | finding=[multi_var_cross_contract] balances, userLocks, {lockedSupply, rewardData}  tx-set -> emergencyWithdraw(), initialiseRewards()   • write  contracts/AuraLocker.sol:871  (AuraLocker.('_notifyReward', ['address', 'uint256'], []))   • write  contracts/AuraLocker.sol:282  (AuraLocker.('_lock', ['address', 'uint256'], []))   • read  contracts/AuraLocker.sol:363  (AuraLocker.('emergencyWithdraw', [], []))   • read  contracts/AuraLocker.sol:355  (AuraLocker.('emergencyWithdraw', [], [])) | report= | comments=[M-14] indirect || sheet=123 | row=281 | abl=B4 | type=TP | finding=[multi_var_cross_contract] queuedCvxCrvRewards, {lockedSupply, rewardData}  tx-set -> queueNewRewards(uint256)   • write  contracts/AuraLocker.sol:864  (AuraLocker.('_notifyReward', ['address', 'uint256'], []))   • write  contracts/AuraLocker.sol:831  (AuraLocker.('queueNewRewards', ['uint256'], []))   • read  contracts/AuraLocker.sol:828  (AuraLocker.('queueNewRewards', ['uint256'], []))   • read  contracts/AuraLocker.sol:824  (AuraLocker.('queueNewRewards', ['uint256'], [])) | report= | comments=[M-14] || sheet=123 | row=295 | abl=B4 | type=TP | finding=[multi_var_cross_contract] {lockedSupply, rewardData}  tx-set -> balanceAtEpochOf(uint256,address), queueNewRewards(uint256)   • write  contracts/AuraLocker.sol:864  (AuraLocker.('_notifyReward', ['address', 'uint256'], []))   • read  contracts/AuraLocker.sol:435  (AuraLocker.('_processExpiredLocks', ['address', 'bool', 'address', 'uint256'], [])) | report= | comments=[M-14] || sheet=123 | row=296 | abl=B4 | type=TP | finding=[multi_var_cross_contract] {lockedSupply, rewardData}  tx-set -> queueNewRewards(uint256), stake(uint256)   • write  contracts/AuraLocker.sol:864  (AuraLocker.('_notifyReward', ['address', 'uint256'], []))   • read  contracts/AuraLocker.sol:272  (AuraLocker.('_lock', ['address', 'uint256'], [])) | report= | comments=[M-14] || sheet=123 | row=297 | abl=B4 | type=TP | finding=[multi_var_cross_contract] {lockedSupply, rewardData}  tx-set -> emergencyWithdraw(), queueNewRewards(uint256)   • write  contracts/AuraLocker.sol:864  (AuraLocker.('_notifyReward', ['address', 'uint256'], []))   • read  contracts/AuraLocker.sol:363  (AuraLocker.('emergencyWithdraw', [], [])) | report= | comments=[M-14]",other-logical-bug,NA,not_applicable,NA-not-MVSI,NA-not-MVSI,invariant=Reward calculations should not overflow their storage type under accepted reward configurations. | entities=rewardPerTokenStored integer range | primary=rewardPerTokenStored | counterpart=rewardRate and lockedSupply | desync=_rewardPerToken can exceed uint96 and revert on to96 conversion. | sink=accounting | impact=funds-lock | attacker=governance-or-token-condition | label_notes=Integer overflow in reward calculation. Criterion 5 excludes arithmetic errors. | strict_match=Not in MV-SI recall denominator.
123,123,WEB3BUGS-123-M-15,Code4rena,Medium,,2022-07-26,https://github.com/code-423n4/2022-05-aura-findings/issues/272,2022-05-aura#m-15,2022-05-aura,M-15,aura,ConvexMasterChef: safeRewardTransfer can cause loss of funds,ConvexMasterChef safeRewardTransfer silently sends less than the owed reward when the contract reward-token balance is undersupplied.,"A user can invoke reward transfer and receive less than accounting says they are owed, with the missing amount not reflected in accounting.",Use normal safeTransfer or explicitly account for and preserve unpaid reward debt rather than silently underpaying.,Web3Bugs report 123.md; Code4rena report; GitHub issue 272; ConvexMasterChef.sol,yes,,MV-SI,Type-II-asset-utility,no,NA-no-strict-B0-match,FN0-no-same-finding-tag-row,"invariant=Reward payout accounting must stay synchronized with the actual reward-token balance available for transfer and unpaid reward obligations. | entities=actual reward token balance, pending reward amount, user reward accounting | primary=actual reward token balance | counterpart=pending reward/user accounting | desync=safeRewardTransfer caps transfer to current balance but accounting treats the reward as paid. | sink=reward | impact=loss | attacker=reward-claimant | label_notes=Asset-accounting MV-SI: missing reward tokens are not reflected in accounting and users can be silently underpaid. | strict_match=No same-finding MV-Bench row was found for safeRewardTransfer silent underpayment accounting."
123,123,WEB3BUGS-123-M-16,Code4rena,Medium,,2022-07-26,https://github.com/code-423n4/2022-05-aura-findings/issues/285,2022-05-aura#m-16,2022-05-aura,M-16,aura,DDOS in BalLiquidityProvider,BalLiquidityProvider requires contract token balance to exactly equal the requested maxAmountsIn value.,"An attacker can donate one wei before the call, making the equality check fail and preventing liquidity provision.",Remove exact-balance equality or change it to a tolerance/greater-than-or-equal check.,Web3Bugs report 123.md; Code4rena report; GitHub issue 285; BalLiquidityProvider.sol,yes,,other-logical-bug,NA,not_applicable,NA-not-MVSI,NA-not-MVSI,"invariant=External token donations should not make valid liquidity provision calls revert through exact balance equality. | entities=contract token balance and maxAmountsIn input | primary=contract token balance | counterpart=_request.maxAmountsIn[i] | external_proxy=ERC20 direct balance transfer | desync=Attacker front-runs with a token donation so bal != maxAmountsIn[i]. | sink=branch | impact=denial-of-service | attacker=unprivileged | label_notes=Donation/front-run DoS against exact balance equality check. External-balance griefing, not persistent MV-SI. | strict_match=Not in MV-SI recall denominator."
123,123,WEB3BUGS-123-M-17,Code4rena,Medium,,2022-07-26,https://github.com/code-423n4/2022-05-aura-findings/issues/313,2022-05-aura#m-17,2022-05-aura,M-17,aura,ConvexMasterChef's deposit and withdraw can be reentered drawing all reward funds from the contract if reward token allows for transfer flow control,ConvexMasterChef transfers pending rewards before updating user.amount and user.rewardDebt in deposit and withdraw.,A transfer-hook reward token can reenter deposit or withdraw before reward accounting is updated and repeatedly draw rewards.,Add nonReentrant protection and update internal accounting before external reward-token transfers.,Web3Bugs report 123.md; Code4rena report; GitHub issue 313; ConvexMasterChef.sol,yes,,SV-SI,NA,not_applicable,NA-not-MVSI,NA-not-MVSI,invariant=User reward accounting should be advanced before any external reward-token transfer can reenter the same accounting path. | entities=user.amount and user.rewardDebt | primary=user.amount / user.rewardDebt | external_proxy=reward token transfer hook | desync=deposit/withdraw calls safeRewardTransfer before updating user.amount and rewardDebt. | sink=reward | impact=loss | attacker=reentrant-reward-token | label_notes=Reentrancy stale-accounting issue over same reward variables. Reentrancy is not MV-SI under criterion 5. | strict_match=Not in MV-SI recall denominator.
123,123,WEB3BUGS-123-M-18,Code4rena,Medium,,2022-07-26,https://github.com/code-423n4/2022-05-aura-findings/issues/179,2022-05-aura#m-18,2022-05-aura,M-18,aura,AuraBalRewardPool charges a penalty to all users in the pool if the AuraLocker has been shut down,"AuraBalRewardPool's lock-reward path calls AuraLocker.lock, which reverts after AuraLocker shutdown, leaving only the penalty path.",Users must accept a penalty after shutdown because the lock branch is unavailable.,"Do not charge the penalty when AuraLocker is shut down, or add lifecycle-aware branching for the shutdown case.",Web3Bugs report 123.md; Code4rena report; GitHub issue 179; AuraBalRewardPool.sol; AuraLocker.sol,yes,,other-logical-bug,NA,not_applicable,NA-not-MVSI,NA-not-MVSI,"invariant=Reward claim options should account for AuraLocker shutdown lifecycle. | entities=AuraLocker.isShutdown and reward claim branch | primary=AuraLocker.isShutdown | counterpart=AuraBalRewardPool lock/penalty branch | desync=isShutdown makes the lock path revert, forcing users to use the penalty path. | sink=branch | impact=loss | attacker=reward-claimant | label_notes=Missing lifecycle branching rather than a persistent coupled-state desync. | strict_match=Not in MV-SI recall denominator."
123,123,WEB3BUGS-123-M-19,Code4rena,Medium,,2022-07-26,https://github.com/code-423n4/2022-05-aura-findings/issues/343,2022-05-aura#m-19,2022-05-aura,M-19,aura,CrvDepositor.sol Wrong implementation of the 2-week buffer for lock,CrvDepositor compares a seconds-denominated difference against 2 as if it were weeks.,The lock extension buffer can trigger after seconds/new week boundaries rather than after the intended two-week interval.,"Normalize unlock values to weeks before comparing, or compare seconds against 2 * WEEK.",Web3Bugs report 123.md; Code4rena report; GitHub issue 343; CrvDepositor.sol,yes,,other-logical-bug,NA,not_applicable,NA-not-MVSI,NA-not-MVSI,invariant=The lock-extension buffer should compare values in the same units. | entities=unlockInWeeks and unlockTime units | primary=unlockInWeeks - unlockTime | counterpart=two-week buffer constant | desync=_lockCurve compares a seconds value to 2 rather than two weeks. | sink=branch | impact=incorrect-lock-extension | attacker=keeper-or-user | label_notes=Unit error: seconds compared as if weeks. Arithmetic/unit bug. | strict_match=Not in MV-SI recall denominator.
123,123,WEB3BUGS-123-M-20,Code4rena,Medium,,2022-07-26,https://github.com/code-423n4/2022-05-aura-findings/issues/197,2022-05-aura#m-20,2022-05-aura,M-20,aura,massUpdatePools() is susceptible to DoS with block gas limit,ConvexMasterChef.massUpdatePools loops over every pool and can exceed the block gas limit if too many pools exist.,"Pool updates may become impossible through massUpdatePools, negatively affecting reward accounting and protocol operation.","Limit loop iterations, paginate updates, or design pool updates so the contract cannot be bricked by pool count.",Web3Bugs report 123.md; Code4rena report; GitHub issue 197; ConvexMasterChef.sol,yes,,other-logical-bug,NA,not_applicable,NA-not-MVSI,NA-not-MVSI,"invariant=Pool reward update operations should remain executable under expected pool counts. | entities=poolInfo length and update loop | primary=poolInfo length | counterpart=massUpdatePools gas cost | desync=massUpdatePools iterates through all pools in one transaction. | sink=accounting | impact=denial-of-service | attacker=admin-or-any-caller | label_notes=massUpdatePools block-gas DoS. Even with accounting consequences, the finding itself is unbounded-loop DoS. | strict_match=Not in MV-SI recall denominator."
123,123,WEB3BUGS-123-M-21,Code4rena,Medium,,2022-07-26,https://github.com/code-423n4/2022-05-aura-findings/issues/147,2022-05-aura#m-21,2022-05-aura,M-21,aura,"ConvexMasterChef: When using add() and set(), it should always call massUpdatePools() to update all pools",ConvexMasterChef add/set can change totalAllocPoint without first updating all pool reward checkpoints.,"Rewards accrued before the denominator change can be calculated using the wrong totalAllocPoint, corrupting per-pool rewards.","Always massUpdatePools before modifying totalAllocPoint, or remove the option to skip the update.",Web3Bugs report 123.md; Code4rena report; GitHub issue 147; ConvexMasterChef.sol,yes,,MV-SI,Type-I-temporal-checkpoint,no,NA-no-strict-B0-match,FN0-no-same-finding-tag-row,"invariant=Pool reward checkpoints must be synchronized before totalAllocPoint changes because accrued rewards depend on the old allocation denominator. | entities=totalAllocPoint, pool accCvxPerShare, pool lastRewardBlock | primary=totalAllocPoint | counterpart=per-pool reward checkpoints | external_proxy=block.number reward accrual interval | desync=add/set modify totalAllocPoint while some pools have not been updated through the previous allocation denominator. | sink=reward | impact=reward-miscalculation | attacker=owner | label_notes=Clear reward-accounting MV-SI: totalAllocPoint changes without first updating all pools. | strict_match=No same-finding MV-Bench row was found for totalAllocPoint update without pool checkpoint synchronization."
123,123,WEB3BUGS-123-M-22,Code4rena,Medium,,2022-07-26,https://github.com/code-423n4/2022-05-aura-findings/issues/124,2022-05-aura#m-22,2022-05-aura,M-22,aura,Duplicate LP token could lead to incorrect reward distribution,"ConvexMasterChef.add does not prevent duplicate LP tokens across pools, so multiple pools can share the same balance-derived lpSupply.","If two pools use the same LP token, updatePool reads the same contract token balance for both pools and corrupts reward distribution.",Track LP tokens already added and reject duplicate LP token pools.,Web3Bugs report 123.md; Code4rena report; GitHub issue 124; ConvexMasterChef.sol,yes,,MV-SI,Type-II-asset-utility,no,NA-no-strict-B0-match,FN0-no-same-finding-tag-row,"invariant=Each pool's lpSupply used for reward distribution should correspond only to that pool's unique staked LP token position. | entities=pool LP token identities, balance-derived lpSupply, per-pool reward accounting | primary=pool LP token identity | counterpart=per-pool reward accounting / lpSupply | external_proxy=ERC20 LP token balance | desync=add allows duplicate lpToken values, so updatePool reuses the same token balance for multiple pools. | sink=reward | impact=reward-miscalculation | attacker=owner-misconfiguration | label_notes=Configuration/accounting MV-SI: duplicate LP token pools cause lpSupply reuse and incorrect reward distribution. | strict_match=No same-finding MV-Bench row was found for duplicate LP token pool reward accounting."
41,41contracts,WEB3BUGS-41-H-01,Code4rena,High,SC,2022-01-26,https://github.com/code-423n4/2021-10-defiprotocol-findings/issues/48,2021-10-defiprotocol#h-01,2021-10-defiprotocol,H-01,kuiper,Bonding mechanism allows malicious user to DOS auctions,Auction settlement grants exclusive settlement privilege to the first bonder and only allows bond burn after a 24 hour delay.,"A malicious user can immediately bond after an auction starts, refuse to settle, and repeat the process to keep auction settlement unavailable.",Remove exclusive bonding or allow multiple bonders / direct settlement so one actor cannot hold settlement hostage.,Web3Bugs report 41.md; Code4rena report; GitHub issue 48; Auction.sol; Basket.sol,yes,"sheet=41contracts | row=74 | abl=B2 | type=TP | finding=[multi_var_cross_contract] auctionOngoing, bondBlock, hasBonded  tx-set -> bondBurn(), bondForRebalance()   • write  contracts/Auction.sol:124  (Auction.('bondBurn', [], []))   • write  contracts/Auction.sol:125  (Auction.('bondBurn', [], []))   • read  contracts/Auction.sol:59  (Auction.('bondForRebalance', [], []))   • read  contracts/Auction.sol:120  (Auction.('bondBurn', [], [])) | report=https://github.com/code-423n4/2021-10-defiprotocol-findings/issues/48 | comments=[H-01] || sheet=41contracts | row=96 | abl=B3 | type=TP | finding=[multi_var_cross_contract] auctionOngoing, bondBlock, bondAmount, hasBonded, auctionBonder  tx-set -> bondBurn(), bondForRebalance()   • write  contracts/Auction.sol:124  (Auction.('bondBurn', [], []))   • write  contracts/Auction.sol:61  (Auction.('bondForRebalance', [], []))   • read  contracts/Auction.sol:58  (Auction.('bondForRebalance', [], []))   • read  contracts/Auction.sol:120  (Auction.('bondBurn', [], [])) | report=https://github.com/code-423n4/2021-10-defiprotocol-findings/issues/48 | comments=[H-01] || sheet=41contracts | row=136 | abl=B6 | type=TP | finding=[multi_var_cross_contract] auctionOngoing, bondBlock, hasBonded  tx-set -> bondBurn(), bondForRebalance()   • write  contracts/Auction.sol:125  (Auction.('bondBurn', [], []))   • write  contracts/Auction.sol:66  (Auction.('bondForRebalance', [], []))   • read  contracts/Auction.sol:58  (Auction.('bondForRebalance', [], []))   • read  contracts/Auction.sol:120  (Auction.('bondBurn', [], [])) | report=https://github.com/code-423n4/2021-10-defiprotocol-findings/issues/48 | comments=[H-01]",other-logical-bug,NA,not_applicable,NA-not-MVSI,NA-not-MVSI,"invariant=Auction settlement should not be exclusively blockable by one malicious bonder for the burn delay. | entities=auction bond ownership and settlement permission | primary=auction bonder privilege | counterpart=auction settlement availability | desync=A malicious bonder obtains exclusive settlement rights and waits through the burn delay without settling. | sink=branch | impact=denial-of-service | attacker=unprivileged | label_notes=Auction griefing / DoS. Mechanism design / exclusive settlement privilege, not stale coupled state. | strict_match=Not in MV-SI recall denominator."
41,41contracts,WEB3BUGS-41-M-01,Code4rena,Medium,,2022-01-26,https://github.com/code-423n4/2021-10-defiprotocol-findings/issues/59,2021-10-defiprotocol#m-01,2021-10-defiprotocol,M-01,kuiper,Basket.sol#mint() Malfunction due to extra nonReentrant modifier,"Basket.mint has nonReentrant and calls mintTo, which also has nonReentrant, so the nested call reverts.",Users cannot use mint because the reentrancy guard is entered twice in the same call path.,Remove the redundant nonReentrant modifier from mint and keep it on mintTo.,Web3Bugs report 41.md; Code4rena report; GitHub issue 59; Basket.sol,yes,"sheet=41contracts | row=20 | abl=B0 | type=FP | finding=[single_var_cross_tx] licenseFee  tx-set -> changeLicenseFee(uint256), totalSupply()   • write  contracts/Basket.sol:171  (Basket.('changeLicenseFee', ['uint256'], []))   • read  contracts/Basket.sol:131  (Basket.('handleFees', [], [])) | report= | comments=Points to [M-01], [M-08-M-11], but NOT SI per se || sheet=41contracts | row=53 | abl=B1 | type=FP | finding=[single_var_cross_tx] licenseFee  tx-set -> changeLicenseFee(uint256), totalSupply()   • write  contracts/Basket.sol:171  (Basket.('changeLicenseFee', ['uint256'], []))   • read  contracts/Basket.sol:131  (Basket.('handleFees', [], [])) | report= | comments=Points to [M-01], [M-08-M-11], but NOT SI per se || sheet=41contracts | row=82 | abl=B2 | type=FP | finding=[single_var_cross_tx] licenseFee  tx-set -> changeLicenseFee(uint256), totalSupply()   • write  contracts/Basket.sol:171  (Basket.('changeLicenseFee', ['uint256'], []))   • read  contracts/Basket.sol:131  (Basket.('handleFees', [], [])) | report= | comments=Points to [M-01], [M-08-M-11], but NOT SI per se || sheet=41contracts | row=113 | abl=B3 | type=FP | finding=[single_var_cross_tx] licenseFee  tx-set -> changeLicenseFee(uint256), totalSupply()   • write  contracts/Basket.sol:171  (Basket.('changeLicenseFee', ['uint256'], []))   • read  contracts/Basket.sol:131  (Basket.('handleFees', [], [])) | report= | comments=Points to [M-01], [M-08-M-11], but NOT SI per se || sheet=41contracts | row=150 | abl=B6 | type=FP | finding=[single_var_cross_tx] licenseFee  tx-set -> changeLicenseFee(uint256), totalSupply()   • write  contracts/Basket.sol:171  (Basket.('changeLicenseFee', ['uint256'], []))   • read  contracts/Basket.sol:131  (Basket.('handleFees', [], [])) | report= | comments=Points to [M-01], [M-08-M-11], but NOT SI per se",other-logical-bug,NA,not_applicable,NA-not-MVSI,NA-not-MVSI,"invariant=Mint wrapper functions should not trip their own reentrancy guard when forwarding to guarded implementation functions. | entities=nonReentrant guard state | primary=Basket.mint guard | counterpart=Basket.mintTo guard | desync=mint enters nonReentrant and then calls mintTo, which tries to enter the same guard again. | sink=branch | impact=denial-of-service | attacker=unprivileged | label_notes=Reentrancy guard composition mistake causing mint() to revert. No coupled-state invariant. | strict_match=Not in MV-SI recall denominator."
41,41contracts,WEB3BUGS-41-M-02,Code4rena,Medium,,2022-01-26,https://github.com/code-423n4/2021-10-defiprotocol-findings/issues/24,2021-10-defiprotocol#m-02,2021-10-defiprotocol,M-02,kuiper,Setting Factory.auctionDecrement to zero causes Denial of Service in Auction.settleAuction(),"Factory.setAuctionDecrement allows auctionDecrement to be set to zero, and Auction.settleAuction divides by it.","If auctionDecrement is zero, settleAuction always reverts with division by zero.",Validate auctionDecrement is nonzero in the setter.,Web3Bugs report 41.md; Code4rena report; GitHub issue 24; Factory.sol; Auction.sol,yes,"sheet=41contracts | row=4 | abl=B0 | type=TP | finding=[multi_var_cross_contract] auctionOngoing, bondBlock, hasBonded, auctionBonder  tx-set -> bondForRebalance(), settleAuction(uint256[],address[],uint256[],address[],uint256[])   • write  contracts/Auction.sol:66  (Auction.('bondForRebalance', [], []))   • write  contracts/Auction.sol:110  (Auction.('settleAuction', ['uint256[]', 'address[]', 'uint256[]', 'address[]', 'uint256[]'], []))   • read  contracts/Auction.sol:81  (Auction.('settleAuction', ['uint256[]', 'address[]', 'uint256[]', 'address[]', 'uint256[]'], []))   • read  contracts/Auction.sol:59  (Auction.('bondForRebalance', [], [])) | report=https://github.com/code-423n4/2021-10-defiprotocol-findings/issues/24 | comments=[M-02] || sheet=41contracts | row=5 | abl=B0 | type=TP | finding=[multi_var_cross_contract] auctionOngoing, hasBonded, auctionBonder  tx-set -> bondBurn(), settleAuction(uint256[],address[],uint256[],address[],uint256[])   • write  contracts/Auction.sol:110  (Auction.('settleAuction', ['uint256[]', 'address[]', 'uint256[]', 'address[]', 'uint256[]'], []))   • write  contracts/Auction.sol:109  (Auction.('settleAuction', ['uint256[]', 'address[]', 'uint256[]', 'address[]', 'uint256[]'], []))   • read  contracts/Auction.sol:80  (Auction.('settleAuction', ['uint256[]', 'address[]', 'uint256[]', 'address[]', 'uint256[]'], []))   • read  contracts/Auction.sol:120  (Auction.('bondBurn', [], [])) | report=https://github.com/code-423n4/2021-10-defiprotocol-findings/issues/24 https://github.com/code-423n4/2021-10-defiprotocol-findings/issues/23 | comments=[M-02], [M-03] || sheet=41contracts | row=7 | abl=B0 | type=TP | finding=[multi_var_cross_contract] auctionOngoing, bondBlock, bondAmount, hasBonded  tx-set -> bondBurn(), bondForRebalance()   • write  contracts/Auction.sol:66  (Auction.('bondForRebalance', [], []))   • write  contracts/Auction.sol:124  (Auction.('bondBurn', [], []))   • read  contracts/Auction.sol:59  (Auction.('bondForRebalance', [], []))   • read  contracts/Auction.sol:121  (Auction.('bondBurn', [], [])) | report=https://github.com/code-423n4/2021-10-defiprotocol-findings/issues/24 https://github.com/code-423n4/2021-10-defiprotocol-findings/issues/23 | comments=[M-02], [M-03] || sheet=41contracts | row=37 | abl=B1 | type=TP | finding=[multi_var_cross_contract] auctionOngoing, bondBlock, hasBonded, auctionBonder  tx-set -> bondForRebalance(), settleAuction(uint256[],address[],uint256[],address[],uint256[])   • write  contracts/Auction.sol:110  (Auction.('settleAuction', ['uint256[]', 'address[]', 'uint256[]', 'address[]', 'uint256[]'], []))   • write  contracts/Auction.sol:61  (Auction.('bondForRebalance', [], []))   • read  contracts/Auction.sol:59  (Auction.('bondForRebalance', [], []))   • read  contracts/Auction.sol:81  (Auction.('settleAuction', ['uint256[]', 'address[]', 'uint256[]', 'address[]', 'uint256[]'], [])) | report=https://github.com/code-423n4/2021-10-defiprotocol-findings/issues/24 | comments=[M-02] || sheet=41contracts | row=38 | abl=B1 | type=TP | finding=[multi_var_cross_contract] auctionOngoing, hasBonded, auctionBonder  tx-set -> bondBurn(), settleAuction(uint256[],address[],uint256[],address[],uint256[])   • write  contracts/Auction.sol:130  (Auction.('bondBurn', [], []))   • write  contracts/Auction.sol:110  (Auction.('settleAuction', ['uint256[]', 'address[]', 'uint256[]', 'address[]', 'uint256[]'], []))   • read  contracts/Auction.sol:120  (Auction.('bondBurn', [], []))   • read  contracts/Auction.sol:119  (Auction.('bondBurn', [], [])) | report=https://github.com/code-423n4/2021-10-defiprotocol-findings/issues/24 https://github.com/code-423n4/2021-10-defiprotocol-findings/issues/23 | comments=[M-02], [M-03] || sheet=41contracts | row=46 | abl=B1 | type=TP | finding=[multi_var_cross_contract] auctionOngoing, bondBlock, bondAmount, hasBonded  tx-set -> bondBurn(), bondForRebalance()   • write  contracts/Auction.sol:124  (Auction.('bondBurn', [], []))   • write  contracts/Auction.sol:64  (Auction.('bondForRebalance', [], []))   • read  contracts/Auction.sol:59  (Auction.('bondForRebalance', [], []))   • read  contracts/Auction.sol:120  (Auction.('bondBurn', [], [])) | report=https://github.com/code-423n4/2021-10-defiprotocol-findings/issues/24 https://github.com/code-423n4/2021-10-defiprotocol-findings/issues/23 | comments=[M-02], [M-03] || sheet=41contracts | row=73 | abl=B2 | type=TP | finding=[multi_var_cross_contract] auctionOngoing, hasBonded, auctionBonder  tx-set -> bondBurn(), settleAuction(uint256[],address[],uint256[],address[],uint256[])   • write  contracts/Auction.sol:125  (Auction.('bondBurn', [], []))   • write  contracts/Auction.sol:124  (Auction.('bondBurn', [], []))   • read  contracts/Auction.sol:80  (Auction.('settleAuction', ['uint256[]', 'address[]', 'uint256[]', 'address[]', 'uint256[]'], []))   • read  contracts/Auction.sol:79  (Auction.('settleAuction', ['uint256[]', 'address[]', 'uint256[]', 'address[]', 'uint256[]'], [])) | report=https://github.com/code-423n4/2021-10-defiprotocol-findings/issues/24 https://github.com/code-423n4/2021-10-defiprotocol-findings/issues/23 | comments=[M-02], [M-03] || sheet=41contracts | row=77 | abl=B2 | type=TP | finding=[multi_var_cross_contract] auctionOngoing, bondBlock, hasBonded, auctionBonder  tx-set -> bondForRebalance(), settleAuction(uint256[],address[],uint256[],address[],uint256[])   • write  contracts/Auction.sol:66  (Auction.('bondForRebalance', [], []))   • write  contracts/Auction.sol:109  (Auction.('settleAuction', ['uint256[]', 'address[]', 'uint256[]', 'address[]', 'uint256[]'], []))   • read  contracts/Auction.sol:81  (Auction.('settleAuction', ['uint256[]', 'address[]', 'uint256[]', 'address[]', 'uint256[]'], []))   • read  contracts/Auction.sol:59  (Auction.('bondForRebalance', [], [])) | report=https://github.com/code-423n4/2021-10-defiprotocol-findings/issues/24 | comments=[M-02] || sheet=41contracts | row=95 | abl=B3 | type=TP | finding=[multi_var_cross_contract] auctionOngoing, hasBonded, auctionBonder  tx-set -> bondBurn(), settleAuction(uint256[],address[],uint256[],address[],uint256[])   • write  contracts/Auction.sol:124  (Auction.('bondBurn', [], []))   • write  contracts/Auction.sol:130  (Auction.('bondBurn', [], []))   • read  contracts/Auction.sol:79  (Auction.('settleAuction', ['uint256[]', 'address[]', 'uint256[]', 'address[]', 'uint256[]'], []))   • read  contracts/Auction.sol:120  (Auction.('bondBurn', [], [])) | report=https://github.com/code-423n4/2021-10-defiprotocol-findings/issues/24 https://github.com/code-423n4/2021-10-defiprotocol-findings/issues/23 | comments=[M-02], [M-03] || sheet=41contracts | row=100 | abl=B3 | type=TP | finding=[multi_var_cross_contract] auctionOngoing, bondBlock, hasBonded, auctionBonder  tx-set -> bondForRebalance(), settleAuction(uint256[],address[],uint256[],address[],uint256[])   • write  contracts/Auction.sol:61  (Auction.('bondForRebalance', [], []))   • write  contracts/Auction.sol:67  (Auction.('bondForRebalance', [], []))   • read  contracts/Auction.sol:58  (Auction.('bondForRebalance', [], []))   • read  contracts/Auction.sol:81  (Auction.('settleAuction', ['uint256[]', 'address[]', 'uint256[]', 'address[]', 'uint256[]'], [])) | report=https://github.com/code-423n4/2021-10-defiprotocol-findings/issues/24 | comments=[M-02] || sheet=41contracts | row=126 | abl=B4 | type=TP | finding=[single_var_cross_tx] auctionStart  tx-set -> settleAuction(uint256[],address[],uint256[],address[],uint256[]), startAuction()   • write  contracts/Auction.sol:39  (Auction.('startAuction', [], []))   • read  contracts/Auction.sol:96  (Auction.('settleAuction', ['uint256[]', 'address[]', 'uint256[]', 'address[]', 'uint256[]'], [])) | report=https://github.com/code-423n4/2021-10-defiprotocol-findings/issues/24 | comments=[M-02] || sheet=41contracts | row=134 | abl=B6 | type=TP | finding=[multi_var_cross_contract] auctionOngoing, hasBonded, auctionBonder  tx-set -> bondBurn(), settleAuction(uint256[],address[],uint256[],address[],uint256[])   • write  contracts/Auction.sol:110  (Auction.('settleAuction', ['uint256[]', 'address[]', 'uint256[]', 'address[]', 'uint256[]'], []))   • write  contracts/Auction.sol:125  (Auction.('bondBurn', [], []))   • read  contracts/Auction.sol:120  (Auction.('bondBurn', [], []))   • read  contracts/Auction.sol:119  (Auction.('bondBurn', [], [])) | report=https://github.com/code-423n4/2021-10-defiprotocol-findings/issues/24 https://github.com/code-423n4/2021-10-defiprotocol-findings/issues/23 | comments=[M-02], [M-03] || sheet=41contracts | row=145 | abl=B6 | type=TP | finding=[multi_var_cross_contract] auctionOngoing, bondBlock, hasBonded, auctionBonder  tx-set -> bondForRebalance(), settleAuction(uint256[],address[],uint256[],address[],uint256[])   • write  contracts/Auction.sol:110  (Auction.('settleAuction', ['uint256[]', 'address[]', 'uint256[]', 'address[]', 'uint256[]'], []))   • write  contracts/Auction.sol:66  (Auction.('bondForRebalance', [], []))   • read  contracts/Auction.sol:81  (Auction.('settleAuction', ['uint256[]', 'address[]', 'uint256[]', 'address[]', 'uint256[]'], []))   • read  contracts/Auction.sol:59  (Auction.('bondForRebalance', [], [])) | report=https://github.com/code-423n4/2021-10-defiprotocol-findings/issues/24 | comments=[M-02]",other-logical-bug,NA,not_applicable,NA-not-MVSI,NA-not-MVSI,"invariant=Auction decrement configuration should be nonzero before it is used as a divisor. | entities=auctionDecrement config | primary=Factory.auctionDecrement | counterpart=Auction.settleAuction divisor | desync=Owner can set auctionDecrement to zero, later causing division by zero during settlement. | sink=accounting | impact=denial-of-service | attacker=owner-misconfiguration | label_notes=Missing config validation causing division by zero. Criterion 5 excludes arithmetic/config-zero errors from MV-SI. | strict_match=Not in MV-SI recall denominator."
41,41contracts,WEB3BUGS-41-M-03,Code4rena,Medium,,2022-01-26,https://github.com/code-423n4/2021-10-defiprotocol-findings/issues/23,2021-10-defiprotocol#m-03,2021-10-defiprotocol,M-03,kuiper,Setting Factory.bondPercentDiv to zero cause Denial of Service in Auction.bondForRebalance(),"Factory.setBondPercentDiv allows bondPercentDiv to be set to zero, and Auction.bondForRebalance divides by it.","If bondPercentDiv is zero, bondForRebalance always reverts with division by zero.",Validate bondPercentDiv is nonzero and above unsafe boundary values in the setter.,Web3Bugs report 41.md; Code4rena report; GitHub issue 23; Factory.sol; Auction.sol,yes,"sheet=41contracts | row=5 | abl=B0 | type=TP | finding=[multi_var_cross_contract] auctionOngoing, hasBonded, auctionBonder  tx-set -> bondBurn(), settleAuction(uint256[],address[],uint256[],address[],uint256[])   • write  contracts/Auction.sol:110  (Auction.('settleAuction', ['uint256[]', 'address[]', 'uint256[]', 'address[]', 'uint256[]'], []))   • write  contracts/Auction.sol:109  (Auction.('settleAuction', ['uint256[]', 'address[]', 'uint256[]', 'address[]', 'uint256[]'], []))   • read  contracts/Auction.sol:80  (Auction.('settleAuction', ['uint256[]', 'address[]', 'uint256[]', 'address[]', 'uint256[]'], []))   • read  contracts/Auction.sol:120  (Auction.('bondBurn', [], [])) | report=https://github.com/code-423n4/2021-10-defiprotocol-findings/issues/24 https://github.com/code-423n4/2021-10-defiprotocol-findings/issues/23 | comments=[M-02], [M-03] || sheet=41contracts | row=7 | abl=B0 | type=TP | finding=[multi_var_cross_contract] auctionOngoing, bondBlock, bondAmount, hasBonded  tx-set -> bondBurn(), bondForRebalance()   • write  contracts/Auction.sol:66  (Auction.('bondForRebalance', [], []))   • write  contracts/Auction.sol:124  (Auction.('bondBurn', [], []))   • read  contracts/Auction.sol:59  (Auction.('bondForRebalance', [], []))   • read  contracts/Auction.sol:121  (Auction.('bondBurn', [], [])) | report=https://github.com/code-423n4/2021-10-defiprotocol-findings/issues/24 https://github.com/code-423n4/2021-10-defiprotocol-findings/issues/23 | comments=[M-02], [M-03] || sheet=41contracts | row=22 | abl=B0 | type=TP | finding=[single_var_cross_tx] ibRatio  tx-set -> auctionBurn(uint256), updateIBRatio(uint256)   • write  contracts/Basket.sol:235  (Basket.('updateIBRatio', ['uint256'], ['uint256']))   • read  contracts/Basket.sol:117  (Basket.('auctionBurn', ['uint256'], [])) | report=https://github.com/code-423n4/2021-10-defiprotocol-findings/issues/23 | comments=[M-03] || sheet=41contracts | row=38 | abl=B1 | type=TP | finding=[multi_var_cross_contract] auctionOngoing, hasBonded, auctionBonder  tx-set -> bondBurn(), settleAuction(uint256[],address[],uint256[],address[],uint256[])   • write  contracts/Auction.sol:130  (Auction.('bondBurn', [], []))   • write  contracts/Auction.sol:110  (Auction.('settleAuction', ['uint256[]', 'address[]', 'uint256[]', 'address[]', 'uint256[]'], []))   • read  contracts/Auction.sol:120  (Auction.('bondBurn', [], []))   • read  contracts/Auction.sol:119  (Auction.('bondBurn', [], [])) | report=https://github.com/code-423n4/2021-10-defiprotocol-findings/issues/24 https://github.com/code-423n4/2021-10-defiprotocol-findings/issues/23 | comments=[M-02], [M-03] || sheet=41contracts | row=46 | abl=B1 | type=TP | finding=[multi_var_cross_contract] auctionOngoing, bondBlock, bondAmount, hasBonded  tx-set -> bondBurn(), bondForRebalance()   • write  contracts/Auction.sol:124  (Auction.('bondBurn', [], []))   • write  contracts/Auction.sol:64  (Auction.('bondForRebalance', [], []))   • read  contracts/Auction.sol:59  (Auction.('bondForRebalance', [], []))   • read  contracts/Auction.sol:120  (Auction.('bondBurn', [], [])) | report=https://github.com/code-423n4/2021-10-defiprotocol-findings/issues/24 https://github.com/code-423n4/2021-10-defiprotocol-findings/issues/23 | comments=[M-02], [M-03] || sheet=41contracts | row=57 | abl=B1 | type=TP | finding=[single_var_cross_tx] ibRatio  tx-set -> auctionBurn(uint256), updateIBRatio(uint256)   • write  contracts/Basket.sol:235  (Basket.('updateIBRatio', ['uint256'], ['uint256']))   • read  contracts/Basket.sol:117  (Basket.('auctionBurn', ['uint256'], [])) | report=https://github.com/code-423n4/2021-10-defiprotocol-findings/issues/23 | comments=[M-03] || sheet=41contracts | row=73 | abl=B2 | type=TP | finding=[multi_var_cross_contract] auctionOngoing, hasBonded, auctionBonder  tx-set -> bondBurn(), settleAuction(uint256[],address[],uint256[],address[],uint256[])   • write  contracts/Auction.sol:125  (Auction.('bondBurn', [], []))   • write  contracts/Auction.sol:124  (Auction.('bondBurn', [], []))   • read  contracts/Auction.sol:80  (Auction.('settleAuction', ['uint256[]', 'address[]', 'uint256[]', 'address[]', 'uint256[]'], []))   • read  contracts/Auction.sol:79  (Auction.('settleAuction', ['uint256[]', 'address[]', 'uint256[]', 'address[]', 'uint256[]'], [])) | report=https://github.com/code-423n4/2021-10-defiprotocol-findings/issues/24 https://github.com/code-423n4/2021-10-defiprotocol-findings/issues/23 | comments=[M-02], [M-03] || sheet=41contracts | row=91 | abl=B2 | type=TP | finding=[single_var_cross_tx] ibRatio  tx-set -> auctionBurn(uint256), updateIBRatio(uint256)   • write  contracts/Basket.sol:235  (Basket.('updateIBRatio', ['uint256'], ['uint256']))   • read  contracts/Basket.sol:117  (Basket.('auctionBurn', ['uint256'], [])) | report=https://github.com/code-423n4/2021-10-defiprotocol-findings/issues/23 | comments=[M-03] || sheet=41contracts | row=95 | abl=B3 | type=TP | finding=[multi_var_cross_contract] auctionOngoing, hasBonded, auctionBonder  tx-set -> bondBurn(), settleAuction(uint256[],address[],uint256[],address[],uint256[])   • write  contracts/Auction.sol:124  (Auction.('bondBurn', [], []))   • write  contracts/Auction.sol:130  (Auction.('bondBurn', [], []))   • read  contracts/Auction.sol:79  (Auction.('settleAuction', ['uint256[]', 'address[]', 'uint256[]', 'address[]', 'uint256[]'], []))   • read  contracts/Auction.sol:120  (Auction.('bondBurn', [], [])) | report=https://github.com/code-423n4/2021-10-defiprotocol-findings/issues/24 https://github.com/code-423n4/2021-10-defiprotocol-findings/issues/23 | comments=[M-02], [M-03] || sheet=41contracts | row=117 | abl=B3 | type=TP | finding=[single_var_cross_tx] ibRatio  tx-set -> auctionBurn(uint256), updateIBRatio(uint256)   • write  contracts/Basket.sol:118  (Basket.('auctionBurn', ['uint256'], []))   • write  contracts/Basket.sol:235  (Basket.('updateIBRatio', ['uint256'], ['uint256']))   • read  contracts/Basket.sol:237  (Basket.('updateIBRatio', ['uint256'], ['uint256']))   • read  contracts/Basket.sol:117  (Basket.('auctionBurn', ['uint256'], [])) | report=https://github.com/code-423n4/2021-10-defiprotocol-findings/issues/23 | comments=[M-03] || sheet=41contracts | row=128 | abl=B4 | type=TP | finding=[single_var_cross_tx] bondAmount  tx-set -> bondForRebalance()   • write  contracts/Auction.sol:64  (Auction.('bondForRebalance', [], []))   • read  contracts/Auction.sol:65  (Auction.('bondForRebalance', [], [])) | report=https://github.com/code-423n4/2021-10-defiprotocol-findings/issues/23 | comments=[M-03] || sheet=41contracts | row=134 | abl=B6 | type=TP | finding=[multi_var_cross_contract] auctionOngoing, hasBonded, auctionBonder  tx-set -> bondBurn(), settleAuction(uint256[],address[],uint256[],address[],uint256[])   • write  contracts/Auction.sol:110  (Auction.('settleAuction', ['uint256[]', 'address[]', 'uint256[]', 'address[]', 'uint256[]'], []))   • write  contracts/Auction.sol:125  (Auction.('bondBurn', [], []))   • read  contracts/Auction.sol:120  (Auction.('bondBurn', [], []))   • read  contracts/Auction.sol:119  (Auction.('bondBurn', [], [])) | report=https://github.com/code-423n4/2021-10-defiprotocol-findings/issues/24 https://github.com/code-423n4/2021-10-defiprotocol-findings/issues/23 | comments=[M-02], [M-03] || sheet=41contracts | row=154 | abl=B6 | type=TP | finding=[single_var_cross_tx] ibRatio  tx-set -> auctionBurn(uint256), updateIBRatio(uint256)   • write  contracts/Basket.sol:235  (Basket.('updateIBRatio', ['uint256'], ['uint256']))   • read  contracts/Basket.sol:117  (Basket.('auctionBurn', ['uint256'], [])) | report=https://github.com/code-423n4/2021-10-defiprotocol-findings/issues/23 | comments=[M-03]",other-logical-bug,NA,not_applicable,NA-not-MVSI,NA-not-MVSI,"invariant=Bond percentage divisor configuration should be nonzero before it is used as a divisor. | entities=bondPercentDiv config | primary=Factory.bondPercentDiv | counterpart=Auction.bondForRebalance divisor | desync=Owner can set bondPercentDiv to zero, later causing division by zero during bonding. | sink=accounting | impact=denial-of-service | attacker=owner-misconfiguration | label_notes=Missing config validation / division by zero. Not MV-SI. | strict_match=Not in MV-SI recall denominator."
41,41contracts,WEB3BUGS-41-M-04,Code4rena,Medium,,2022-01-26,https://github.com/code-423n4/2021-10-defiprotocol-findings/issues/78,2021-10-defiprotocol#m-04,2021-10-defiprotocol,M-04,kuiper,Fee on transfer tokens do not work within the protocol,"Protocol accounting assumes requested transfer amounts equal actual token amounts received, which fails for fee-on-transfer tokens.","Fee-on-transfer tokens transfer less than expected, so protocol-requested/accounted amounts diverge from actual ERC20 balances and accounting breaks.",Use stored before/after token balances or actual balance deltas instead of nominal transfer amounts for amount accounting.,Web3Bugs report 41.md; Code4rena report; GitHub issue 78; Basket.sol,yes,"sheet=41contracts | row=30 | abl=B0 | type=TP | finding=[single_var_cross_tx] ibRatio  tx-set -> settleAuction(uint256[],address[],uint256[],address[],uint256[]), totalSupply()   • write  contracts/Basket.sol:139  (Basket.('handleFees', [], []))   • read  contracts/Basket.sol:251  (Basket.('pushUnderlying', ['uint256', 'address'], [])) | report=https://github.com/code-423n4/2021-10-defiprotocol-findings/issues/51 | comments=[M-08] auction settles, setting ibRatio via UpdateIBRatio(newRatio), later handleFees tweaks ibRatio again [M-07], then burns use pushUnderlying with this result, and are subject to fee-on-transfer problems via [M-04] || sheet=41contracts | row=32 | abl=B0 | type=TP | finding=[multi_var_cross_contract] tokens, weights  tx-set -> setNewWeights(), settleAuction(uint256[],address[],uint256[],address[],uint256[])   • write  contracts/Basket.sol:216  (Basket.('setNewWeights', [], []))   • write  contracts/Basket.sol:215  (Basket.('setNewWeights', [], []))   • read  contracts/Basket.sol:251  (Basket.('pushUnderlying', ['uint256', 'address'], []))   • read  contracts/Basket.sol:252  (Basket.('pushUnderlying', ['uint256', 'address'], [])) | report=https://github.com/code-423n4/2021-10-defiprotocol-findings/issues/78 https://github.com/code-423n4/2021-10-defiprotocol-findings/issues/51 | comments=[M-04] and [M-08] combine to create a tokens/weights + ratio + supply invariant that underlies 2 independent mediums and leads to broken accounting and theft || sheet=41contracts | row=33 | abl=B0 | type=TP | finding=[multi_var_cross_contract] tokens, weights  tx-set -> addBounty(IERC20,uint256), setNewWeights()   • write  contracts/Basket.sol:216  (Basket.('setNewWeights', [], []))   • write  contracts/Basket.sol:215  (Basket.('setNewWeights', [], []))   • read  contracts/Basket.sol:258  (Basket.('pullUnderlying', ['uint256', 'address'], []))   • read  contracts/Basket.sol:260  (Basket.('pullUnderlying', ['uint256', 'address'], [])) | report=https://github.com/code-423n4/2021-10-defiprotocol-findings/issues/78 | comments=[M-04] || sheet=41contracts | row=61 | abl=B1 | type=TP | finding=[single_var_cross_tx] ibRatio  tx-set -> owner(), settleAuction(uint256[],address[],uint256[],address[],uint256[])   • write  contracts/Basket.sol:139  (Basket.('handleFees', [], []))   • read  contracts/Basket.sol:258  (Basket.('pullUnderlying', ['uint256', 'address'], []))   • read  contracts/Basket.sol:251  (Basket.('pushUnderlying', ['uint256', 'address'], [])) | report=https://github.com/code-423n4/2021-10-defiprotocol-findings/issues/78 | comments=[M-04] || sheet=41contracts | row=62 | abl=B1 | type=TP | finding=[multi_var_cross_contract] tokens, weights  tx-set -> setNewWeights(), settleAuction(uint256[],address[],uint256[],address[],uint256[])   • write  contracts/Basket.sol:216  (Basket.('setNewWeights', [], []))   • write  contracts/Basket.sol:215  (Basket.('setNewWeights', [], []))   • read  contracts/Basket.sol:260  (Basket.('pullUnderlying', ['uint256', 'address'], []))   • read  contracts/Basket.sol:252  (Basket.('pushUnderlying', ['uint256', 'address'], [])) | report=https://github.com/code-423n4/2021-10-defiprotocol-findings/issues/78 https://github.com/code-423n4/2021-10-defiprotocol-findings/issues/51 | comments=[M-04] and [M-08] combine to create a tokens/weights + ratio + supply invariant that underlies 2 independent mediums and leads to broken accounting and theft || sheet=41contracts | row=85 | abl=B2 | type=TP | finding=[single_var_cross_tx] ibRatio  tx-set -> owner(), settleAuction(uint256[],address[],uint256[],address[],uint256[])   • write  contracts/Basket.sol:139  (Basket.('handleFees', [], []))   • read  contracts/Basket.sol:258  (Basket.('pullUnderlying', ['uint256', 'address'], []))   • read  contracts/Basket.sol:251  (Basket.('pushUnderlying', ['uint256', 'address'], [])) | report=https://github.com/code-423n4/2021-10-defiprotocol-findings/issues/78 | comments=[M-04] || sheet=41contracts | row=92 | abl=B2 | type=TP | finding=[multi_var_cross_contract] tokens, weights  tx-set -> setNewWeights(), settleAuction(uint256[],address[],uint256[],address[],uint256[])   • write  contracts/Basket.sol:215  (Basket.('setNewWeights', [], []))   • write  contracts/Basket.sol:216  (Basket.('setNewWeights', [], []))   • read  contracts/Basket.sol:252  (Basket.('pushUnderlying', ['uint256', 'address'], []))   • read  contracts/Basket.sol:258  (Basket.('pullUnderlying', ['uint256', 'address'], [])) | report=https://github.com/code-423n4/2021-10-defiprotocol-findings/issues/78 https://github.com/code-423n4/2021-10-defiprotocol-findings/issues/51 | comments=[M-04] and [M-08] combine to create a tokens/weights + ratio + supply invariant that underlies 2 independent mediums and leads to broken accounting and theft || sheet=41contracts | row=122 | abl=B3 | type=TP | finding=[single_var_cross_tx] ibRatio  tx-set -> owner(), settleAuction(uint256[],address[],uint256[],address[],uint256[])   • write  contracts/Basket.sol:139  (Basket.('handleFees', [], []))   • read  contracts/Basket.sol:258  (Basket.('pullUnderlying', ['uint256', 'address'], []))   • read  contracts/Basket.sol:251  (Basket.('pushUnderlying', ['uint256', 'address'], [])) | report=https://github.com/code-423n4/2021-10-defiprotocol-findings/issues/78 | comments=[M-04] || sheet=41contracts | row=124 | abl=B3 | type=TP | finding=[multi_var_cross_contract] tokens, weights  tx-set -> setNewWeights(), settleAuction(uint256[],address[],uint256[],address[],uint256[])   • write  contracts/Basket.sol:215  (Basket.('setNewWeights', [], []))   • write  contracts/Basket.sol:216  (Basket.('setNewWeights', [], []))   • read  contracts/Basket.sol:257  (Basket.('pullUnderlying', ['uint256', 'address'], []))   • read  contracts/Basket.sol:260  (Basket.('pullUnderlying', ['uint256', 'address'], [])) | report=https://github.com/code-423n4/2021-10-defiprotocol-findings/issues/78 https://github.com/code-423n4/2021-10-defiprotocol-findings/issues/51 | comments=[M-04] and [M-08] combine to create a tokens/weights + ratio + supply invariant that underlies 2 independent mediums and leads to broken accounting and theft || sheet=41contracts | row=159 | abl=B6 | type=TP | finding=[single_var_cross_tx] ibRatio  tx-set -> settleAuction(uint256[],address[],uint256[],address[],uint256[]), totalSupply()   • write  contracts/Basket.sol:139  (Basket.('handleFees', [], []))   • read  contracts/Basket.sol:251  (Basket.('pushUnderlying', ['uint256', 'address'], [])) | report=https://github.com/code-423n4/2021-10-defiprotocol-findings/issues/51 | comments=[M-08] auction settles, setting ibRatio via UpdateIBRatio(newRatio), later handleFees tweaks ibRatio again [M-07], then burns use pushUnderlying with this result, and are subject to fee-on-transfer problems via [M-04] || sheet=41contracts | row=163 | abl=B6 | type=TP | finding=[multi_var_cross_contract] tokens, weights  tx-set -> setNewWeights(), settleAuction(uint256[],address[],uint256[],address[],uint256[])   • write  contracts/Basket.sol:215  (Basket.('setNewWeights', [], []))   • write  contracts/Basket.sol:216  (Basket.('setNewWeights', [], []))   • read  contracts/Basket.sol:252  (Basket.('pushUnderlying', ['uint256', 'address'], []))   • read  contracts/Basket.sol:250  (Basket.('pushUnderlying', ['uint256', 'address'], [])) | report=https://github.com/code-423n4/2021-10-defiprotocol-findings/issues/78 https://github.com/code-423n4/2021-10-defiprotocol-findings/issues/51 | comments=[M-04] and [M-08] combine to create a tokens/weights + ratio + supply invariant that underlies 2 independent mediums and leads to broken accounting and theft",MV-SI,Type-II-asset-utility,yes,41:B0:row33,NA-strict-B0-match,"invariant=Protocol-requested/accounted token amounts must stay synchronized with actual ERC20 balances held by the basket/protocol. | entities=actual ERC20 token balances, protocol-requested/accounted token amounts | primary=actual ERC20 token balance | counterpart=protocol-requested/accounted token amount | external_proxy=fee-on-transfer token behavior | desync=Token transfer path records or requests nominal amounts without synchronizing against the actual balance delta. | sink=accounting | impact=loss | attacker=fee-on-transfer-token-condition | label_notes=Clear asset-accounting MV-SI. Fee-on-transfer tokens transfer less than expected, breaking protocol accounting. | strict_match=B0 row 33 has same finding, tokens/weights accounting state, pullUnderlying transfer step, and accounting sink for fee-on-transfer behavior."
41,41contracts,WEB3BUGS-41-M-05,Code4rena,Medium,,2022-01-26,https://github.com/code-423n4/2021-10-defiprotocol-findings/issues/85,2021-10-defiprotocol#m-05,2021-10-defiprotocol,M-05,kuiper,createBasket re-entrancy,Factory.createBasket interacts with arbitrary ERC20-like tokens in a loop without nonReentrant protection.,A token callback hook could reenter during basket creation and observe or manipulate partially initialized state/order of operations.,Add nonReentrant protection to createBasket and follow checks-effects-interactions where possible.,Web3Bugs report 41.md; Code4rena report; GitHub issue 85; Factory.sol,yes,"sheet=41contracts | row=3 | abl=B0 | type=TP | finding=[multi_var_cross_contract] auctionOngoing, auctionStart  tx-set -> settleAuction(uint256[],address[],uint256[],address[],uint256[]), startAuction()   • write  contracts/Auction.sol:39  (Auction.('startAuction', [], []))   • write  contracts/Auction.sol:109  (Auction.('settleAuction', ['uint256[]', 'address[]', 'uint256[]', 'address[]', 'uint256[]'], []))   • read  contracts/Auction.sol:96  (Auction.('settleAuction', ['uint256[]', 'address[]', 'uint256[]', 'address[]', 'uint256[]'], []))   • read  contracts/Auction.sol:36  (Auction.('startAuction', [], [])) | report=https://github.com/code-423n4/2021-10-defiprotocol-findings/issues/85 https://github.com/code-423n4/2021-10-defiprotocol-findings/issues/84 | comments=Drives the time-decay term in newRatio via bondBlock - auctionStart; matches auction-manipulation issues present in [M-05], [M-06] || sheet=41contracts | row=36 | abl=B1 | type=TP | finding=[multi_var_cross_contract] auctionOngoing, auctionStart  tx-set -> settleAuction(uint256[],address[],uint256[],address[],uint256[]), startAuction()   • write  contracts/Auction.sol:38  (Auction.('startAuction', [], []))   • write  contracts/Auction.sol:109  (Auction.('settleAuction', ['uint256[]', 'address[]', 'uint256[]', 'address[]', 'uint256[]'], []))   • read  contracts/Auction.sol:36  (Auction.('startAuction', [], []))   • read  contracts/Auction.sol:79  (Auction.('settleAuction', ['uint256[]', 'address[]', 'uint256[]', 'address[]', 'uint256[]'], [])) | report=https://github.com/code-423n4/2021-10-defiprotocol-findings/issues/85 https://github.com/code-423n4/2021-10-defiprotocol-findings/issues/84 | comments=Drives the time-decay term in newRatio via bondBlock - auctionStart; matches auction-manipulation issues present in [M-05], [M-06] || sheet=41contracts | row=69 | abl=B2 | type=TP | finding=[multi_var_cross_contract] auctionOngoing, auctionStart  tx-set -> settleAuction(uint256[],address[],uint256[],address[],uint256[]), startAuction()   • write  contracts/Auction.sol:109  (Auction.('settleAuction', ['uint256[]', 'address[]', 'uint256[]', 'address[]', 'uint256[]'], []))   • write  contracts/Auction.sol:38  (Auction.('startAuction', [], []))   • read  contracts/Auction.sol:79  (Auction.('settleAuction', ['uint256[]', 'address[]', 'uint256[]', 'address[]', 'uint256[]'], []))   • read  contracts/Auction.sol:36  (Auction.('startAuction', [], [])) | report=https://github.com/code-423n4/2021-10-defiprotocol-findings/issues/85 https://github.com/code-423n4/2021-10-defiprotocol-findings/issues/84 | comments=Drives the time-decay term in newRatio via bondBlock - auctionStart; matches auction-manipulation issues present in [M-05], [M-06] || sheet=41contracts | row=101 | abl=B3 | type=TP | finding=[multi_var_cross_contract] auctionOngoing, auctionStart  tx-set -> settleAuction(uint256[],address[],uint256[],address[],uint256[]), startAuction()   • write  contracts/Auction.sol:38  (Auction.('startAuction', [], []))   • write  contracts/Auction.sol:109  (Auction.('settleAuction', ['uint256[]', 'address[]', 'uint256[]', 'address[]', 'uint256[]'], []))   • read  contracts/Auction.sol:79  (Auction.('settleAuction', ['uint256[]', 'address[]', 'uint256[]', 'address[]', 'uint256[]'], []))   • read  contracts/Auction.sol:36  (Auction.('startAuction', [], [])) | report=https://github.com/code-423n4/2021-10-defiprotocol-findings/issues/85 https://github.com/code-423n4/2021-10-defiprotocol-findings/issues/84 | comments=Drives the time-decay term in newRatio via bondBlock - auctionStart; matches auction-manipulation issues present in [M-05], [M-06] || sheet=41contracts | row=141 | abl=B6 | type=TP | finding=[multi_var_cross_contract] auctionOngoing, auctionStart  tx-set -> settleAuction(uint256[],address[],uint256[],address[],uint256[]), startAuction()   • write  contracts/Auction.sol:109  (Auction.('settleAuction', ['uint256[]', 'address[]', 'uint256[]', 'address[]', 'uint256[]'], []))   • write  contracts/Auction.sol:38  (Auction.('startAuction', [], []))   • read  contracts/Auction.sol:96  (Auction.('settleAuction', ['uint256[]', 'address[]', 'uint256[]', 'address[]', 'uint256[]'], []))   • read  contracts/Auction.sol:36  (Auction.('startAuction', [], [])) | report=https://github.com/code-423n4/2021-10-defiprotocol-findings/issues/85 https://github.com/code-423n4/2021-10-defiprotocol-findings/issues/84 | comments=Drives the time-decay term in newRatio via bondBlock - auctionStart; matches auction-manipulation issues present in [M-05], [M-06]",SV-SI,NA,not_applicable,NA-not-MVSI,NA-not-MVSI,"invariant=Basket creation should not be reentered while its state/action sequence is partially complete. | entities=createBasket execution state | primary=createBasket state/order of operations | external_proxy=token callback hook | desync=createBasket calls token interactions before reentrancy protection prevents callback reentry. | sink=external-call | impact=loss | attacker=malicious-token | label_notes=Reentrancy risk from token callbacks while creating a basket. Reentrancy is excluded from MV-SI, so this is SV-SI/control. | strict_match=Not in MV-SI recall denominator."
41,41contracts,WEB3BUGS-41-M-06,Code4rena,Medium,,2022-01-26,https://github.com/code-423n4/2021-10-defiprotocol-findings/issues/84,2021-10-defiprotocol#m-06,2021-10-defiprotocol,M-06,kuiper,Validations,"Several setters and user inputs lack validation, including zero divisors, zero bounty amounts, fee cap bounds, zero recipient, self-token inclusion, and empty metadata.","Invalid configuration or input values can cause DoS, accidental loss, or unsafe protocol states.",Add explicit validation checks for the listed configuration and input constraints.,Web3Bugs report 41.md; Code4rena report; GitHub issue 84; Factory.sol; Auction.sol; Basket.sol,yes,"sheet=41contracts | row=3 | abl=B0 | type=TP | finding=[multi_var_cross_contract] auctionOngoing, auctionStart  tx-set -> settleAuction(uint256[],address[],uint256[],address[],uint256[]), startAuction()   • write  contracts/Auction.sol:39  (Auction.('startAuction', [], []))   • write  contracts/Auction.sol:109  (Auction.('settleAuction', ['uint256[]', 'address[]', 'uint256[]', 'address[]', 'uint256[]'], []))   • read  contracts/Auction.sol:96  (Auction.('settleAuction', ['uint256[]', 'address[]', 'uint256[]', 'address[]', 'uint256[]'], []))   • read  contracts/Auction.sol:36  (Auction.('startAuction', [], [])) | report=https://github.com/code-423n4/2021-10-defiprotocol-findings/issues/85 https://github.com/code-423n4/2021-10-defiprotocol-findings/issues/84 | comments=Drives the time-decay term in newRatio via bondBlock - auctionStart; matches auction-manipulation issues present in [M-05], [M-06] || sheet=41contracts | row=28 | abl=B0 | type=TP | finding=[single_var_cross_tx] ibRatio  tx-set -> auctionBurn(uint256), totalSupply()   • write  contracts/Basket.sol:139  (Basket.('handleFees', [], []))   • write  contracts/Basket.sol:118  (Basket.('auctionBurn', ['uint256'], []))   • read  contracts/Basket.sol:117  (Basket.('auctionBurn', ['uint256'], []))   • read  contracts/Basket.sol:138  (Basket.('handleFees', [], [])) | report=https://github.com/code-423n4/2021-10-defiprotocol-findings/issues/84 https://github.com/code-423n4/2021-10-defiprotocol-findings/issues/49 | comments=[M-06], [M-07] || sheet=41contracts | row=36 | abl=B1 | type=TP | finding=[multi_var_cross_contract] auctionOngoing, auctionStart  tx-set -> settleAuction(uint256[],address[],uint256[],address[],uint256[]), startAuction()   • write  contracts/Auction.sol:38  (Auction.('startAuction', [], []))   • write  contracts/Auction.sol:109  (Auction.('settleAuction', ['uint256[]', 'address[]', 'uint256[]', 'address[]', 'uint256[]'], []))   • read  contracts/Auction.sol:36  (Auction.('startAuction', [], []))   • read  contracts/Auction.sol:79  (Auction.('settleAuction', ['uint256[]', 'address[]', 'uint256[]', 'address[]', 'uint256[]'], [])) | report=https://github.com/code-423n4/2021-10-defiprotocol-findings/issues/85 https://github.com/code-423n4/2021-10-defiprotocol-findings/issues/84 | comments=Drives the time-decay term in newRatio via bondBlock - auctionStart; matches auction-manipulation issues present in [M-05], [M-06] || sheet=41contracts | row=69 | abl=B2 | type=TP | finding=[multi_var_cross_contract] auctionOngoing, auctionStart  tx-set -> settleAuction(uint256[],address[],uint256[],address[],uint256[]), startAuction()   • write  contracts/Auction.sol:109  (Auction.('settleAuction', ['uint256[]', 'address[]', 'uint256[]', 'address[]', 'uint256[]'], []))   • write  contracts/Auction.sol:38  (Auction.('startAuction', [], []))   • read  contracts/Auction.sol:79  (Auction.('settleAuction', ['uint256[]', 'address[]', 'uint256[]', 'address[]', 'uint256[]'], []))   • read  contracts/Auction.sol:36  (Auction.('startAuction', [], [])) | report=https://github.com/code-423n4/2021-10-defiprotocol-findings/issues/85 https://github.com/code-423n4/2021-10-defiprotocol-findings/issues/84 | comments=Drives the time-decay term in newRatio via bondBlock - auctionStart; matches auction-manipulation issues present in [M-05], [M-06] || sheet=41contracts | row=101 | abl=B3 | type=TP | finding=[multi_var_cross_contract] auctionOngoing, auctionStart  tx-set -> settleAuction(uint256[],address[],uint256[],address[],uint256[]), startAuction()   • write  contracts/Auction.sol:38  (Auction.('startAuction', [], []))   • write  contracts/Auction.sol:109  (Auction.('settleAuction', ['uint256[]', 'address[]', 'uint256[]', 'address[]', 'uint256[]'], []))   • read  contracts/Auction.sol:79  (Auction.('settleAuction', ['uint256[]', 'address[]', 'uint256[]', 'address[]', 'uint256[]'], []))   • read  contracts/Auction.sol:36  (Auction.('startAuction', [], [])) | report=https://github.com/code-423n4/2021-10-defiprotocol-findings/issues/85 https://github.com/code-423n4/2021-10-defiprotocol-findings/issues/84 | comments=Drives the time-decay term in newRatio via bondBlock - auctionStart; matches auction-manipulation issues present in [M-05], [M-06] || sheet=41contracts | row=141 | abl=B6 | type=TP | finding=[multi_var_cross_contract] auctionOngoing, auctionStart  tx-set -> settleAuction(uint256[],address[],uint256[],address[],uint256[]), startAuction()   • write  contracts/Auction.sol:109  (Auction.('settleAuction', ['uint256[]', 'address[]', 'uint256[]', 'address[]', 'uint256[]'], []))   • write  contracts/Auction.sol:38  (Auction.('startAuction', [], []))   • read  contracts/Auction.sol:96  (Auction.('settleAuction', ['uint256[]', 'address[]', 'uint256[]', 'address[]', 'uint256[]'], []))   • read  contracts/Auction.sol:36  (Auction.('startAuction', [], [])) | report=https://github.com/code-423n4/2021-10-defiprotocol-findings/issues/85 https://github.com/code-423n4/2021-10-defiprotocol-findings/issues/84 | comments=Drives the time-decay term in newRatio via bondBlock - auctionStart; matches auction-manipulation issues present in [M-05], [M-06] || sheet=41contracts | row=158 | abl=B6 | type=TP | finding=[single_var_cross_tx] ibRatio  tx-set -> auctionBurn(uint256), totalSupply()   • write  contracts/Basket.sol:118  (Basket.('auctionBurn', ['uint256'], []))   • write  contracts/Basket.sol:139  (Basket.('handleFees', [], []))   • read  contracts/Basket.sol:117  (Basket.('auctionBurn', ['uint256'], []))   • read  contracts/Basket.sol:138  (Basket.('handleFees', [], [])) | report=https://github.com/code-423n4/2021-10-defiprotocol-findings/issues/84 https://github.com/code-423n4/2021-10-defiprotocol-findings/issues/49 | comments=[M-06], [M-07]",other-logical-bug,NA,not_applicable,NA-not-MVSI,NA-not-MVSI,"invariant=Protocol configuration and inputs should satisfy documented safety bounds. | entities=configuration/input validation set | primary=factory/basket/auction inputs | counterpart=expected safety bounds | desync=Invalid values can be accepted and later trigger arithmetic, DoS, or safety failures. | sink=access-decision | impact=denial-of-service | attacker=owner-or-user-misconfiguration | label_notes=Bundle of missing validations: config/arithmetic/access-safety checks, not a specific MV-SI oracle row. | strict_match=Not in MV-SI recall denominator."
41,41contracts,WEB3BUGS-41-M-07,Code4rena,Medium,,2022-01-26,https://github.com/code-423n4/2021-10-defiprotocol-findings/issues/49,2021-10-defiprotocol#m-07,2021-10-defiprotocol,M-07,kuiper,Basket becomes unusable if everybody burns their shares,Basket.handleFees divides by totalSupply and computes a new ibRatio even after all shares have been burned and totalSupply is zero.,"After everyone burns, the next mint triggers handleFees with totalSupply zero, reverting fee/ibRatio accounting and making the basket unusable.","In handleFees, return or reset ibRatio to BASE when totalSupply is zero before computing fees.",Web3Bugs report 41.md; Code4rena report; GitHub issue 49; Basket.sol,yes,"sheet=41contracts | row=24 | abl=B0 | type=TP | finding=[single_var_cross_tx] ibRatio  tx-set -> totalSupply(), updateIBRatio(uint256)   • write  contracts/Basket.sol:235  (Basket.('updateIBRatio', ['uint256'], ['uint256']))   • read  contracts/Basket.sol:138  (Basket.('handleFees', [], [])) | report=https://github.com/code-423n4/2021-10-defiprotocol-findings/issues/49 | comments=[M-07] || sheet=41contracts | row=28 | abl=B0 | type=TP | finding=[single_var_cross_tx] ibRatio  tx-set -> auctionBurn(uint256), totalSupply()   • write  contracts/Basket.sol:139  (Basket.('handleFees', [], []))   • write  contracts/Basket.sol:118  (Basket.('auctionBurn', ['uint256'], []))   • read  contracts/Basket.sol:117  (Basket.('auctionBurn', ['uint256'], []))   • read  contracts/Basket.sol:138  (Basket.('handleFees', [], [])) | report=https://github.com/code-423n4/2021-10-defiprotocol-findings/issues/84 https://github.com/code-423n4/2021-10-defiprotocol-findings/issues/49 | comments=[M-06], [M-07] || sheet=41contracts | row=30 | abl=B0 | type=TP | finding=[single_var_cross_tx] ibRatio  tx-set -> settleAuction(uint256[],address[],uint256[],address[],uint256[]), totalSupply()   • write  contracts/Basket.sol:139  (Basket.('handleFees', [], []))   • read  contracts/Basket.sol:251  (Basket.('pushUnderlying', ['uint256', 'address'], [])) | report=https://github.com/code-423n4/2021-10-defiprotocol-findings/issues/51 | comments=[M-08] auction settles, setting ibRatio via UpdateIBRatio(newRatio), later handleFees tweaks ibRatio again [M-07], then burns use pushUnderlying with this result, and are subject to fee-on-transfer problems via [M-04] || sheet=41contracts | row=31 | abl=B0 | type=TP | finding=[multi_var_cross_contract] ibRatio, lastFee  tx-set -> totalSupply()   • write  contracts/Basket.sol:136  (Basket.('handleFees', [], []))   • write  contracts/Basket.sol:139  (Basket.('handleFees', [], []))   • read  contracts/Basket.sol:130  (Basket.('handleFees', [], []))   • read  contracts/Basket.sol:138  (Basket.('handleFees', [], [])) | report=https://github.com/code-423n4/2021-10-defiprotocol-findings/issues/49 | comments=[M-07] || sheet=41contracts | row=55 | abl=B1 | type=TP | finding=[single_var_cross_tx] ibRatio  tx-set -> auctionBurn(uint256), owner()   • write  contracts/Basket.sol:139  (Basket.('handleFees', [], []))   • write  contracts/Basket.sol:118  (Basket.('auctionBurn', ['uint256'], []))   • read  contracts/Basket.sol:138  (Basket.('handleFees', [], []))   • read  contracts/Basket.sol:117  (Basket.('auctionBurn', ['uint256'], [])) | report=https://github.com/code-423n4/2021-10-defiprotocol-findings/issues/49 | comments=[M-07] || sheet=41contracts | row=60 | abl=B1 | type=TP | finding=[single_var_cross_tx] ibRatio  tx-set -> owner()   • write  contracts/Basket.sol:139  (Basket.('handleFees', [], []))   • read  contracts/Basket.sol:138  (Basket.('handleFees', [], [])) | report=https://github.com/code-423n4/2021-10-defiprotocol-findings/issues/49 | comments=[M-07] || sheet=41contracts | row=84 | abl=B2 | type=TP | finding=[single_var_cross_tx] ibRatio  tx-set -> owner()   • write  contracts/Basket.sol:139  (Basket.('handleFees', [], []))   • read  contracts/Basket.sol:138  (Basket.('handleFees', [], [])) | report=https://github.com/code-423n4/2021-10-defiprotocol-findings/issues/49 | comments=[M-07] || sheet=41contracts | row=86 | abl=B2 | type=TP | finding=[single_var_cross_tx] ibRatio  tx-set -> auctionBurn(uint256), owner()   • write  contracts/Basket.sol:118  (Basket.('auctionBurn', ['uint256'], []))   • write  contracts/Basket.sol:139  (Basket.('handleFees', [], []))   • read  contracts/Basket.sol:138  (Basket.('handleFees', [], []))   • read  contracts/Basket.sol:117  (Basket.('auctionBurn', ['uint256'], [])) | report=https://github.com/code-423n4/2021-10-defiprotocol-findings/issues/49 | comments=[M-07] || sheet=41contracts | row=115 | abl=B3 | type=TP | finding=[single_var_cross_tx] ibRatio  tx-set -> auctionBurn(uint256), owner()   • write  contracts/Basket.sol:118  (Basket.('auctionBurn', ['uint256'], []))   • write  contracts/Basket.sol:139  (Basket.('handleFees', [], []))   • read  contracts/Basket.sol:141  (Basket.('handleFees', [], []))   • read  contracts/Basket.sol:117  (Basket.('auctionBurn', ['uint256'], [])) | report=https://github.com/code-423n4/2021-10-defiprotocol-findings/issues/49 | comments=[M-07] || sheet=41contracts | row=121 | abl=B3 | type=TP | finding=[single_var_cross_tx] ibRatio  tx-set -> owner()   • write  contracts/Basket.sol:139  (Basket.('handleFees', [], []))   • read  contracts/Basket.sol:141  (Basket.('handleFees', [], [])) | report=https://github.com/code-423n4/2021-10-defiprotocol-findings/issues/49 | comments=[M-07] || sheet=41contracts | row=152 | abl=B6 | type=TP | finding=[single_var_cross_tx] ibRatio  tx-set -> totalSupply(), updateIBRatio(uint256)   • write  contracts/Basket.sol:235  (Basket.('updateIBRatio', ['uint256'], ['uint256']))   • read  contracts/Basket.sol:138  (Basket.('handleFees', [], [])) | report=https://github.com/code-423n4/2021-10-defiprotocol-findings/issues/49 | comments=[M-07] || sheet=41contracts | row=156 | abl=B6 | type=TP | finding=[multi_var_cross_contract] ibRatio, lastFee  tx-set -> totalSupply()   • write  contracts/Basket.sol:136  (Basket.('handleFees', [], []))   • write  contracts/Basket.sol:139  (Basket.('handleFees', [], []))   • read  contracts/Basket.sol:130  (Basket.('handleFees', [], []))   • read  contracts/Basket.sol:138  (Basket.('handleFees', [], [])) | report=https://github.com/code-423n4/2021-10-defiprotocol-findings/issues/49 | comments=[M-07] || sheet=41contracts | row=157 | abl=B6 | type=TP | finding=[single_var_cross_tx] ibRatio  tx-set -> bondForRebalance(), totalSupply()   • write  contracts/Basket.sol:139  (Basket.('handleFees', [], []))   • read  contracts/Basket.sol:258  (Basket.('pullUnderlying', ['uint256', 'address'], [])) | report=https://github.com/code-423n4/2021-10-defiprotocol-findings/issues/49 | comments=[M-07] || sheet=41contracts | row=158 | abl=B6 | type=TP | finding=[single_var_cross_tx] ibRatio  tx-set -> auctionBurn(uint256), totalSupply()   • write  contracts/Basket.sol:118  (Basket.('auctionBurn', ['uint256'], []))   • write  contracts/Basket.sol:139  (Basket.('handleFees', [], []))   • read  contracts/Basket.sol:117  (Basket.('auctionBurn', ['uint256'], []))   • read  contracts/Basket.sol:138  (Basket.('handleFees', [], [])) | report=https://github.com/code-423n4/2021-10-defiprotocol-findings/issues/84 https://github.com/code-423n4/2021-10-defiprotocol-findings/issues/49 | comments=[M-06], [M-07] || sheet=41contracts | row=159 | abl=B6 | type=TP | finding=[single_var_cross_tx] ibRatio  tx-set -> settleAuction(uint256[],address[],uint256[],address[],uint256[]), totalSupply()   • write  contracts/Basket.sol:139  (Basket.('handleFees', [], []))   • read  contracts/Basket.sol:251  (Basket.('pushUnderlying', ['uint256', 'address'], [])) | report=https://github.com/code-423n4/2021-10-defiprotocol-findings/issues/51 | comments=[M-08] auction settles, setting ibRatio via UpdateIBRatio(newRatio), later handleFees tweaks ibRatio again [M-07], then burns use pushUnderlying with this result, and are subject to fee-on-transfer problems via [M-04]",MV-SI,Type-I-temporal-checkpoint,yes,41:B0:row31,NA-strict-B0-match,"invariant=When basket totalSupply reaches zero, ibRatio and fee-accounting state must be reset or bypassed so future mint/fee accounting remains valid. | entities=totalSupply, ibRatio, fee/accounting state | primary=Basket totalSupply | counterpart=Basket ibRatio and fee-accounting state | desync=All holders burn shares, advancing totalSupply to zero without synchronizing ibRatio/fee handling for the empty basket state. | sink=accounting | impact=denial-of-service | attacker=basket-holder | label_notes=Strict MV-SI: totalSupply can become zero while fee handling still tries to compute/update ibRatio; basket becomes unusable. | strict_match=B0 row 31 has ibRatio/lastFee, handleFees writes/reads, totalSupply read, and the basket fee-accounting sink."
41,41contracts,WEB3BUGS-41-M-08,Code4rena,Medium,,2022-01-26,https://github.com/code-423n4/2021-10-defiprotocol-findings/issues/51,2021-10-defiprotocol#m-08,2021-10-defiprotocol,M-08,kuiper,Auction bonder can steal user funds if bond block is high enough,Auction newRatio decays with bondBlock/time and is not bounded against the basket's current ibRatio or a safe minimum.,"A bonder can wait until newRatio falls below current ibRatio or near zero, settle, and extract too much underlying while leaving too little in the basket.","Cap or bound newRatio during settlement, for example requiring newRatio above basket.ibRatio or a minimum ibRatio, or require bond and settle together.",Web3Bugs report 41.md; Code4rena report; GitHub issue 51; Auction.sol; Basket.sol,yes,"sheet=41contracts | row=20 | abl=B0 | type=FP | finding=[single_var_cross_tx] licenseFee  tx-set -> changeLicenseFee(uint256), totalSupply()   • write  contracts/Basket.sol:171  (Basket.('changeLicenseFee', ['uint256'], []))   • read  contracts/Basket.sol:131  (Basket.('handleFees', [], [])) | report= | comments=Points to [M-01], [M-08-M-11], but NOT SI per se || sheet=41contracts | row=23 | abl=B0 | type=TP | finding=[single_var_cross_tx] ibRatio  tx-set -> settleAuction(uint256[],address[],uint256[],address[],uint256[]), updateIBRatio(uint256)   • write  contracts/Basket.sol:235  (Basket.('updateIBRatio', ['uint256'], ['uint256']))   • read  contracts/Basket.sol:251  (Basket.('pushUnderlying', ['uint256', 'address'], [])) | report=https://github.com/code-423n4/2021-10-defiprotocol-findings/issues/51 | comments=[M-08] || sheet=41contracts | row=30 | abl=B0 | type=TP | finding=[single_var_cross_tx] ibRatio  tx-set -> settleAuction(uint256[],address[],uint256[],address[],uint256[]), totalSupply()   • write  contracts/Basket.sol:139  (Basket.('handleFees', [], []))   • read  contracts/Basket.sol:251  (Basket.('pushUnderlying', ['uint256', 'address'], [])) | report=https://github.com/code-423n4/2021-10-defiprotocol-findings/issues/51 | comments=[M-08] auction settles, setting ibRatio via UpdateIBRatio(newRatio), later handleFees tweaks ibRatio again [M-07], then burns use pushUnderlying with this result, and are subject to fee-on-transfer problems via [M-04] || sheet=41contracts | row=32 | abl=B0 | type=TP | finding=[multi_var_cross_contract] tokens, weights  tx-set -> setNewWeights(), settleAuction(uint256[],address[],uint256[],address[],uint256[])   • write  contracts/Basket.sol:216  (Basket.('setNewWeights', [], []))   • write  contracts/Basket.sol:215  (Basket.('setNewWeights', [], []))   • read  contracts/Basket.sol:251  (Basket.('pushUnderlying', ['uint256', 'address'], []))   • read  contracts/Basket.sol:252  (Basket.('pushUnderlying', ['uint256', 'address'], [])) | report=https://github.com/code-423n4/2021-10-defiprotocol-findings/issues/78 https://github.com/code-423n4/2021-10-defiprotocol-findings/issues/51 | comments=[M-04] and [M-08] combine to create a tokens/weights + ratio + supply invariant that underlies 2 independent mediums and leads to broken accounting and theft || sheet=41contracts | row=53 | abl=B1 | type=FP | finding=[single_var_cross_tx] licenseFee  tx-set -> changeLicenseFee(uint256), totalSupply()   • write  contracts/Basket.sol:171  (Basket.('changeLicenseFee', ['uint256'], []))   • read  contracts/Basket.sol:131  (Basket.('handleFees', [], [])) | report= | comments=Points to [M-01], [M-08-M-11], but NOT SI per se || sheet=41contracts | row=59 | abl=B1 | type=TP | finding=[single_var_cross_tx] ibRatio  tx-set -> settleAuction(uint256[],address[],uint256[],address[],uint256[]), updateIBRatio(uint256)   • write  contracts/Basket.sol:235  (Basket.('updateIBRatio', ['uint256'], ['uint256']))   • read  contracts/Basket.sol:258  (Basket.('pullUnderlying', ['uint256', 'address'], []))   • read  contracts/Basket.sol:251  (Basket.('pushUnderlying', ['uint256', 'address'], [])) | report=https://github.com/code-423n4/2021-10-defiprotocol-findings/issues/51 | comments=[M-08] || sheet=41contracts | row=62 | abl=B1 | type=TP | finding=[multi_var_cross_contract] tokens, weights  tx-set -> setNewWeights(), settleAuction(uint256[],address[],uint256[],address[],uint256[])   • write  contracts/Basket.sol:216  (Basket.('setNewWeights', [], []))   • write  contracts/Basket.sol:215  (Basket.('setNewWeights', [], []))   • read  contracts/Basket.sol:260  (Basket.('pullUnderlying', ['uint256', 'address'], []))   • read  contracts/Basket.sol:252  (Basket.('pushUnderlying', ['uint256', 'address'], [])) | report=https://github.com/code-423n4/2021-10-defiprotocol-findings/issues/78 https://github.com/code-423n4/2021-10-defiprotocol-findings/issues/51 | comments=[M-04] and [M-08] combine to create a tokens/weights + ratio + supply invariant that underlies 2 independent mediums and leads to broken accounting and theft || sheet=41contracts | row=82 | abl=B2 | type=FP | finding=[single_var_cross_tx] licenseFee  tx-set -> changeLicenseFee(uint256), totalSupply()   • write  contracts/Basket.sol:171  (Basket.('changeLicenseFee', ['uint256'], []))   • read  contracts/Basket.sol:131  (Basket.('handleFees', [], [])) | report= | comments=Points to [M-01], [M-08-M-11], but NOT SI per se || sheet=41contracts | row=90 | abl=B2 | type=TP | finding=[single_var_cross_tx] ibRatio  tx-set -> settleAuction(uint256[],address[],uint256[],address[],uint256[]), updateIBRatio(uint256)   • write  contracts/Basket.sol:235  (Basket.('updateIBRatio', ['uint256'], ['uint256']))   • read  contracts/Basket.sol:258  (Basket.('pullUnderlying', ['uint256', 'address'], []))   • read  contracts/Basket.sol:251  (Basket.('pushUnderlying', ['uint256', 'address'], [])) | report=https://github.com/code-423n4/2021-10-defiprotocol-findings/issues/51 | comments=[M-08] || sheet=41contracts | row=92 | abl=B2 | type=TP | finding=[multi_var_cross_contract] tokens, weights  tx-set -> setNewWeights(), settleAuction(uint256[],address[],uint256[],address[],uint256[])   • write  contracts/Basket.sol:215  (Basket.('setNewWeights', [], []))   • write  contracts/Basket.sol:216  (Basket.('setNewWeights', [], []))   • read  contracts/Basket.sol:252  (Basket.('pushUnderlying', ['uint256', 'address'], []))   • read  contracts/Basket.sol:258  (Basket.('pullUnderlying', ['uint256', 'address'], [])) | report=https://github.com/code-423n4/2021-10-defiprotocol-findings/issues/78 https://github.com/code-423n4/2021-10-defiprotocol-findings/issues/51 | comments=[M-04] and [M-08] combine to create a tokens/weights + ratio + supply invariant that underlies 2 independent mediums and leads to broken accounting and theft || sheet=41contracts | row=113 | abl=B3 | type=FP | finding=[single_var_cross_tx] licenseFee  tx-set -> changeLicenseFee(uint256), totalSupply()   • write  contracts/Basket.sol:171  (Basket.('changeLicenseFee', ['uint256'], []))   • read  contracts/Basket.sol:131  (Basket.('handleFees', [], [])) | report= | comments=Points to [M-01], [M-08-M-11], but NOT SI per se || sheet=41contracts | row=119 | abl=B3 | type=TP | finding=[single_var_cross_tx] ibRatio  tx-set -> settleAuction(uint256[],address[],uint256[],address[],uint256[]), updateIBRatio(uint256)   • write  contracts/Basket.sol:235  (Basket.('updateIBRatio', ['uint256'], ['uint256']))   • read  contracts/Basket.sol:258  (Basket.('pullUnderlying', ['uint256', 'address'], []))   • read  contracts/Basket.sol:251  (Basket.('pushUnderlying', ['uint256', 'address'], [])) | report=https://github.com/code-423n4/2021-10-defiprotocol-findings/issues/51 | comments=[M-08] || sheet=41contracts | row=124 | abl=B3 | type=TP | finding=[multi_var_cross_contract] tokens, weights  tx-set -> setNewWeights(), settleAuction(uint256[],address[],uint256[],address[],uint256[])   • write  contracts/Basket.sol:215  (Basket.('setNewWeights', [], []))   • write  contracts/Basket.sol:216  (Basket.('setNewWeights', [], []))   • read  contracts/Basket.sol:257  (Basket.('pullUnderlying', ['uint256', 'address'], []))   • read  contracts/Basket.sol:260  (Basket.('pullUnderlying', ['uint256', 'address'], [])) | report=https://github.com/code-423n4/2021-10-defiprotocol-findings/issues/78 https://github.com/code-423n4/2021-10-defiprotocol-findings/issues/51 | comments=[M-04] and [M-08] combine to create a tokens/weights + ratio + supply invariant that underlies 2 independent mediums and leads to broken accounting and theft || sheet=41contracts | row=127 | abl=B4 | type=TP | finding=[single_var_cross_tx] bondBlock  tx-set -> bondForRebalance(), settleAuction(uint256[],address[],uint256[],address[],uint256[])   • write  contracts/Auction.sol:61  (Auction.('bondForRebalance', [], []))   • read  contracts/Auction.sol:81  (Auction.('settleAuction', ['uint256[]', 'address[]', 'uint256[]', 'address[]', 'uint256[]'], [])) | report=https://github.com/code-423n4/2021-10-defiprotocol-findings/issues/51 | comments=[M-08] || sheet=41contracts | row=150 | abl=B6 | type=FP | finding=[single_var_cross_tx] licenseFee  tx-set -> changeLicenseFee(uint256), totalSupply()   • write  contracts/Basket.sol:171  (Basket.('changeLicenseFee', ['uint256'], []))   • read  contracts/Basket.sol:131  (Basket.('handleFees', [], [])) | report= | comments=Points to [M-01], [M-08-M-11], but NOT SI per se || sheet=41contracts | row=155 | abl=B6 | type=TP | finding=[single_var_cross_tx] ibRatio  tx-set -> settleAuction(uint256[],address[],uint256[],address[],uint256[]), updateIBRatio(uint256)   • write  contracts/Basket.sol:235  (Basket.('updateIBRatio', ['uint256'], ['uint256']))   • read  contracts/Basket.sol:251  (Basket.('pushUnderlying', ['uint256', 'address'], [])) | report=https://github.com/code-423n4/2021-10-defiprotocol-findings/issues/51 | comments=[M-08] || sheet=41contracts | row=159 | abl=B6 | type=TP | finding=[single_var_cross_tx] ibRatio  tx-set -> settleAuction(uint256[],address[],uint256[],address[],uint256[]), totalSupply()   • write  contracts/Basket.sol:139  (Basket.('handleFees', [], []))   • read  contracts/Basket.sol:251  (Basket.('pushUnderlying', ['uint256', 'address'], [])) | report=https://github.com/code-423n4/2021-10-defiprotocol-findings/issues/51 | comments=[M-08] auction settles, setting ibRatio via UpdateIBRatio(newRatio), later handleFees tweaks ibRatio again [M-07], then burns use pushUnderlying with this result, and are subject to fee-on-transfer problems via [M-04] || sheet=41contracts | row=163 | abl=B6 | type=TP | finding=[multi_var_cross_contract] tokens, weights  tx-set -> setNewWeights(), settleAuction(uint256[],address[],uint256[],address[],uint256[])   • write  contracts/Basket.sol:215  (Basket.('setNewWeights', [], []))   • write  contracts/Basket.sol:216  (Basket.('setNewWeights', [], []))   • read  contracts/Basket.sol:252  (Basket.('pushUnderlying', ['uint256', 'address'], []))   • read  contracts/Basket.sol:250  (Basket.('pushUnderlying', ['uint256', 'address'], [])) | report=https://github.com/code-423n4/2021-10-defiprotocol-findings/issues/78 https://github.com/code-423n4/2021-10-defiprotocol-findings/issues/51 | comments=[M-04] and [M-08] combine to create a tokens/weights + ratio + supply invariant that underlies 2 independent mediums and leads to broken accounting and theft",MV-SI,Type-I-temporal-checkpoint,yes,41:B0:row23,NA-strict-B0-match,"invariant=Auction settlement ratio must remain synchronized with basket ibRatio and underlying balances so settlement cannot extract more assets than the basket accounting can support. | entities=auction-time-derived newRatio, basket ibRatio, totalSupply/pendingWeights, underlying token balances | primary=auction newRatio | counterpart=basket ibRatio and underlying balance requirements | external_proxy=block/time decay via bondBlock and auctionStart | desync=As bondBlock increases, newRatio decays without a minimum or synchronization check against current ibRatio before settlement consumes it. | sink=accounting | impact=loss | attacker=auction-bonder | label_notes=Strict MV-SI / temporal accounting: decayed newRatio can fall below current ibRatio and let settlement extract too much underlying. | strict_match=B0 row 23 has ibRatio, updateIBRatio/settleAuction/pushUnderlying steps, and same temporal auction settlement accounting sink."
107,107,WEB3BUGS-107-H-01,Code4rena,High,O3,2022-06-10,https://github.com/code-423n4/2022-04-jpegd-findings/issues/12,2022-04-jpegd#h-01,2022-04-jpegd,H-01,jpegd,yVault: First depositor can break minting of shares,"yVault share minting uses totalSupply against balance(), so a first depositor can donate assets to the strategy and inflate share price before later deposits.","An attacker mints one share, donates a large token amount to the strategy, makes later deposits mint zero shares, then withdraws the donated and victim assets.",Burn minimum initial liquidity or require nonzero shares on deposit.,Web3Bugs report 107.md; Code4rena report; GitHub issue 12; local JPEGd contracts,yes,,MV-SI,Type-II-asset-utility,no,NA-no-strict-B0-match,FN0-no-same-finding-tag-row,"invariant=Vault share supply and managed asset balance must stay synchronized before share minting prices deposits. | entities=yVault totalSupply(), yVault share balances, underlying token balance held by vault/strategy | primary=actual underlying asset balance | counterpart=yVault totalSupply/share accounting | external_proxy=strategy token balance | desync=Direct token donation increases managed assets without minting corresponding shares before deposit consumes balance() for share pricing. | sink=mint | impact=loss | attacker=unprivileged | label_notes=Clear share-accounting MV-SI: external asset balance can advance without share-supply synchronization. No same-finding MV-Bench row was found. | strict_match=No same-finding MV-Bench row was found for the yVault share-supply/asset-balance donation path."
107,107,WEB3BUGS-107-H-02,Code4rena,High,S2-1,2022-06-10,https://github.com/code-423n4/2022-04-jpegd-findings/issues/10,2022-04-jpegd#h-02,2022-04-jpegd,H-02,jpegd,"Existing user's locked JPEG could be overwritten by new user, causing permanent loss of JPEG funds",JPEGLock indexes lock positions only by NFT index and lockFor overwrites an existing schedule without releasing the prior owner's locked JPEG.,"A second user finalizes a value proposal for the same NFT index, replacing the first user's lock schedule; the first user can no longer unlock their JPEG.",Release any existing lock before overwriting it or reject finalization while a lock exists.,Web3Bugs report 107.md; Code4rena report; GitHub issue 10; local JPEGd contracts,yes,"sheet=107 | row=5 | abl=B0 | type=FP | finding=[multi_var_cross_contract] nftTypes, nftValueETH, {fallbackOracle, floorOracle, nftTypeValueETH, nftValueETH} tx-set -> finalizePendingNFTValueETH(uint256), getNFTInfo(uint256) • write contracts/vaults/NFTVault.sol:377 (NFTVault.('finalizePendingNFTValueETH', ['uint256'], [])) • write contracts/vaults/NFTVault.sol:378 (NFTVault.('finalizePendingNFTValueETH', ['uint256'], [])) • read contracts/vaults/NFTVault.sol:486 (NFTVault.('getNFTInfo', ['uint256'], ['NFTVault.NFTInfo'])) | report= | comments=Note: if we want to ""hit"" this report's bugs, we must model invariants involving external balance-derived supply and monotonic snapshot variables, not just mapping read/write pairs to one another. || sheet=107 | row=6 | abl=B0 | type=FP | finding=[multi_var_cross_contract] nftTypes, nftValueETH, {fallbackOracle, floorOracle, nftTypeValueETH, nftValueETH} tx-set -> finalizePendingNFTValueETH(uint256), showPosition(uint256) • write contracts/vaults/NFTVault.sol:377 (NFTVault.('finalizePendingNFTValueETH', ['uint256'], [])) • write contracts/vaults/NFTVault.sol:378 (NFTVault.('finalizePendingNFTValueETH', ['uint256'], [])) • read contracts/vaults/NFTVault.sol:651 (NFTVault.('showPosition', ['uint256'], ['NFTVault.PositionPreview'])) • read contracts/vaults/NFTVault.sol:422 (NFTVault.('_getNFTValueETH', ['uint256'], ['uint256'])) | report= | comments=Note: if we want to ""hit"" this report's bugs, we must model invariants involving external balance-derived supply and monotonic snapshot variables, not just mapping read/write pairs to one another. || sheet=107 | row=8 | abl=B0 | type=FP | finding=[single_var_cross_tx] pendingNFTValueETH tx-set -> finalizePendingNFTValueETH(uint256) • write contracts/vaults/NFTVault.sol:380 (NFTVault.('finalizePendingNFTValueETH', ['uint256'], [])) • read contracts/vaults/NFTVault.sol:364 (NFTVault.('finalizePendingNFTValueETH', ['uint256'], [])) | report= | comments=Note: if we want to ""hit"" this report's bugs, we must model invariants involving external balance-derived supply and monotonic snapshot variables, not just mapping read/write pairs to one another. || sheet=107 | row=128 | abl=B2 | type=FP | finding=[single_var_cross_tx] positions tx-set -> deposit(uint256,uint256), unlock(uint256) • write contracts/lock/JPEGLock.sol:56 (JPEGLock.('lockFor', ['address', 'uint256', 'uint256'], [])) • read contracts/lock/JPEGLock.sol:69 (JPEGLock.('unlock', ['uint256'], [])) | report= | comments=",MV-SI,Type-II-asset-utility,no,NA-no-strict-B0-match,FN7-bucket-adjacent-not-strict,"invariant=Each NFT-index lock schedule must remain synchronized with the JPEG amount and owner whose funds were locked for that index. | entities=JPEGLock.positions[nftIndex].owner, JPEGLock.positions[nftIndex].lockAmount, JPEG balance held by JPEGLock, NFTVault pending/custom NFT value | primary=JPEG tokens locked for the existing owner | counterpart=JPEGLock.positions[nftIndex] owner/amount schedule | external_proxy=NFTVault pendingNFTValueETH/nftValueETH | desync=finalizePendingNFTValueETH calls lockFor for the same NFT index, replacing the prior schedule without releasing the previous locked amount. | sink=access-control | impact=loss | attacker=governance-participant | label_notes=MV-SI through lock-accounting overwrite. B0 rows 5/6/8 are adjacent finalizePendingNFTValueETH valuation-state rows but omit JPEGLock.positions ownership and lockAmount; non-B0 row 128 captures the JPEGLock positions write/read but is outside the strict B0 numerator. | strict_match=B0 rows 5/6/8 reach finalizePendingNFTValueETH NFT valuation state but omit the JPEGLock.positions ownership/lock-amount overwrite. Non-B0 row 128 is closer to the lockFor/unlock path but cannot count as strict B0."
107,107,WEB3BUGS-107-H-03,Code4rena,High,L1,2022-06-10,https://github.com/code-423n4/2022-04-jpegd-findings/issues/227,2022-04-jpegd#h-03,2022-04-jpegd,H-03,jpegd,Update initializer modifier to prevent reentrancy during initialization,The project depends on OpenZeppelin Initializable versions with a known initializer reentrancy vulnerability.,A reentrant initialization path can observe or mutate initialization state before the initializer guard has safely completed.,Upgrade OpenZeppelin contracts and contracts-upgradeable to 4.4.1 or later.,Web3Bugs report 107.md; Code4rena report; GitHub issue 227; local JPEGd contracts,yes,,SV-SI,NA,not_applicable,NA-not-MVSI,NA-not-MVSI,invariant=Initializer execution state should not be reentered while initialization is incomplete. | entities=Initializable initializer state | primary=initializer state | external_proxy=initializer call stack | desync=Vulnerable initializer modifier permits reentrant initialization before the initialization state is fully finalized. | sink=access-control | impact=loss | attacker=unprivileged | label_notes=Initializer reentrancy / single execution-state issue. Reentrancy is excluded from strict MV-SI and is labeled SV-SI here. | strict_match=Not in MV-SI recall denominator.
107,107,WEB3BUGS-107-H-04,Code4rena,High,L1,2022-06-10,https://github.com/code-423n4/2022-04-jpegd-findings/issues/81,2022-04-jpegd#h-04,2022-04-jpegd,H-04,jpegd,Reentrancy issue in yVault.deposit,"yVault.deposit caches balanceBefore before safeTransferFrom, and callback-enabled tokens can reenter before the outer mint uses that stale balance.",An attacker splits a deposit and reenters during transferFrom so the outer call mints too many shares against stale balance/supply state.,Move safeTransferFrom after share calculation/effects or add reentrancy protection.,Web3Bugs report 107.md; Code4rena report; GitHub issue 81; local JPEGd contracts,yes,,SV-SI,NA,not_applicable,NA-not-MVSI,NA-not-MVSI,"invariant=deposit share minting must consume a current vault balance for the active mint execution. | entities=balanceBefore cached vault balance, totalSupply() during reentrant deposit | primary=cached balanceBefore | external_proxy=token callback hook | desync=safeTransferFrom executes before mint effects complete, allowing reentry before the outer deposit consumes the cached balanceBefore. | sink=mint | impact=overmint | attacker=callback-enabled-token | label_notes=Reentrant stale cached balance/supply issue. Reentrancy is excluded from MV-SI under criterion 5, so this is SV-SI. | strict_match=Not in MV-SI recall denominator."
107,107,WEB3BUGS-107-H-05,Code4rena,High,O1,2022-06-10,https://github.com/code-423n4/2022-04-jpegd-findings/issues/56,2022-04-jpegd#h-05,2022-04-jpegd,H-05,jpegd,yVaultLPFarming: No guarantee JPEG currentBalance > previousBalance,YVaultLPFarming assumes current claimable/local JPEG balance never falls below previousBalance when computing new rewards.,"Farm migration, strategy migration, or reward-token handling can reduce vault.balanceOfJPEG()+local JPEG and make deposits/withdrawals revert from underflow.",Treat currentBalance <= previousBalance as no new rewards or otherwise account for shortfalls explicitly.,Web3Bugs report 107.md; Code4rena report; GitHub issue 56; local JPEGd contracts,yes,"sheet=107 | row=42 | abl=B0 | type=FP | finding=[multi_var_cross_contract] userPendingRewards, {TMP_1305, balanceOf, rewardShare, userLastAccRewardPerShare, userPendingRewards} tx-set -> claim() • write contracts/farming/yVaultLPFarming.sol:141 (YVaultLPFarming.('claim', [], [])) • read contracts/farming/yVaultLPFarming.sol:138 (YVaultLPFarming.('claim', [], [])) | report= | comments=Note: if we want to ""hit"" this report's bugs, we must model invariants involving external balance-derived supply and monotonic snapshot variables, not just mapping read/write pairs to one another. || sheet=107 | row=171 | abl=B3 | type=FP | finding=[multi_var_cross_contract] {TMP_1305, balanceOf, rewardShare, userLastAccRewardPerShare, userPendingRewards} tx-set -> claim(), deposit(uint256) • write contracts/farming/yVaultLPFarming.sol:141 (YVaultLPFarming.('claim', [], [])) • read contracts/vaults/yVault/yVault.sol:147 (YVault.('deposit', ['uint256'], [])) | report= | comments= || sheet=107 | row=172 | abl=B3 | type=FP | finding=[multi_var_cross_contract] {TMP_1305, balanceOf, rewardShare, userLastAccRewardPerShare, userPendingRewards} tx-set -> claim(), withdraw(uint256) • write contracts/farming/yVaultLPFarming.sol:141 (YVaultLPFarming.('claim', [], [])) • read contracts/vaults/yVault/yVault.sol:169 (YVault.('withdraw', ['uint256'], [])) | report= | comments=",MV-SI,Type-I-temporal-checkpoint,no,NA-no-strict-B0-match,FN7-bucket-adjacent-not-strict,"invariant=The yVaultLPFarming previousBalance reward checkpoint must remain synchronized with the current claimable/local JPEG reward balance before reward accounting updates. | entities=previousBalance, vault.balanceOfJPEG(), jpeg.balanceOf(YVaultLPFarming), accRewardPerShare, totalStaked | primary=current claimable/local JPEG reward balance | counterpart=previousBalance reward checkpoint | external_proxy=yVault/controller/strategy JPEG reward state | desync=Reward-source migration or balance decrease changes currentBalance without synchronizing previousBalance before _computeUpdate subtracts it. | sink=accounting | impact=DoS | attacker=privileged-or-strategy-condition | label_notes=MV-SI over reward checkpoint versus external reward-balance state; adjacent B0 row 42 and B3 rows 171/172 do not include previousBalance/currentBalance shortfall. | strict_match=B0 row 42 is an adjacent yVaultLPFarming reward-accounting bucket; it omits previousBalance/currentBalance shortfall and the deposit/withdraw revert path."
107,107,WEB3BUGS-107-H-06,Code4rena,High,O1,2022-06-10,https://github.com/code-423n4/2022-04-jpegd-findings/issues/80,2022-04-jpegd#h-06,2022-04-jpegd,H-06,jpegd,Setting new controller can break YVaultLPFarming,yVault.setController can change the controller.balanceOfJPEG source used by YVaultLPFarming without synchronizing the farm reward checkpoint.,"A new controller reports less JPEG than the previous one, so _computeUpdate underflows and farm withdrawals/deposits fail.",Perform a coordinated migration/accrual when replacing the controller or handle balance decreases in the farm.,Web3Bugs report 107.md; Code4rena report; GitHub issue 80; local JPEGd contracts,yes,"sheet=107 | row=42 | abl=B0 | type=FP | finding=[multi_var_cross_contract] userPendingRewards, {TMP_1305, balanceOf, rewardShare, userLastAccRewardPerShare, userPendingRewards} tx-set -> claim() • write contracts/farming/yVaultLPFarming.sol:141 (YVaultLPFarming.('claim', [], [])) • read contracts/farming/yVaultLPFarming.sol:138 (YVaultLPFarming.('claim', [], [])) | report= | comments=Note: if we want to ""hit"" this report's bugs, we must model invariants involving external balance-derived supply and monotonic snapshot variables, not just mapping read/write pairs to one another. || sheet=107 | row=171 | abl=B3 | type=FP | finding=[multi_var_cross_contract] {TMP_1305, balanceOf, rewardShare, userLastAccRewardPerShare, userPendingRewards} tx-set -> claim(), deposit(uint256) • write contracts/farming/yVaultLPFarming.sol:141 (YVaultLPFarming.('claim', [], [])) • read contracts/vaults/yVault/yVault.sol:147 (YVault.('deposit', ['uint256'], [])) | report= | comments= || sheet=107 | row=172 | abl=B3 | type=FP | finding=[multi_var_cross_contract] {TMP_1305, balanceOf, rewardShare, userLastAccRewardPerShare, userPendingRewards} tx-set -> claim(), withdraw(uint256) • write contracts/farming/yVaultLPFarming.sol:141 (YVaultLPFarming.('claim', [], [])) • read contracts/vaults/yVault/yVault.sol:169 (YVault.('withdraw', ['uint256'], [])) | report= | comments=",MV-SI,Type-I-temporal-checkpoint,no,NA-no-strict-B0-match,FN7-bucket-adjacent-not-strict,"invariant=YVaultLPFarming's previousBalance checkpoint must be synchronized with the controller-derived JPEG reward source used for currentBalance. | entities=previousBalance, vault.controller, controller.balanceOfJPEG(token), accRewardPerShare, totalStaked | primary=controller-derived current JPEG reward balance | counterpart=previousBalance reward checkpoint | external_proxy=new yVault controller | desync=setController changes the external reward-balance source without updating previousBalance before _computeUpdate subtracts it. | sink=accounting | impact=DoS | attacker=privileged | label_notes=Same reward-checkpoint invariant as H-05, specialized to controller replacement. Adjacent candidate rows do not capture controller replacement or previousBalance. | strict_match=B0 row 42 is an adjacent yVaultLPFarming reward-accounting bucket; it omits controller replacement and previousBalance/currentBalance shortfall."
107,107,WEB3BUGS-107-H-07,Code4rena,High,O1,2022-06-10,https://github.com/code-423n4/2022-04-jpegd-findings/issues/57,2022-04-jpegd#h-07,2022-04-jpegd,H-07,jpegd,Controller: Strategy migration will fail,Controller strategy migration calls withdraw(address(jpeg)) even though StrategyPUSDConvex rejects JPEG in its generic withdraw path.,"setStrategy reverts during migration because the strategy blacklists JPEG, preventing controller migration.",Use the strategy's withdrawJPEG path during migration.,Web3Bugs report 107.md; Code4rena report; GitHub issue 57; local JPEGd contracts,yes,,other-logical-bug,NA,not_applicable,NA-not-MVSI,NA-not-MVSI,"invariant=Strategy migration should use an asset-withdrawal path supported by the current strategy. | entities=controller strategy migration path, StrategyPUSDConvex JPEG blacklist | primary=Controller.setStrategy migration call | counterpart=StrategyPUSDConvex withdrawJPEG support | desync=Controller invokes the wrong strategy withdrawal method for JPEG during migration. | sink=external-call | impact=DoS | attacker=privileged | label_notes=API/path mismatch during privileged migration; not a stale coupled-state invariant. | strict_match=Not in MV-SI recall denominator."
107,107,WEB3BUGS-107-H-08,Code4rena,High,O5,2022-06-10,https://github.com/code-423n4/2022-04-jpegd-findings/issues/139,2022-04-jpegd#h-08,2022-04-jpegd,H-08,jpegd,"StrategyPUSDConvex.balanceOfJPEG uses incorrect function signature while calling extraReward.earned, causing the function to unexpectedly revert everytime",balanceOfJPEG calls extraReward.earned() without the account argument required by Convex reward pools.,"Any path depending on balanceOfJPEG reverts, making yVaultLPFarming unusable and blocking reward accounting.",Call earned(address(this)) and include the base reward pool earned amount as appropriate.,Web3Bugs report 107.md; Code4rena report; GitHub issue 139; local JPEGd contracts,yes,,other-logical-bug,NA,not_applicable,NA-not-MVSI,NA-not-MVSI,"invariant=Strategy reward accounting should call external reward APIs with the required function signature. | entities=extraReward.earned signature, balanceOfJPEG reward query | primary=Convex earned(address) API | counterpart=StrategyPUSDConvex balanceOfJPEG call | external_proxy=Convex reward pool | desync=balanceOfJPEG uses the wrong external call signature. | sink=external-call | impact=DoS | attacker=unprivileged | label_notes=External API/signature bug; not MV-SI/SV-SI synchronization. | strict_match=Not in MV-SI recall denominator."
107,107,WEB3BUGS-107-H-09,Code4rena,High,SC,2022-06-10,https://github.com/code-423n4/2022-04-jpegd-findings/issues/167,2022-04-jpegd#h-09,2022-04-jpegd,H-09,jpegd,Bad debts should not continue to accrue interest,NFTVault accrues and collects interest over all totalDebtPortion without excluding positions that have become unrecoverable bad debt.,Bad debt keeps increasing totalFeeCollected; DAO collection mints stablecoin interest not backed by recoverable debt.,Track bad debt and exclude badDebtPortion from collectible interest accrual.,Web3Bugs report 107.md; Code4rena report; GitHub issue 167; local JPEGd contracts,yes,"sheet=107 | row=7 | abl=B0 | type=FP | finding=[single_var_cross_tx] totalFeeCollected tx-set -> accrue() • write contracts/vaults/NFTVault.sol:947 (NFTVault.('collect', [], [])) • read contracts/vaults/NFTVault.sol:946 (NFTVault.('collect', [], [])) | report= | comments=Note: if we want to ""hit"" this report's bugs, we must model invariants involving external balance-derived supply and monotonic snapshot variables, not just mapping read/write pairs to one another. || sheet=107 | row=91 | abl=B2 | type=FP | finding=[multi_var_cross_contract] totalFeeCollected, positions, positionOwner tx-set -> accrue() • write contracts/vaults/NFTVault.sol:947 (NFTVault.('collect', [], [])) • write contracts/vaults/NFTVault.sol:865 (NFTVault.('liquidate', ['uint256'], [])) • read contracts/vaults/NFTVault.sol:946 (NFTVault.('collect', [], [])) • read contracts/vaults/NFTVault.sol:866 (NFTVault.('liquidate', ['uint256'], [])) | report= | comments=",MV-SI,Type-I-temporal-checkpoint,no,NA-no-strict-B0-match,FN7-bucket-adjacent-not-strict,"invariant=Collectible interest must remain synchronized with the performing debt portion, excluding debt that has become unrecoverable bad debt. | entities=totalDebtAmount, totalDebtPortion, totalFeeCollected, position debt/liquidation state, bad debt portion | primary=performing/recoverable debt portion | counterpart=totalFeeCollected and totalDebtAmount accrual | external_proxy=NFT collateral market value/liquidation state | desync=accrue advances totalDebtAmount and totalFeeCollected for all debt without synchronizing against bad-debt state before collect mints fees. | sink=mint | impact=loss | attacker=market-condition | label_notes=Borderline but classified MV-SI: the missing badDebtPortion counterpart lets fee accrual diverge from recoverable debt. B0 row 7 only touches totalFeeCollected collection; non-B0 row 91 also touches liquidation state but is outside the strict B0 numerator. | strict_match=B0 row 7 touches fee collection but omits bad-debt/recoverable-debt partitioning and the accrue/collect invariant. Non-B0 row 91 is a closer liquidation/fee adjacent row but cannot count as strict B0."
107,107,WEB3BUGS-107-M-01,Code4rena,Medium,,2022-06-10,https://github.com/code-423n4/2022-04-jpegd-findings/issues/1,2022-04-jpegd#m-01,2022-04-jpegd,M-01,jpegd,"When _lpToken is jpeg, reward calculation is incorrect","LPFarming permits a pool whose staking token is the same JPEG token used for rewards, while reward accounting uses the contract token balance as lpSupply.","Minted/allocated JPEG rewards inflate lpSupply for the JPEG pool, reducing or corrupting users' reward distribution.",Reject jpeg as an lpToken or separate reward custody from staked-token balance accounting.,Web3Bugs report 107.md; Code4rena report; GitHub issue 1; local JPEGd contracts,yes,"sheet=107 | row=34 | abl=B0 | type=FP | finding=[single_var_cross_tx] userInfo tx-set -> deposit(uint256,uint256) • write contracts/farming/LPFarming.sol:226 (LPFarming.('deposit', ['uint256', 'uint256'], [])) • read contracts/farming/LPFarming.sol:221 (LPFarming.('deposit', ['uint256', 'uint256'], [])) | report= | comments=Note: if we want to ""hit"" this report's bugs, we must model invariants involving external balance-derived supply and monotonic snapshot variables, not just mapping read/write pairs to one another. || sheet=107 | row=35 | abl=B0 | type=FP | finding=[single_var_cross_tx] userInfo tx-set -> deposit(uint256,uint256), pendingReward(uint256,address) • write contracts/farming/LPFarming.sol:226 (LPFarming.('deposit', ['uint256', 'uint256'], [])) • read contracts/farming/LPFarming.sol:185 (LPFarming.('pendingReward', ['uint256', 'address'], ['uint256'])) | report= | comments=Note: if we want to ""hit"" this report's bugs, we must model invariants involving external balance-derived supply and monotonic snapshot variables, not just mapping read/write pairs to one another. || sheet=107 | row=39 | abl=B0 | type=FP | finding=[multi_var_cross_contract] userRewards, {TMP_1206, accRewardPerShare, user, userRewards} tx-set -> claim(uint256), claimAll() • write contracts/farming/LPFarming.sol:340 (LPFarming.('claim', ['uint256'], [])) • write contracts/farming/LPFarming.sol:357 (LPFarming.('claimAll', [], [])) • read contracts/farming/LPFarming.sol:336 (LPFarming.('claim', ['uint256'], [])) • read contracts/farming/LPFarming.sol:353 (LPFarming.('claimAll', [], [])) | report= | comments=Note: if we want to ""hit"" this report's bugs, we must model invariants involving external balance-derived supply and monotonic snapshot variables, not just mapping read/write pairs to one another. || sheet=107 | row=40 | abl=B0 | type=FP | finding=[multi_var_cross_contract] userRewards, {TMP_1206, accRewardPerShare, user, userRewards} tx-set -> claim(uint256) • write contracts/farming/LPFarming.sol:340 (LPFarming.('claim', ['uint256'], [])) • read contracts/farming/LPFarming.sol:336 (LPFarming.('claim', ['uint256'], [])) | report= | comments=Note: if we want to ""hit"" this report's bugs, we must model invariants involving external balance-derived supply and monotonic snapshot variables, not just mapping read/write pairs to one another. || sheet=107 | row=41 | abl=B0 | type=FP | finding=[multi_var_cross_contract] userRewards, {TMP_1206, accRewardPerShare, user, userRewards} tx-set -> claimAll() • write contracts/farming/LPFarming.sol:357 (LPFarming.('claimAll', [], [])) • read contracts/farming/LPFarming.sol:353 (LPFarming.('claimAll', [], [])) | report= | comments=Note: if we want to ""hit"" this report's bugs, we must model invariants involving external balance-derived supply and monotonic snapshot variables, not just mapping read/write pairs to one another.",MV-SI,Type-II-asset-utility,no,NA-no-strict-B0-match,FN7-bucket-adjacent-not-strict,"invariant=LPFarming pool supply used for reward shares must equal recorded staked LP amount, not include reward-token balances when lpToken == jpeg. | entities=pool.lpToken, jpeg reward token, pool.lpToken.balanceOf(address(this)), userInfo.amount, accRewardPerShare | primary=recorded user LP stake | counterpart=actual pool token balance used as lpSupply | external_proxy=JPEG reward-token balance | desync=add allows lpToken == jpeg, so reward funding changes the balance consumed as lpSupply without corresponding userInfo stake updates. | sink=reward | impact=underpayment | attacker=owner-misconfiguration | label_notes=MV-SI asset/reward accounting: reward token balance and staked LP accounting can collapse into the same balance. B0 LPFarming rows are adjacent but omit lpToken==jpeg identity. | strict_match=B0 LPFarming rows touch user/reward accounting but not the lpToken==jpeg reward-token/self-balance identity."
107,107,WEB3BUGS-107-M-02,Code4rena,Medium,,2022-06-10,https://github.com/code-423n4/2022-04-jpegd-findings/issues/47,2022-04-jpegd#m-02,2022-04-jpegd,M-02,jpegd,NFTHelper Contract Allows Owner to Burn NFTs,NFT helper transfer functions do not reject address(0) as the recipient.,"The helper owner can transfer wrapped non-ERC721 NFTs to the zero address, permanently burning them.",Reject zero-address recipients in safeTransferFrom and transferFrom.,Web3Bugs report 107.md; Code4rena report; GitHub issue 47; local JPEGd contracts,yes,,other-logical-bug,NA,not_applicable,NA-not-MVSI,NA-not-MVSI,"invariant=NFT helper transfers should reject the zero address as a recipient. | entities=transfer recipient address, helper owner permissions | primary=recipient address | counterpart=zero-address validation | external_proxy=underlying NFT ownership | desync=Owner transfer path accepts address(0). | sink=transfer | impact=loss | attacker=owner | label_notes=Missing zero-address validation / owner trust issue, not stale state synchronization. | strict_match=Not in MV-SI recall denominator."
107,107,WEB3BUGS-107-M-03,Code4rena,Medium,,2022-06-10,https://github.com/code-423n4/2022-04-jpegd-findings/issues/14,2022-04-jpegd#m-03,2022-04-jpegd,M-03,jpegd,reward will be locked in the farm if no LP join the pool at epoch.startBlock,"LPFarming advances a pool's lastRewardBlock when lpSupply is zero, skipping the initial reward interval for later depositors.","If no LP is present at epoch.startBlock, the first block's rewards remain in the contract with no recovery path.",Provide a way to recover remaining rewards or avoid advancing the reward checkpoint in a way that strands rewards.,Web3Bugs report 107.md; Code4rena report; GitHub issue 14; local JPEGd contracts,yes,,SV-SI,NA,not_applicable,NA-not-MVSI,NA-not-MVSI,"invariant=The pool reward checkpoint should not skip funded reward intervals in a way that makes them unclaimable when supply is zero. | entities=pool.lastRewardBlock, epoch.startBlock/endBlock, pool.lpToken.balanceOf(address(this)) | primary=pool.lastRewardBlock | external_proxy=block.number/epoch schedule | desync=_updatePool sees lpSupply == 0 and advances lastRewardBlock, causing later reward calculation to omit an already-funded interval. | sink=reward | impact=underpayment | attacker=unprivileged | label_notes=Single reward-checkpoint stale/skip issue, analogous to zero-supply reward checkpoint SV-SI; not MV-SI. | strict_match=Not in MV-SI recall denominator."
107,107,WEB3BUGS-107-M-04,Code4rena,Medium,,2022-06-10,https://github.com/code-423n4/2022-04-jpegd-findings/issues/78,2022-04-jpegd#m-04,2022-04-jpegd,M-04,jpegd,setDebtInterestApr should accrue debt first,NFTVault.setDebtInterestApr changes the debt APR without first checkpointing interest accrued under the old rate.,"The next accrue applies the new APR retroactively to the elapsed period, overcharging or undercharging borrowers.",Call accrue before updating settings.debtInterestApr.,Web3Bugs report 107.md; Code4rena report; GitHub issue 78; local JPEGd contracts,yes,"sheet=107 | row=7 | abl=B0 | type=FP | finding=[single_var_cross_tx] totalFeeCollected tx-set -> accrue() • write contracts/vaults/NFTVault.sol:947 (NFTVault.('collect', [], [])) • read contracts/vaults/NFTVault.sol:946 (NFTVault.('collect', [], [])) | report= | comments=Note: if we want to ""hit"" this report's bugs, we must model invariants involving external balance-derived supply and monotonic snapshot variables, not just mapping read/write pairs to one another.",MV-SI,Type-I-temporal-checkpoint,no,NA-no-strict-B0-match,FN7-bucket-adjacent-not-strict,"invariant=Debt rate configuration and the totalDebtAccruedAt/totalDebtAmount checkpoint must describe the same accrual period before interest is computed. | entities=settings.debtInterestApr, totalDebtAccruedAt, totalDebtAmount, totalFeeCollected | primary=elapsed debt-accrual period at old APR | counterpart=settings.debtInterestApr used by next accrue | external_proxy=block.timestamp | desync=setDebtInterestApr updates the rate without synchronizing the debt accrual checkpoint to the old rate first. | sink=accounting | impact=overpayment | attacker=privileged | label_notes=Clear temporal MV-SI: changing APR without accruing desynchronizes the rate and elapsed-time checkpoint. B0 row 7 is only a fee-collection adjacency. | strict_match=B0 row 7 touches totalFeeCollected but not debtInterestApr/totalDebtAccruedAt rate-change checkpointing."
107,107,WEB3BUGS-107-M-05,Code4rena,Medium,,2022-06-10,https://github.com/code-423n4/2022-04-jpegd-findings/issues/19,2022-04-jpegd#m-05,2022-04-jpegd,M-05,jpegd,Rewards will be locked if user transfer directly to pool without using deposit function,LPFarming calculates lpSupply from pool.lpToken.balanceOf(address(this)) rather than recorded userInfo.amount totals.,"A direct LP token transfer increases contract balance without credited stake, diluting real depositors and leaving rewards locked.",Track totalLPSupply from deposits/withdrawals and use that recorded supply for rewards.,Web3Bugs report 107.md; Code4rena report; GitHub issue 19; local JPEGd contracts,yes,"sheet=107 | row=35 | abl=B0 | type=FP | finding=[single_var_cross_tx] userInfo tx-set -> deposit(uint256,uint256), pendingReward(uint256,address) • write contracts/farming/LPFarming.sol:226 (LPFarming.('deposit', ['uint256', 'uint256'], [])) • read contracts/farming/LPFarming.sol:185 (LPFarming.('pendingReward', ['uint256', 'address'], ['uint256'])) | report= | comments=Note: if we want to ""hit"" this report's bugs, we must model invariants involving external balance-derived supply and monotonic snapshot variables, not just mapping read/write pairs to one another. || sheet=107 | row=36 | abl=B0 | type=FP | finding=[single_var_cross_tx] userInfo tx-set -> deposit(uint256,uint256), withdraw(uint256,uint256) • write contracts/farming/LPFarming.sol:248 (LPFarming.('withdraw', ['uint256', 'uint256'], [])) • write contracts/farming/LPFarming.sol:226 (LPFarming.('deposit', ['uint256', 'uint256'], [])) • read contracts/farming/LPFarming.sol:221 (LPFarming.('deposit', ['uint256', 'uint256'], [])) • read contracts/farming/LPFarming.sol:242 (LPFarming.('withdraw', ['uint256', 'uint256'], [])) | report= | comments=Note: if we want to ""hit"" this report's bugs, we must model invariants involving external balance-derived supply and monotonic snapshot variables, not just mapping read/write pairs to one another. || sheet=107 | row=37 | abl=B0 | type=FP | finding=[single_var_cross_tx] userInfo tx-set -> pendingReward(uint256,address), withdraw(uint256,uint256) • write contracts/farming/LPFarming.sol:248 (LPFarming.('withdraw', ['uint256', 'uint256'], [])) • read contracts/farming/LPFarming.sol:185 (LPFarming.('pendingReward', ['uint256', 'address'], ['uint256'])) | report= | comments=Note: if we want to ""hit"" this report's bugs, we must model invariants involving external balance-derived supply and monotonic snapshot variables, not just mapping read/write pairs to one another. || sheet=107 | row=38 | abl=B0 | type=FP | finding=[single_var_cross_tx] userInfo tx-set -> withdraw(uint256,uint256) • write contracts/farming/LPFarming.sol:248 (LPFarming.('withdraw', ['uint256', 'uint256'], [])) • read contracts/farming/LPFarming.sol:242 (LPFarming.('withdraw', ['uint256', 'uint256'], [])) | report= | comments=Note: if we want to ""hit"" this report's bugs, we must model invariants involving external balance-derived supply and monotonic snapshot variables, not just mapping read/write pairs to one another. || sheet=107 | row=39 | abl=B0 | type=FP | finding=[multi_var_cross_contract] userRewards, {TMP_1206, accRewardPerShare, user, userRewards} tx-set -> claim(uint256), claimAll() • write contracts/farming/LPFarming.sol:340 (LPFarming.('claim', ['uint256'], [])) • write contracts/farming/LPFarming.sol:357 (LPFarming.('claimAll', [], [])) • read contracts/farming/LPFarming.sol:336 (LPFarming.('claim', ['uint256'], [])) • read contracts/farming/LPFarming.sol:353 (LPFarming.('claimAll', [], [])) | report= | comments=Note: if we want to ""hit"" this report's bugs, we must model invariants involving external balance-derived supply and monotonic snapshot variables, not just mapping read/write pairs to one another.",MV-SI,Type-II-asset-utility,no,NA-no-strict-B0-match,FN7-bucket-adjacent-not-strict,"invariant=The LP supply used for reward distribution must stay synchronized with recorded credited user stakes. | entities=pool.lpToken.balanceOf(address(this)), userInfo[pid][user].amount, accRewardPerShare, userRewards | primary=recorded credited LP stake | counterpart=actual LP token balance used as lpSupply | external_proxy=direct ERC20 transfer to farm | desync=Direct token transfer increases pool token balance without updating userInfo.amount before _updatePool divides rewards by lpSupply. | sink=reward | impact=underpayment | attacker=unprivileged | label_notes=MV-SI asset/accounting desync: actual token balance diverges from credited stake. B0 LPFarming rows are adjacent but omit direct-transfer balance pollution. | strict_match=B0 LPFarming rows touch user/reward accounting but omit direct ERC20 balance transfer and the actual balance vs recorded user.amount invariant."
107,107,WEB3BUGS-107-M-06,Code4rena,Medium,,2022-06-10,https://github.com/code-423n4/2022-04-jpegd-findings/issues/54,2022-04-jpegd#m-06,2022-04-jpegd,M-06,jpegd,Oracle data feed is insufficiently validated.,FungibleAssetVaultForDAO reads Chainlink latestAnswer without stale-round or round-completion validation.,A stale or incomplete oracle answer can feed wrong collateral pricing into credit and accounting decisions.,"Use latestRoundData and validate answeredInRound, timestamp, and positive answer.",Web3Bugs report 107.md; Code4rena report; GitHub issue 54; local JPEGd contracts,yes,,SV-SI,NA,not_applicable,NA-not-MVSI,NA-not-MVSI,invariant=Accepted collateral oracle price should be fresh and complete before being consumed for credit/accounting decisions. | entities=Chainlink latestAnswer answer | primary=oracle answer | external_proxy=Chainlink feed freshness/round state | desync=_collateralPriceUsd consumes latestAnswer without stale-data validation. | sink=accounting | impact=loss | attacker=external-oracle-condition | label_notes=SV-SI stale oracle read; no persistent multi-entity synchronization invariant. | strict_match=Not in MV-SI recall denominator.
107,107,WEB3BUGS-107-M-07,Code4rena,Medium,,2022-06-10,https://github.com/code-423n4/2022-04-jpegd-findings/issues/117,2022-04-jpegd#m-07,2022-04-jpegd,M-07,jpegd,Wrong calculation for yVault price per share if decimals != 18,yVault.getPricePerFullShare hardcodes 1e18 instead of using the underlying token decimals.,"For non-18-decimal vault tokens, price per share is scaled incorrectly and can mislead integrations or payouts.",Use 10**decimals() or reject unsupported decimals.,Web3Bugs report 107.md; Code4rena report; GitHub issue 117; local JPEGd contracts,yes,,other-logical-bug,NA,not_applicable,NA-not-MVSI,NA-not-MVSI,"invariant=Price-per-share scaling should match the underlying token decimals. | entities=vault decimals, hardcoded 1e18 scale | primary=underlying token decimals | counterpart=hardcoded price scale | desync=getPricePerFullShare uses a fixed 1e18 scale. | sink=accounting | impact=loss | attacker=integrator | label_notes=Decimal scaling / formula bug, not a synchronization failure. | strict_match=Not in MV-SI recall denominator."
107,107,WEB3BUGS-107-M-08,Code4rena,Medium,,2022-06-10,https://github.com/code-423n4/2022-04-jpegd-findings/issues/157,2022-04-jpegd#m-08,2022-04-jpegd,M-08,jpegd,_swapUniswapV2 may use an improper path which can cause a loss of the majority of the rewardTokens,StrategyPUSDConvex hardcodes a two-hop rewardToken -> WETH swap path and uses minOut zero for reward-token swaps.,"If liquidity is mainly on a different route, harvesting can sell rewards for dust and lose value.",Allow configurable swap paths and appropriate slippage controls.,Web3Bugs report 107.md; Code4rena report; GitHub issue 157; local JPEGd contracts,yes,,other-logical-bug,NA,not_applicable,NA-not-MVSI,NA-not-MVSI,"invariant=Reward-token swaps should route through a liquid path with adequate slippage bounds. | entities=rewardTokens, hardcoded Uniswap path, minOut | primary=configured swap route | counterpart=actual liquidity route | external_proxy=Uniswap pools | desync=_swapUniswapV2 always builds [tokenIn, tokenOut]. | sink=transfer | impact=loss | attacker=strategist | label_notes=Routing/slippage design issue rather than stale coupled state. | strict_match=Not in MV-SI recall denominator."
107,107,WEB3BUGS-107-M-09,Code4rena,Medium,,2022-06-10,https://github.com/code-423n4/2022-04-jpegd-findings/issues/11,2022-04-jpegd#m-09,2022-04-jpegd,M-09,jpegd,The noContract modifier does not work as expected.,"noContract relies on Address.isContract, which returns false during a contract constructor.",A contract can call protected functions from its constructor and bypass the intended EOA/whitelist gate.,"Use tx.origin if that trust model is intended, or redesign the restriction.",Web3Bugs report 107.md; Code4rena report; GitHub issue 11; local JPEGd contracts,yes,,other-logical-bug,NA,not_applicable,NA-not-MVSI,NA-not-MVSI,"invariant=Contract-access restrictions should not rely on code length during construction. | entities=Address.isContract result, whitelistedContracts | primary=contract code length check | counterpart=EOA/whitelist policy | external_proxy=constructor execution state | desync=Constructor-time calls bypass isContract-based gating. | sink=access-control | impact=policy-bypass | attacker=unprivileged | label_notes=Access-control bypass via constructor semantics, not stale state synchronization. | strict_match=Not in MV-SI recall denominator."
107,107,WEB3BUGS-107-M-10,Code4rena,Medium,,2022-06-10,https://github.com/code-423n4/2022-04-jpegd-findings/issues/4,2022-04-jpegd#m-10,2022-04-jpegd,M-10,jpegd,Chainlink pricer is using a deprecated API,FungibleAssetVaultForDAO and NFTVault use Chainlink latestAnswer rather than latestRoundData with freshness checks.,Deprecated/stale oracle answers can be consumed in collateral pricing.,Use latestRoundData and validate answer freshness/completeness.,Web3Bugs report 107.md; Code4rena report; GitHub issue 4; local JPEGd contracts,yes,,SV-SI,NA,not_applicable,NA-not-MVSI,NA-not-MVSI,"invariant=Accepted Chainlink price should be fresh and valid before protocol collateral calculations consume it. | entities=Chainlink latestAnswer answer | primary=oracle answer | external_proxy=Chainlink feed freshness/round state | desync=Vault price functions consume latestAnswer without latestRoundData freshness validation. | sink=accounting | impact=loss | attacker=external-oracle-condition | label_notes=SV-SI stale/deprecated oracle read; duplicate class with M-06 across vault pricers, not MV-SI. | strict_match=Not in MV-SI recall denominator."
107,107,WEB3BUGS-107-M-11,Code4rena,Medium,,2022-06-10,https://github.com/code-423n4/2022-04-jpegd-findings/issues/97,2022-04-jpegd#m-11,2022-04-jpegd,M-11,jpegd,Division before Multiplication May Result In No Interest Being Accrued,"NFTVault._calculateAdditionalInterest divides interestPerYear by 365 days before multiplying by elapsedTime, causing rounding to zero or understatement.",Small-decimal or low-rate debt can accrue no interest or too little interest.,Multiply by elapsedTime before dividing by the denominator and 365 days.,Web3Bugs report 107.md; Code4rena report; GitHub issue 97; local JPEGd contracts,yes,,other-logical-bug,NA,not_applicable,NA-not-MVSI,NA-not-MVSI,"invariant=Interest arithmetic should preserve precision through multiplication before division. | entities=totalDebtAmount, debtInterestApr, elapsedTime | primary=interest formula numerator | counterpart=division order | desync=_calculateAdditionalInterest performs division before multiplication. | sink=accounting | impact=underpayment | attacker=unprivileged | label_notes=Arithmetic/precision bug, not MV-SI/SV-SI stale state. | strict_match=Not in MV-SI recall denominator."
71,71,WEB3BUGS-71-H-01,Code4rena,High,SE-2,2022-03-15,https://github.com/code-423n4/2022-01-insure-findings/issues/158,2022-01-insure#h-01,2022-01-insure,H-01,insure,Tokens can be burned with no access control,Vault.utilize() allows any caller when keeper is unset and can transfer available tokens to a zero or arbitrary controller path.,"Call utilize() before keeper/controller are safely configured, or rely on the unsafe controller state, to move available tokens out of the vault.",Require a nonzero controller and explicit keeper/authorization before utilization.,Web3Bugs report 71.md; Code4rena report; GitHub issue 158; Vault.sol,yes,,other-logical-bug,NA,not_applicable,NA-not-MVSI,NA-not-MVSI,"invariant=Vault utilization should only move available assets to an initialized, authorized controller. | entities=keeper, controller, vault available balance | primary=keeper/controller authorization | counterpart=vault token transfer destination | desync=utilize() bypasses the keeper check when keeper is zero and consumes controller as the transfer destination. | sink=access-control | impact=loss | attacker=unprivileged | label_notes=Configuration/access-control flaw; excluded from MV-SI because the report is reducible to missing authorization and zero-address controller validation. | strict_match=Not in MV-SI recall denominator."
71,71,WEB3BUGS-71-H-02,Code4rena,High,O5,2022-03-15,https://github.com/code-423n4/2022-01-insure-findings/issues/192,2022-01-insure#h-02,2022-01-insure,H-02,insure,Typo in PoolTemplate unlock function results in user being able to unlock multiple times,"PoolTemplate.unlock() compares insurance status to false instead of assigning it, so active policy state remains true while lockedAmount is reduced.",Call unlock() repeatedly for the same expired insurance; lockedAmount is decremented each time while the insurance stays active.,Set insurances[_id].status = false before decrementing lockedAmount.,Web3Bugs report 71.md; Code4rena report; GitHub issue 192; PoolTemplate.sol,yes,,MV-SI,Type-II-asset-utility,no,NA-no-strict-B0-match,FN0-no-same-finding-tag-row,"invariant=Active insurance status/amount and pool lockedAmount must remain synchronized before withdrawal availability is computed. | entities=insurances[_id].status, insurances[_id].amount, lockedAmount, availableBalance() | primary=lockedAmount | counterpart=insurances[_id].status/amount | desync=unlock() reduces lockedAmount without clearing the insurance status because it uses == instead of =. | sink=withdrawal/accounting | impact=loss | attacker=unprivileged | label_notes=Clear MV-SI: one policy constituent remains active while the aggregate locked liquidity is advanced, letting withdrawals consume understated lockedAmount. No same-finding MV-Bench row was found. | strict_match=No same-finding MV-Bench row was found for the insurance status versus lockedAmount invariant."
71,71,WEB3BUGS-71-H-03,Code4rena,High,S2-1,2022-03-15,https://github.com/code-423n4/2022-01-insure-findings/issues/224,2022-01-insure#h-03,2022-01-insure,H-03,insure,Malicious Market Creators Can Steal Tokens From Unsuspecting Approved Reference Accounts,"Open market creation lets a creator choose _references[4] as the depositor, causing PoolTemplate.initialize() to pull approved funds from that address.","Frontrun market creation with victim as _references[4], making _depositFrom() transfer victim-approved tokens into an unwanted market.",Bind the initial depositor to the market creator or otherwise require depositor authorization.,Web3Bugs report 71.md; Code4rena report; GitHub issue 224; Factory.sol; PoolTemplate.sol; Vault.sol,yes,,other-logical-bug,NA,not_applicable,NA-not-MVSI,NA-not-MVSI,"invariant=Market initialization should only pull an initial deposit from an address that authorized that specific market creation. | entities=Factory.createMarket references, initial depositor allowance, PoolTemplate._depositFrom() | primary=initial depositor authorization | counterpart=market creation references | external_proxy=ERC20 allowance | desync=A creator-supplied reference address is consumed as the transferFrom source without per-market authorization. | sink=access-control | impact=loss | attacker=unprivileged | label_notes=Authorization/design flaw around arbitrary approved reference accounts; not a stale coupled-state synchronization bug. | strict_match=Not in MV-SI recall denominator."
71,71,WEB3BUGS-71-H-04,Code4rena,High,S4-1,2022-03-15,https://github.com/code-423n4/2022-01-insure-findings/issues/250,2022-01-insure#h-04,2022-01-insure,H-04,insure,Initial pool deposit can be stolen,PoolTemplate.initialize() accepts an arbitrary _references[4] initial depositor during unrestricted market creation.,Create a market before the intended creator and use the victim-approved depositor address so the vault pulls the victim tokens.,Set the initial depositor from Factory.createMarket msg.sender or require explicit depositor approval for the exact market.,Web3Bugs report 71.md; Code4rena report; GitHub issue 250; Factory.sol; PoolTemplate.sol; Vault.sol,yes,,other-logical-bug,NA,not_applicable,NA-not-MVSI,NA-not-MVSI,"invariant=Initial pool deposits must be bound to the market creator or an explicit depositor consent path. | entities=Factory.createMarket caller, _references[4], Vault.addValue transferFrom | primary=initial depositor authorization | counterpart=market creator identity | external_proxy=ERC20 allowance | desync=The factory accepts a depositor reference that is not synchronized with the caller creating the market. | sink=access-control | impact=loss | attacker=unprivileged | label_notes=Same root class as H-03: arbitrary approved depositor misuse, not MV-SI under the strict stale-state litmus. | strict_match=Not in MV-SI recall denominator."
71,71,WEB3BUGS-71-H-05,Code4rena,High,O1,2022-03-15,https://github.com/code-423n4/2022-01-insure-findings/issues/252,2022-01-insure#h-05,2022-01-insure,H-05,insure,backdoor in withdrawRedundant,Vault.withdrawRedundant() falls through to transfer the full underlying token balance when balance is not below actual token balance.,Owner calls withdrawRedundant() for the underlying token and drains funds through the broad else-if branch.,Never allow withdrawRedundant() to transfer accounted underlying balance; restrict it to true surplus tokens.,Web3Bugs report 71.md; Code4rena report; GitHub issue 252; Vault.sol,yes,,other-logical-bug,NA,not_applicable,NA-not-MVSI,NA-not-MVSI,"invariant=Redundant-token recovery must not withdraw the vault's accounted underlying balance. | entities=Vault.balance, actual token balance, withdrawRedundant token selector | primary=owner recovery path | counterpart=accounted vault underlying balance | external_proxy=ERC20 balanceOf | desync=The branch treats the underlying token as recoverable whenever the first surplus condition is false. | sink=access-control/accounting | impact=loss | attacker=privileged | label_notes=Privileged drain/backdoor branch; excluded as ordinary access-control/owner-trust logic rather than MV-SI. | strict_match=Not in MV-SI recall denominator."
71,71,WEB3BUGS-71-H-06,Code4rena,High,O3,2022-03-15,https://github.com/code-423n4/2022-01-insure-findings/issues/263,2022-01-insure#h-06,2022-01-insure,H-06,insure,the first depositor to a pool can drain all users,"Pool share minting prices deposits from originalLiquidity and totalSupply, but vault attributions can be transferred directly to the pool without minting matching pool shares.","First depositor mints one share, transfers large vault attributions to the pool, then later deposits round to zero shares while the first depositor owns all supply.",Mint/burn shares for attribution transfers or reject deposits that mint zero shares; consider minimum initial liquidity.,Web3Bugs report 71.md; Code4rena report; GitHub issue 263; PoolTemplate.sol; Vault.sol,yes,,MV-SI,Type-II-asset-utility,no,NA-no-strict-B0-match,FN0-no-same-finding-tag-row,"invariant=Pool share totalSupply and pool-owned vault attribution value must stay synchronized before worth() prices new deposits. | entities=PoolTemplate totalSupply(), vault.attributions[address(pool)], originalLiquidity(), user iToken balances | primary=pool-owned vault attribution value | counterpart=PoolTemplate totalSupply/share accounting | external_proxy=Vault attribution balance | desync=transferAttribution() increases pool-owned vault value without minting pool shares, then worth() consumes inflated originalLiquidity. | sink=mint/withdrawal | impact=loss | attacker=privileged-or-allowance-derived | label_notes=MV-SI despite the report's privileged-path discussion: the core loss is a share-supply versus attribution-value desynchronization that reaches deposit minting. No same-finding MV-Bench row was found. | strict_match=No same-finding MV-Bench row was found for the pool share-supply/attribution-value donation path."
71,71,WEB3BUGS-71-H-07,Code4rena,High,O1,2022-03-15,https://github.com/code-423n4/2022-01-insure-findings/issues/266,2022-01-insure#h-07,2022-01-insure,H-07,insure,Wrong design/implementation of permission control allows malicious/compromised Registry or Factory admin to steal funds from users' wallet balances,"Registry or Factory authority can register a malicious market, and onlyMarket then lets that market pull arbitrary approved user funds through Vault.addValue().","Privileged admin registers an attacker market, calls addValue() from victims with approvals, then withdraws the resulting attributions.",Do not let market contracts spend arbitrary user allowances; bind deposits to user-initiated calls or add tighter market constraints.,Web3Bugs report 71.md; Code4rena report; GitHub issue 266; Registry.sol; Vault.sol,yes,sheet=71 | row=2 | abl=B0 | type=TP | finding=[single_var_cross_tx] markets  tx-set -> supportMarket(address) | report=https://github.com/code-423n4/2022-01-insure-findings/issues/266 | comments=[H-07] || sheet=71 | row=8 | abl=B1 | type=TP | finding=[single_var_cross_tx] markets  tx-set -> supportMarket(address) | report=https://github.com/code-423n4/2022-01-insure-findings/issues/266 | comments=[H-07] || sheet=71 | row=14 | abl=B2 | type=TP | finding=[single_var_cross_tx] markets  tx-set -> supportMarket(address) | report=https://github.com/code-423n4/2022-01-insure-findings/issues/266 | comments=[H-07] || sheet=71 | row=20 | abl=B3 | type=TP | finding=[single_var_cross_tx] markets  tx-set -> supportMarket(address) | report=https://github.com/code-423n4/2022-01-insure-findings/issues/266 | comments=[H-07] || sheet=71 | row=26 | abl=B6 | type=TP | finding=[single_var_cross_tx] markets  tx-set -> supportMarket(address) | report=https://github.com/code-423n4/2022-01-insure-findings/issues/266 | comments=[H-07],other-logical-bug,NA,not_applicable,NA-not-MVSI,NA-not-MVSI,"invariant=User allowances to the vault should only be consumed through user-authorized market deposit paths. | entities=Registry.markets, onlyMarket, Vault.addValue, user allowances | primary=market registration authorization | counterpart=user allowance consumption | external_proxy=ERC20 allowance | desync=supportMarket() can authorize an arbitrary market that then consumes user allowances. | sink=access-control | impact=loss | attacker=privileged | label_notes=The MV-Bench markets rows are same finding tags, but the known issue is classified as ordinary permission-control/privileged-admin misuse, not MV-SI. | strict_match=Not in MV-SI recall denominator."
71,71,WEB3BUGS-71-H-08,Code4rena,High,L2,2022-03-15,https://github.com/code-423n4/2022-01-insure-findings/issues/269,2022-01-insure#h-08,2022-01-insure,H-08,insure,IndexTemplate.sol#compensate() will most certainly fail,"Compensation converts between underlying amount and attribution shares with precision loss, so the later offsetDebt() may see insufficient underlying value.","During resume/compensate, rounding makes the actual transferred value lower than the claimed compensation and the debt offset reverts.",Measure the actual received/underlying value before offsetting debt.,Web3Bugs report 71.md; Code4rena report; GitHub issue 269; IndexTemplate.sol; Vault.sol,yes,,other-logical-bug,NA,not_applicable,NA-not-MVSI,NA-not-MVSI,"invariant=Compensation accounting should offset only the actual underlying value made available by index/CDS layers. | entities=requested compensation amount, attribution conversion, vault.underlyingValue | primary=compensation formula | counterpart=actual underlying value | external_proxy=Vault attribution shares | desync=Rounding in value/share conversion is consumed as if exact compensation was received. | sink=accounting/DoS | impact=DoS | attacker=state-dependent | label_notes=Arithmetic/precision-loss compensation failure; excluded from MV-SI by the schema arithmetic/formula exclusion. | strict_match=Not in MV-SI recall denominator."
71,71,WEB3BUGS-71-H-09,Code4rena,High,O1,2022-03-15,https://github.com/code-423n4/2022-01-insure-findings/issues/271,2022-01-insure#h-09,2022-01-insure,H-09,insure,Vault#setController() owner of the Vault contracts can drain funds from the Vault,Vault owner can set an arbitrary controller and utilize/migrate funds into that controller.,"Owner sets a malicious controller, calls utilize(), and withdraws funds from the malicious controller.",Timelock or constrain controller changes and migrations.,Web3Bugs report 71.md; Code4rena report; GitHub issue 271; Vault.sol,yes,,other-logical-bug,NA,not_applicable,NA-not-MVSI,NA-not-MVSI,"invariant=Controller configuration should not let a privileged actor immediately redirect vault assets to arbitrary code. | entities=controller, owner role, vault available balance | primary=controller configuration | counterpart=vault assets | external_proxy=controller contract | desync=setController() accepts arbitrary controller code and utilize() sends funds to it. | sink=access-control | impact=loss | attacker=privileged | label_notes=Privileged controller-drain path; not MV-SI because it is reducible to owner/admin trust and access control. | strict_match=Not in MV-SI recall denominator."
71,71,WEB3BUGS-71-H-10,Code4rena,High,O1,2022-03-15,https://github.com/code-423n4/2022-01-insure-findings/issues/272,2022-01-insure#h-10,2022-01-insure,H-10,insure,A malicious/compromised Registry or Factory admin can drain all the funds from the Vault contracts,"Registered markets can borrow arbitrary vault value, so a malicious market registered by Registry/Factory authority can drain the vault.",Privileged admin registers malicious market and calls Vault.borrowValue() to transfer vault funds to attacker.,Constrain market registration and add borrowing limits/authorization in Vault.borrowValue().,Web3Bugs report 71.md; Code4rena report; GitHub issue 272; Registry.sol; Vault.sol,yes,"sheet=71 | row=6 | abl=B0 | type=TP | finding=[single_var_cross_tx] debts  tx-set -> borrowValue(uint256,address), repayDebt(uint256,address) | report=https://github.com/code-423n4/2022-01-insure-findings/issues/272 https://github.com/code-423n4/2022-01-insure-findings/issues/126 | comments=[H-10], [M-01] || sheet=71 | row=10 | abl=B1 | type=TP | finding=[single_var_cross_tx] debts  tx-set -> borrowValue(uint256,address), repayDebt(uint256,address) | report=https://github.com/code-423n4/2022-01-insure-findings/issues/272 https://github.com/code-423n4/2022-01-insure-findings/issues/126 | comments=[H-10], [M-01] || sheet=71 | row=17 | abl=B2 | type=TP | finding=[single_var_cross_tx] debts  tx-set -> borrowValue(uint256,address), repayDebt(uint256,address) | report=https://github.com/code-423n4/2022-01-insure-findings/issues/272 https://github.com/code-423n4/2022-01-insure-findings/issues/126 | comments=[H-10], [M-01] || sheet=71 | row=24 | abl=B3 | type=TP | finding=[single_var_cross_tx] debts  tx-set -> borrowValue(uint256,address), repayDebt(uint256,address) | report=https://github.com/code-423n4/2022-01-insure-findings/issues/272 https://github.com/code-423n4/2022-01-insure-findings/issues/126 | comments=[H-10], [M-01] || sheet=71 | row=27 | abl=B6 | type=TP | finding=[single_var_cross_tx] debts  tx-set -> borrowValue(uint256,address), repayDebt(uint256,address) | report=https://github.com/code-423n4/2022-01-insure-findings/issues/272 https://github.com/code-423n4/2022-01-insure-findings/issues/126 | comments=[H-10], [M-01]",other-logical-bug,NA,not_applicable,NA-not-MVSI,NA-not-MVSI,"invariant=Vault borrowing should only be available to legitimate markets within protocol risk limits. | entities=Registry.markets, onlyMarket, Vault.borrowValue, totalDebt | primary=market registration authorization | counterpart=vault debt/asset accounting | desync=A privileged market-registration change grants borrowValue() access to arbitrary code. | sink=access-control | impact=loss | attacker=privileged | label_notes=The debt MV-Bench rows are same-finding tags, but the known issue is a malicious registered-market/access-control issue, not MV-SI. | strict_match=Not in MV-SI recall denominator."
71,71,WEB3BUGS-71-H-11,Code4rena,High,S6-4,2022-03-15,https://github.com/code-423n4/2022-01-insure-findings/issues/283,2022-01-insure#h-11,2022-01-insure,H-11,insure,PoolTemplate.sol#resume() Wrong implementation of resume() will compensate overmuch redeem amount from index pools,PoolTemplate.resume() divides by the index share instead of multiplying by it when computing each index redeem amount.,Resume overcharges particular index pools or underflows shortage arithmetic during compensation.,Compute each index deduction as deductionFromIndex * shareOfIndex / scale.,Web3Bugs report 71.md; Code4rena report; GitHub issue 283; PoolTemplate.sol; IndexTemplate.sol,yes,,other-logical-bug,NA,not_applicable,NA-not-MVSI,NA-not-MVSI,"invariant=Index-pool compensation should be proportional to each index credit share. | entities=deductionFromIndex, shareOfIndex, redeemAmount, actualDeduction | primary=compensation formula | counterpart=index credit share | desync=Wrong arithmetic consumes the share ratio in the denominator. | sink=accounting | impact=loss-or-DoS | attacker=state-dependent | label_notes=Explicit arithmetic/formula bug; excluded from MV-SI by criterion 5. | strict_match=Not in MV-SI recall denominator."
71,71,WEB3BUGS-71-H-12,Code4rena,High,S5-2,2022-03-15,https://github.com/code-423n4/2022-01-insure-findings/issues/278,2022-01-insure#h-12,2022-01-insure,H-12,insure,IndexTemplate.sol Wrong implementation allows lp of the index pool to resume a locked PayingOut pool and escape the responsibility for the compensation,"IndexTemplate.resume() checks only pool paused flags, not whether allocated pools are still in Payingout status.","An LP calls resume() while an allocated pool is Payingout, unlocks the index, then withdraws before compensation is charged.",Require every allocated pool marketStatus to be Trading before clearing index locked.,Web3Bugs report 71.md; Code4rena report; GitHub issue 278; IndexTemplate.sol; PoolTemplate.sol,yes,,MV-SI,Type-I-temporal-checkpoint,no,NA-no-strict-B0-match,FN0-no-same-finding-tag-row,"invariant=Index locked state must remain synchronized with allocated pool payout status until compensation responsibility is settled. | entities=IndexTemplate.locked, poolList[i].marketStatus, poolList[i].paused(), index LP withdrawal state | primary=IndexTemplate.locked | counterpart=PoolTemplate.marketStatus for allocated pools | external_proxy=poolList | desync=IndexTemplate.resume() clears locked based on paused() while counterpart pools may still be Payingout. | sink=withdrawal/state-transition | impact=loss | attacker=unprivileged LP | label_notes=MV-SI: index withdrawal lock can be advanced without synchronizing to the underlying pool payout state. No same-finding MV-Bench row was found. | strict_match=No same-finding MV-Bench row was found for the index lock versus pool marketStatus invariant."
71,71,WEB3BUGS-71-H-13,Code4rena,High,O1,2022-03-15,https://github.com/code-423n4/2022-01-insure-findings/issues/281,2022-01-insure#h-13,2022-01-insure,H-13,insure,Admin of the index pool can withdrawCredit() after applyCover() to avoid taking loss for the compensation paid for a certain pool,"PoolTemplate.withdrawCredit() does not require Trading status, so index credit can be removed after applyCover() has entered Payingout.","After incident application, the index withdraws its credit and pending premium; resume later sees zero credit and does not charge that index for compensation.",Require marketStatus == Trading in withdrawCredit().,Web3Bugs report 71.md; Code4rena report; GitHub issue 281; PoolTemplate.sol; IndexTemplate.sol,yes,,MV-SI,Type-I-temporal-checkpoint,no,NA-no-strict-B0-match,FN0-no-same-finding-tag-row,"invariant=Index credit assigned to a pool must stay synchronized with the pool payout obligation while marketStatus is Payingout. | entities=PoolTemplate.marketStatus, indicies[index].credit, totalCredit, rewardPerCredit/rewardDebt, pending compensation | primary=indicies[index].credit | counterpart=PoolTemplate.marketStatus/payout obligation | external_proxy=IndexTemplate allocation | desync=withdrawCredit() reduces credit during Payingout without preserving that index's compensation responsibility. | sink=compensation/accounting | impact=loss | attacker=privileged index admin | label_notes=MV-SI: payout status and index credit obligation diverge before resume() allocates compensation. No same-finding MV-Bench row was found. | strict_match=No same-finding MV-Bench row was found for the payout-status/index-credit obligation invariant."
71,71,WEB3BUGS-71-M-01,Code4rena,Medium,,2022-03-15,https://github.com/code-423n4/2022-01-insure-findings/issues/126,2022-01-insure#m-01,2022-01-insure,M-01,insure,repayDebt in Vault.sol could DOS functionality for markets,"Vault.repayDebt() can reduce totalDebt independently of the remaining per-market debts, so later market debt operations can underflow.",A third party repays target debts in a sequence that leaves other borrowers' debts inconsistent with totalDebt; later borrow/offset paths fail when decreasing totalDebt.,Limit repayment to the selected borrower's outstanding debt and preserve totalDebt as the aggregate of all debts.,Web3Bugs report 71.md; Code4rena report; GitHub issue 126; Vault.sol,yes,"sheet=71 | row=3 | abl=B0 | type=TP | finding=[single_var_cross_tx] debts  tx-set -> offsetDebt(uint256,address), repayDebt(uint256,address) | report=https://github.com/code-423n4/2022-01-insure-findings/issues/228 https://github.com/code-423n4/2022-01-insure-findings/issues/126 | comments=[M-04], [M-01] || sheet=71 | row=5 | abl=B0 | type=FP | finding=[single_var_cross_tx] debts  tx-set -> repayDebt(uint256,address) | report= | comments=Very close to [M-01], but doesn't isolate the multi-var invariant || sheet=71 | row=6 | abl=B0 | type=TP | finding=[single_var_cross_tx] debts  tx-set -> borrowValue(uint256,address), repayDebt(uint256,address) | report=https://github.com/code-423n4/2022-01-insure-findings/issues/272 https://github.com/code-423n4/2022-01-insure-findings/issues/126 | comments=[H-10], [M-01] || sheet=71 | row=9 | abl=B1 | type=TP | finding=[single_var_cross_tx] debts  tx-set -> offsetDebt(uint256,address), repayDebt(uint256,address) | report=https://github.com/code-423n4/2022-01-insure-findings/issues/228 https://github.com/code-423n4/2022-01-insure-findings/issues/126 | comments=[M-04], [M-01] || sheet=71 | row=10 | abl=B1 | type=TP | finding=[single_var_cross_tx] debts  tx-set -> borrowValue(uint256,address), repayDebt(uint256,address) | report=https://github.com/code-423n4/2022-01-insure-findings/issues/272 https://github.com/code-423n4/2022-01-insure-findings/issues/126 | comments=[H-10], [M-01] || sheet=71 | row=12 | abl=B1 | type=FP | finding=[single_var_cross_tx] debts  tx-set -> repayDebt(uint256,address) | report= | comments=Very close to [M-01], but doesn't isolate the multi-var invariant || sheet=71 | row=17 | abl=B2 | type=TP | finding=[single_var_cross_tx] debts  tx-set -> borrowValue(uint256,address), repayDebt(uint256,address) | report=https://github.com/code-423n4/2022-01-insure-findings/issues/272 https://github.com/code-423n4/2022-01-insure-findings/issues/126 | comments=[H-10], [M-01] || sheet=71 | row=18 | abl=B2 | type=TP | finding=[single_var_cross_tx] debts  tx-set -> offsetDebt(uint256,address), repayDebt(uint256,address) | report=https://github.com/code-423n4/2022-01-insure-findings/issues/228 https://github.com/code-423n4/2022-01-insure-findings/issues/126 | comments=[M-04], [M-01] || sheet=71 | row=22 | abl=B3 | type=TP | finding=[single_var_cross_tx] debts  tx-set -> offsetDebt(uint256,address), repayDebt(uint256,address) | report=https://github.com/code-423n4/2022-01-insure-findings/issues/228 https://github.com/code-423n4/2022-01-insure-findings/issues/126 | comments=[M-04], [M-01] || sheet=71 | row=23 | abl=B3 | type=FP | finding=[single_var_cross_tx] debts  tx-set -> repayDebt(uint256,address) | report= | comments=Very close to [M-01], but doesn't isolate the multi-var invariant || sheet=71 | row=24 | abl=B3 | type=TP | finding=[single_var_cross_tx] debts  tx-set -> borrowValue(uint256,address), repayDebt(uint256,address) | report=https://github.com/code-423n4/2022-01-insure-findings/issues/272 https://github.com/code-423n4/2022-01-insure-findings/issues/126 | comments=[H-10], [M-01] || sheet=71 | row=27 | abl=B6 | type=TP | finding=[single_var_cross_tx] debts  tx-set -> borrowValue(uint256,address), repayDebt(uint256,address) | report=https://github.com/code-423n4/2022-01-insure-findings/issues/272 https://github.com/code-423n4/2022-01-insure-findings/issues/126 | comments=[H-10], [M-01] || sheet=71 | row=28 | abl=B6 | type=TP | finding=[single_var_cross_tx] debts  tx-set -> offsetDebt(uint256,address), repayDebt(uint256,address) | report=https://github.com/code-423n4/2022-01-insure-findings/issues/228 https://github.com/code-423n4/2022-01-insure-findings/issues/126 | comments=[M-04], [M-01] || sheet=71 | row=29 | abl=B6 | type=FP | finding=[single_var_cross_tx] debts  tx-set -> repayDebt(uint256,address) | report= | comments=Very close to [M-01], but doesn't isolate the multi-var invariant",MV-SI,Type-II-asset-utility,no,NA-no-strict-B0-match,FN7-bucket-adjacent-not-strict,"invariant=Vault totalDebt must remain synchronized with the aggregate outstanding debts across all borrower keys. | entities=totalDebt, debts[_target], debts[other markets], borrowValue()/offsetDebt()/repayDebt() | primary=totalDebt | counterpart=debts mapping across borrower keys | desync=repayDebt() lets an external payer reduce totalDebt for one target while remaining borrower debts are still later consumed by market functions. | sink=accounting/DoS | impact=DoS | attacker=unprivileged | label_notes=MV-SI debt-accounting case, but B0 rows only expose adjacent single-mapping debts interactions or explicitly note they do not isolate the multi-var invariant. | strict_match=Same-finding B0 rows exist for debts, but none strictly match totalDebt versus aggregate per-borrower debt synchronization; row 5 explicitly notes it does not isolate the multi-var invariant."
71,71,WEB3BUGS-71-M-02,Code4rena,Medium,,2022-03-15,https://github.com/code-423n4/2022-01-insure-findings/issues/160,2022-01-insure#m-02,2022-01-insure,M-02,insure,Owner can call applyCover multiple times in PoolTemplate.sol,"PoolTemplate.applyCover() lacks a Trading-state guard, so the owner can re-enter the same payout state and extend pendingEnd repeatedly.","Owner calls applyCover() while already Payingout, extending the payout period and preventing resume().",Require marketStatus == Trading before applying cover.,Web3Bugs report 71.md; Code4rena report; GitHub issue 160; PoolTemplate.sol,yes,,SV-SI,NA,not_applicable,NA-not-MVSI,NA-not-MVSI,"invariant=A pool payout state should not be re-applied while the same market is already Payingout. | entities=marketStatus, pendingEnd, incident fields | primary=PoolTemplate.marketStatus/pendingEnd | counterpart=same pool payout state | desync=applyCover() overwrites the same payout state without checking the current marketStatus. | sink=state-transition/availability | impact=DoS | attacker=privileged owner | label_notes=Classified SV-SI rather than MV-SI: the bug is a repeated same-state transition/guard failure, not a stale n>=2 coupled-state invariant. | strict_match=Not in MV-SI recall denominator."
71,71,WEB3BUGS-71-M-03,Code4rena,Medium,,2022-03-15,https://github.com/code-423n4/2022-01-insure-findings/issues/184,2022-01-insure#m-03,2022-01-insure,M-03,insure,Signature replay,"Redeem proof binding uses target and insured only, so a future incident timestamp can let a later insurance reuse the same proof.","If the owner creates a future-dated incident, a user can buy matching cover afterward and redeem against the old proof.",Validate incidentTimestamp is in the past and bind proof data tightly to the relevant policy/incident.,Web3Bugs report 71.md; Code4rena report; GitHub issue 184; PoolTemplate.sol,yes,,other-logical-bug,NA,not_applicable,NA-not-MVSI,NA-not-MVSI,"invariant=Redemption proofs must be bound to the incident and policy window they are meant to authorize. | entities=incident timestamp/root, insurance target/insured, Merkle proof leaf | primary=proof binding | counterpart=insurance policy timing | external_proxy=Merkle proof | desync=The proof omits policy-specific timing and relies on owner-supplied incident timestamp. | sink=authorization | impact=loss | attacker=state-dependent | label_notes=Cryptographic/proof-binding and owner timestamp validation bug; not MV-SI/SV-SI synchronization. | strict_match=Not in MV-SI recall denominator."
71,71,WEB3BUGS-71-M-04,Code4rena,Medium,,2022-03-15,https://github.com/code-423n4/2022-01-insure-findings/issues/228,2022-01-insure#m-04,2022-01-insure,M-04,insure,System Debt Is Not Handled When Insurance Pools Become Insolvent,"When resume() cannot cover a shortage, Vault.transferDebt() moves market debt to debts[address(0)] without a real synchronized repayment/settlement mechanism.","After an insolvent payout path, shortage debt becomes system debt and remains outside an effective repayment flow, destabilizing vault debt accounting.","Add a concrete mechanism to settle system debt, such as a protocol backstop/mint path, and keep debt accounting synchronized.",Web3Bugs report 71.md; Code4rena report; GitHub issue 228; PoolTemplate.sol; Vault.sol; IndexTemplate.sol,yes,"sheet=71 | row=3 | abl=B0 | type=TP | finding=[single_var_cross_tx] debts  tx-set -> offsetDebt(uint256,address), repayDebt(uint256,address) | report=https://github.com/code-423n4/2022-01-insure-findings/issues/228 https://github.com/code-423n4/2022-01-insure-findings/issues/126 | comments=[M-04], [M-01] || sheet=71 | row=4 | abl=B0 | type=TP | finding=[single_var_cross_tx] debts  tx-set -> repayDebt(uint256,address), transferDebt(uint256) | report=https://github.com/code-423n4/2022-01-insure-findings/issues/228 | comments=Cleanest match to [M-04] || sheet=71 | row=9 | abl=B1 | type=TP | finding=[single_var_cross_tx] debts  tx-set -> offsetDebt(uint256,address), repayDebt(uint256,address) | report=https://github.com/code-423n4/2022-01-insure-findings/issues/228 https://github.com/code-423n4/2022-01-insure-findings/issues/126 | comments=[M-04], [M-01] || sheet=71 | row=11 | abl=B1 | type=TP | finding=[single_var_cross_tx] debts  tx-set -> repayDebt(uint256,address), transferDebt(uint256) | report=https://github.com/code-423n4/2022-01-insure-findings/issues/228 | comments=Cleanest match to [M-04] || sheet=71 | row=15 | abl=B2 | type=TP | finding=[single_var_cross_tx] debts  tx-set -> repayDebt(uint256,address), transferDebt(uint256) | report=https://github.com/code-423n4/2022-01-insure-findings/issues/228 | comments=Cleanest match to [M-04] || sheet=71 | row=18 | abl=B2 | type=TP | finding=[single_var_cross_tx] debts  tx-set -> offsetDebt(uint256,address), repayDebt(uint256,address) | report=https://github.com/code-423n4/2022-01-insure-findings/issues/228 https://github.com/code-423n4/2022-01-insure-findings/issues/126 | comments=[M-04], [M-01] || sheet=71 | row=21 | abl=B3 | type=TP | finding=[single_var_cross_tx] debts  tx-set -> repayDebt(uint256,address), transferDebt(uint256) | report=https://github.com/code-423n4/2022-01-insure-findings/issues/228 | comments=Cleanest match to [M-04] || sheet=71 | row=22 | abl=B3 | type=TP | finding=[single_var_cross_tx] debts  tx-set -> offsetDebt(uint256,address), repayDebt(uint256,address) | report=https://github.com/code-423n4/2022-01-insure-findings/issues/228 https://github.com/code-423n4/2022-01-insure-findings/issues/126 | comments=[M-04], [M-01] || sheet=71 | row=28 | abl=B6 | type=TP | finding=[single_var_cross_tx] debts  tx-set -> offsetDebt(uint256,address), repayDebt(uint256,address) | report=https://github.com/code-423n4/2022-01-insure-findings/issues/228 https://github.com/code-423n4/2022-01-insure-findings/issues/126 | comments=[M-04], [M-01] || sheet=71 | row=30 | abl=B6 | type=TP | finding=[single_var_cross_tx] debts  tx-set -> repayDebt(uint256,address), transferDebt(uint256) | report=https://github.com/code-423n4/2022-01-insure-findings/issues/228 | comments=Cleanest match to [M-04]",MV-SI,Type-II-asset-utility,yes,71:B0:row4,NA-strict-B0-match,"invariant=Market debt, system debt, and repayment/settlement mechanisms must stay synchronized after an insolvent payout transfers debt. | entities=debts[address(pool)], debts[address(0)], totalDebt, PoolTemplate.resume() shortage, repayDebt() | primary=debts[address(0)] system debt | counterpart=market debt and repayment mechanism | external_proxy=PoolTemplate shortage calculation | desync=PoolTemplate.resume() calls transferDebt(_shortage), moving debt to address(0) without synchronizing a viable settlement path. | sink=accounting/solvency | impact=loss | attacker=state-dependent | label_notes=Strict B0 match: row 4 is the B0 debts bucket for repayDebt()/transferDebt() and is explicitly marked the cleanest match to M-04. | strict_match=B0 row 4 is same repo, same system-debt invariant, directly includes transferDebt()/repayDebt(), and reaches the debt-accounting/solvency sink."
71,71,WEB3BUGS-71-M-05,Code4rena,Medium,,2022-03-15,https://github.com/code-423n4/2022-01-insure-findings/issues/236,2022-01-insure#m-05,2022-01-insure,M-05,insure,Vault.sol Tokens with fee on transfer are not supported,Vault.addValue() records the requested transfer amount as balance and attributions even if a fee-on-transfer token sends less.,"Deposits of fee-on-transfer tokens over-credit balance/attributions relative to actual received tokens, letting accounting exceed assets.",Measure token balance before and after transferFrom() and account only for the actual received amount.,Web3Bugs report 71.md; Code4rena report; GitHub issue 236; Vault.sol,yes,,MV-SI,Type-II-asset-utility,no,NA-no-strict-B0-match,FN0-no-same-finding-tag-row,"invariant=Vault internal balance/attributions must stay synchronized with actual tokens received by transferFrom(). | entities=Vault.balance, totalAttributions, attributions[_beneficiary], actual ERC20 balance delta | primary=actual received token balance | counterpart=Vault.balance/attribution accounting | external_proxy=ERC20 fee-on-transfer behavior | desync=addValue() increments accounting by _amount after transferFrom() without measuring the actual balance delta. | sink=accounting/withdrawal | impact=loss | attacker=state-dependent token | label_notes=MV-SI actual-balance/accounting desync. No same-finding MV-Bench row was found. | strict_match=No same-finding MV-Bench row was found for the fee-on-transfer actual-balance/accounting invariant."
71,71,WEB3BUGS-71-M-06,Code4rena,Medium,,2022-03-15,https://github.com/code-423n4/2022-01-insure-findings/issues/354,2022-01-insure#m-06,2022-01-insure,M-06,insure,Index compensate is 0 when totalLiquidity() is enough to cover the whole amount,IndexTemplate.compensate() leaves _compensated at zero in the branch where _value < _amount <= totalLiquidity().,"The function calls vault.offsetDebt(0) instead of compensating the amount, preventing expected debt settlement.",Set _compensated for the middle branch and withdraw pending premium/credit as intended.,Web3Bugs report 71.md; Code4rena report; GitHub issue 354; IndexTemplate.sol,yes,,other-logical-bug,NA,not_applicable,NA-not-MVSI,NA-not-MVSI,"invariant=The compensation branch should set the compensated amount for every solvency case. | entities=_value, _amount, totalLiquidity(), _compensated | primary=local compensation amount | counterpart=branch condition | desync=A missing branch assignment leaves a local amount at the default zero. | sink=accounting | impact=DoS | attacker=state-dependent | label_notes=Control-flow/default-value bug, not a persistent state synchronization invariant. | strict_match=Not in MV-SI recall denominator."
71,71,WEB3BUGS-71-M-07,Code4rena,Medium,,2022-03-15,https://github.com/code-423n4/2022-01-insure-findings/issues/295,2022-01-insure#m-07,2022-01-insure,M-07,insure,requestWithdraw without obligation to withdraw allow underwriter to avoid payout,"Withdrawal requests can be refreshed without forcing withdrawal, letting underwriters keep capital earning premium while reducing practical payout exposure.",Repeatedly request withdrawal around the lockup period to maintain a shorter effective lock while still earning yield.,Extend lockup or force/penalize withdrawal after a request window.,Web3Bugs report 71.md; Code4rena report; GitHub issue 295; PoolTemplate.sol,yes,,other-logical-bug,NA,not_applicable,NA-not-MVSI,NA-not-MVSI,"invariant=Withdrawal lockup design should align premium earning with actual payout exposure. | entities=withdrawalReq timestamp/amount, lockup period, payout exposure | primary=withdrawal timing policy | counterpart=underwriter risk exposure | desync=Users can refresh request timing without committing to withdraw or remain exposed. | sink=economic design | impact=loss | attacker=unprivileged LP | label_notes=Economic/timing design issue, not a strict stale-state synchronization bug. | strict_match=Not in MV-SI recall denominator."
71,71,WEB3BUGS-71-M-08,Code4rena,Medium,,2022-03-15,https://github.com/code-423n4/2022-01-insure-findings/issues/352,2022-01-insure#m-08,2022-01-insure,M-08,insure,Unbounded iteration over all indexes (2),"Protocol functions iterate over all indexes, so large arrays can exceed gas limits.",Grow the index list enough that required transactions fail from gas exhaustion.,"Use bounded iteration, pagination, or caps.",Web3Bugs report 71.md; Code4rena report; GitHub issue 352; PoolTemplate.sol; IndexTemplate.sol,yes,,other-logical-bug,NA,not_applicable,NA-not-MVSI,NA-not-MVSI,"invariant=Core market operations should not require unbounded iteration over attacker-influenced arrays. | entities=indexList, loop gas, core function execution | primary=indexList length | counterpart=block gas limit | desync=Unbounded loop size is consumed by core functions. | sink=DoS | impact=DoS | attacker=state-dependent | label_notes=Unbounded iteration/gas DoS, outside MV-SI/SV-SI stale-state taxonomy. | strict_match=Not in MV-SI recall denominator."
