ablation,positive_keys,union_positive_keys,coverage_vs_union_positive
B0,335,580,0.577586206897
B1,340,580,0.586206896552
B2,331,580,0.570689655172
B3,360,580,0.620689655172
B4,152,580,0.262068965517
B5,0,580,0.000000000000
B6,326,580,0.562068965517
