packet_row_id,source_pool,oracle_id,source_dataset,source_category,source_subcategory,reporting_time,bug_link,finding_slug,contest_slug,finding_id,project_slug,finding_title,source_root_cause,source_exploitation_method,source_fix_strategy,evidence_source,mvbench_b0_candidate_rows,mvbench_all_candidate_rows,annotator_2_semantic_label,annotator_2_mvsi_subtype,annotator_2_strict_b0_match,annotator_2_matched_b0_bucket_id,annotator_2_fn_reason,annotator_2_notes
known-bug::TOSEM-RC-DYNAMIC-DEPENDENT-UPDATE-OMISSION-001,TOSEM-overlap,TOSEM-RC-DYNAMIC-DEPENDENT-UPDATE-OMISSION-001,TOSEM,Dynamic Dependent Update Omission,,2021-08-17,https://code4rena.com/reports/2021-07-wildcredit#h-02-lendingpairliquidateaccount-does-not-accrue-and-update-cumulativeinterestrate,2021-07-wildcredit#h-02,2021-07-wildcredit,H-02,wildcredit,,The accumulated interest rate is not updated during account liquidation.,"Interest calculation error, the borrower bypassed interest payment through self liquidation.",Revise the previous accumulated interest rate update method.,"TOSEM Dynamic Dependent Update Omission row; Web3Bugs/Code4rena report 18 H-02; local code dataset/Web3Bugs/contracts/18/contracts/LendingPair.sol:179-190,246-289,386-394,456-460.","sheet=18 | row=2 | abl=B0 | type=TP | finding=[single_var_cross_tx] lastBlockAccrued tx-set -> accrue() • write contracts/LendingPair.sol:183 (LendingPair.('accrue', [], [])) • read contracts/LendingPair.sol:180 (LendingPair.('accrue', [], [])) | report=https://github.com/code-423n4/2021-07-wildcredit-findings/issues/116 https://github.com/code-423n4/2021-07-wildcredit-findings/issues/122 https://github.com/code-423n4/2021-07-wildcredit-findings/issues/115 https://github.com/code-423n4/2021-07-wildcredit-findings/issues/124 | comments=Hinges on H-01/H-02/M-04/L-04 but doesn't introduce a specific surface using just this finding. Marking TP for the bugs that can be surfaced from this finding","sheet=18 | row=2 | abl=B0 | type=TP | finding=[single_var_cross_tx] lastBlockAccrued tx-set -> accrue() • write contracts/LendingPair.sol:183 (LendingPair.('accrue', [], [])) • read contracts/LendingPair.sol:180 (LendingPair.('accrue', [], [])) | report=https://github.com/code-423n4/2021-07-wildcredit-findings/issues/116 https://github.com/code-423n4/2021-07-wildcredit-findings/issues/122 https://github.com/code-423n4/2021-07-wildcredit-findings/issues/115 https://github.com/code-423n4/2021-07-wildcredit-findings/issues/124 | comments=Hinges on H-01/H-02/M-04/L-04 but doesn't introduce a specific surface using just this finding. Marking TP for the bugs that can be surfaced from this finding

---

sheet=18 | row=4 | abl=B1 | type=TP | finding=[single_var_cross_tx] lastBlockAccrued tx-set -> accrue() • write contracts/LendingPair.sol:183 (LendingPair.('accrue', [], [])) • read contracts/LendingPair.sol:180 (LendingPair.('accrue', [], [])) | report=https://github.com/code-423n4/2021-07-wildcredit-findings/issues/116 https://github.com/code-423n4/2021-07-wildcredit-findings/issues/122 https://github.com/code-423n4/2021-07-wildcredit-findings/issues/115 https://github.com/code-423n4/2021-07-wildcredit-findings/issues/124 | comments=Hinges on H-01/H-02/M-04/L-04 but doesn't introduce a specific surface using just this finding. Marking TP for the bugs that can be surfaced from this finding

---

sheet=18 | row=6 | abl=B2 | type=TP | finding=[single_var_cross_tx] lastBlockAccrued tx-set -> accrue() • write contracts/LendingPair.sol:183 (LendingPair.('accrue', [], [])) • read contracts/LendingPair.sol:180 (LendingPair.('accrue', [], [])) | report=https://github.com/code-423n4/2021-07-wildcredit-findings/issues/116 https://github.com/code-423n4/2021-07-wildcredit-findings/issues/122 https://github.com/code-423n4/2021-07-wildcredit-findings/issues/115 https://github.com/code-423n4/2021-07-wildcredit-findings/issues/124 | comments=Hinges on H-01/H-02/M-04/L-04 but doesn't introduce a specific surface using just this finding. Marking TP for the bugs that can be surfaced from this finding

---

sheet=18 | row=8 | abl=B3 | type=TP | finding=[single_var_cross_tx] lastBlockAccrued tx-set -> accrue() • write contracts/LendingPair.sol:183 (LendingPair.('accrue', [], [])) • read contracts/LendingPair.sol:180 (LendingPair.('accrue', [], [])) | report=https://github.com/code-423n4/2021-07-wildcredit-findings/issues/116 https://github.com/code-423n4/2021-07-wildcredit-findings/issues/122 https://github.com/code-423n4/2021-07-wildcredit-findings/issues/115 https://github.com/code-423n4/2021-07-wildcredit-findings/issues/124 | comments=Hinges on H-01/H-02/M-04/L-04 but doesn't introduce a specific surface using just this finding. Marking TP for the bugs that can be surfaced from this finding

---

sheet=18 | row=10 | abl=B4 | type=TP | finding=[single_var_cross_tx] lastBlockAccrued tx-set -> accrue() • write contracts/LendingPair.sol:183 (LendingPair.('accrue', [], [])) • read contracts/LendingPair.sol:180 (LendingPair.('accrue', [], [])) | report=https://github.com/code-423n4/2021-07-wildcredit-findings/issues/116 https://github.com/code-423n4/2021-07-wildcredit-findings/issues/122 https://github.com/code-423n4/2021-07-wildcredit-findings/issues/115 https://github.com/code-423n4/2021-07-wildcredit-findings/issues/124 | comments=Hinges on H-01/H-02/M-04/L-04 but doesn't introduce a specific surface using just this finding. Marking TP for the bugs that can be surfaced from this finding

---

sheet=18 | row=11 | abl=B6 | type=TP | finding=[single_var_cross_tx] lastBlockAccrued tx-set -> accrue() • write contracts/LendingPair.sol:183 (LendingPair.('accrue', [], [])) • read contracts/LendingPair.sol:180 (LendingPair.('accrue', [], [])) | report=https://github.com/code-423n4/2021-07-wildcredit-findings/issues/116 https://github.com/code-423n4/2021-07-wildcredit-findings/issues/122 https://github.com/code-423n4/2021-07-wildcredit-findings/issues/115 https://github.com/code-423n4/2021-07-wildcredit-findings/issues/124 | comments=Hinges on H-01/H-02/M-04/L-04 but doesn't introduce a specific surface using just this finding. Marking TP for the bugs that can be surfaced from this finding",,,,,,
known-bug::TOSEM-RC-DYNAMIC-DEPENDENT-UPDATE-OMISSION-002,TOSEM-overlap,TOSEM-RC-DYNAMIC-DEPENDENT-UPDATE-OMISSION-002,TOSEM,Dynamic Dependent Update Omission,,2021-09-15,https://code4rena.com/reports/2021-07-pooltogether#h-03-setyieldsource-leads-to-temporary-wrong-results,2021-07-pooltogether#h-03,2021-07-pooltogether,H-03,pooltogether,,Token balances are not promptly updated when the contract switches revenue sources.,"The calculation of balance and shares is incorrect, resulting in users receiving undeserved shares.","Remove calls to the external functions transferFunds and setYieldSource, and restrict swapYieldSource to owner-only access.","TOSEM Dynamic Dependent Update Omission row; Web3Bugs/Code4rena report 24 H-03; local code dataset/Web3Bugs/contracts/24/in_scope/SwappableYieldSource.sol:148-176,208-226,254-310.",,,,,,,,
known-bug::TOSEM-RC-DYNAMIC-DEPENDENT-UPDATE-OMISSION-004,TOSEM-overlap,TOSEM-RC-DYNAMIC-DEPENDENT-UPDATE-OMISSION-004,TOSEM,Dynamic Dependent Update Omission,,2022-01-26,https://code4rena.com/reports/2021-09-defiprotocol#h-02-basketsolauctionburn-a-failed-auction-will-freeze-part-of-the-funds,2021-09-defiprotocol#h-02,2021-09-defiprotocol,H-02,defiprotocol,,The auctionBurn function does not update ibRatio when burning auction bonds.,"The calculation of total supply was incorrect, resulting in some assets being frozen.",Update ibRatio based on the withdrawn amount in the auctionBurn function.,"TOSEM Dynamic Dependent Update Omission row; Web3Bugs/Code4rena report 36 H-02; local code dataset/Web3Bugs/contracts/36/contracts/contracts/Basket.sol:89-125,216-240.",,"sheet=36contracts | row=44 | abl=B1 | type=TP | finding=[single_var_cross_tx] ibRatio tx-set -> bondForRebalance(), updateIBRatio(uint256) • write contracts/Basket.sol:217 (Basket.('updateIBRatio', ['uint256'], ['uint256'])) • read contracts/Basket.sol:239 (Basket.('pullUnderlying', ['uint256', 'address'], [])) | report=https://github.com/code-423n4/2021-09-defiprotocol-findings/issues/223 https://github.com/code-423n4/2021-09-defiprotocol-findings/issues/223 | comments=[H-01], [H-02]

---

sheet=36contracts | row=91 | abl=B3 | type=TP | finding=[single_var_cross_tx] ibRatio tx-set -> updateIBRatio(uint256) • write contracts/Basket.sol:217 (Basket.('updateIBRatio', ['uint256'], ['uint256'])) • read contracts/Basket.sol:219 (Basket.('updateIBRatio', ['uint256'], ['uint256'])) | report=https://github.com/code-423n4/2021-09-defiprotocol-findings/issues/134 https://github.com/code-423n4/2021-09-defiprotocol-findings/issues/134 | comments=[H-02]",,,,,,
known-bug::TOSEM-RC-DYNAMIC-DEPENDENT-UPDATE-OMISSION-007,TOSEM-overlap,TOSEM-RC-DYNAMIC-DEPENDENT-UPDATE-OMISSION-007,TOSEM,Dynamic Dependent Update Omission,,2022-02-09,https://code4rena.com/reports/2021-12-mellow#h-04-aavevault-does-not-update-tvl-on-depositwithdraw,2021-12-mellow#h-04,2021-12-mellow,H-04,mellow,,The total value locked (TVL) is not promptly updated when users deposit or withdraw.,Wrong token share calculated using outdated TVL.,"First update the TVL, then proceed with other operations when depositing or withdrawing tokens.",TOSEM Dynamic Dependent Update Omission row; Web3Bugs/Code4rena report 58 H-04; local code dataset/Web3Bugs/contracts/58/mellow-vaults/contracts/AaveVault.sol:25-94 and dataset/Web3Bugs/contracts/58/mellow-vaults/contracts/LpIssuer.sol:84-128.,,,,,,,,
known-bug::TOSEM-RC-DYNAMIC-DEPENDENT-UPDATE-OMISSION-009,TOSEM-overlap,TOSEM-RC-DYNAMIC-DEPENDENT-UPDATE-OMISSION-009,TOSEM,Dynamic Dependent Update Omission,,2022-05-03,https://code4rena.com/reports/2021-12-vader#h-10-previousprices-is-never-updated-upon-syncing-token-price,2021-12-vader#h-10,2021-12-vader,H-10,vader,,The syncVaderPrice function does not update previousPrices after synchronizing prices.,The attacker uses the lagged previousPrices to calculate the liquidity assessment and manipulate the liquidity share.,Update the previousPrices array after price synchronization.,"TOSEM Dynamic Dependent Update Omission row; Web3Bugs/Code4rena report 70 H-10; local code dataset/Web3Bugs/contracts/70/contracts/lbt/LiquidityBasedTWAP.sol:113-189,221-234,316-382,415-427.","sheet=70 | row=2 | abl=B0 | type=TP | finding=[multi_var_cross_contract] twapData, maxUpdateWindow tx-set -> getChainlinkPrice(address) • write lbt/LiquidityBasedTWAP.sol:484 (LiquidityBasedTWAP.('_addUSDVPair', ['IERC20', 'IAggregatorV3', 'uint256'], [])) • write lbt/LiquidityBasedTWAP.sol:490 (LiquidityBasedTWAP.('_addUSDVPair', ['IERC20', 'IAggregatorV3', 'uint256'], [])) • read lbt/LiquidityBasedTWAP.sol:201 (LiquidityBasedTWAP.('_calculateVaderPrice', ['uint256[]', 'uint256'], ['uint256'])) • read lbt/LiquidityBasedTWAP.sol:395 (LiquidityBasedTWAP.('_calculateUSDVPrice', ['uint256[]', 'uint256'], ['uint256'])) | report=https://github.com/code-423n4/2021-12-vader-findings/issues/160 https://github.com/code-423n4/2021-12-vader-findings/issues/160 | comments=[M-02] oracle replacement risk; interacts with [H-11], [H-03], [H-05], [H-10]","sheet=70 | row=2 | abl=B0 | type=TP | finding=[multi_var_cross_contract] twapData, maxUpdateWindow tx-set -> getChainlinkPrice(address) • write lbt/LiquidityBasedTWAP.sol:484 (LiquidityBasedTWAP.('_addUSDVPair', ['IERC20', 'IAggregatorV3', 'uint256'], [])) • write lbt/LiquidityBasedTWAP.sol:490 (LiquidityBasedTWAP.('_addUSDVPair', ['IERC20', 'IAggregatorV3', 'uint256'], [])) • read lbt/LiquidityBasedTWAP.sol:201 (LiquidityBasedTWAP.('_calculateVaderPrice', ['uint256[]', 'uint256'], ['uint256'])) • read lbt/LiquidityBasedTWAP.sol:395 (LiquidityBasedTWAP.('_calculateUSDVPrice', ['uint256[]', 'uint256'], ['uint256'])) | report=https://github.com/code-423n4/2021-12-vader-findings/issues/160 https://github.com/code-423n4/2021-12-vader-findings/issues/160 | comments=[M-02] oracle replacement risk; interacts with [H-11], [H-03], [H-05], [H-10]

---

sheet=70 | row=42 | abl=B1 | type=TP | finding=[multi_var_cross_contract] twapData, maxUpdateWindow tx-set -> getChainlinkPrice(address) • write lbt/LiquidityBasedTWAP.sol:490 (LiquidityBasedTWAP.('_addUSDVPair', ['IERC20', 'IAggregatorV3', 'uint256'], [])) • write lbt/LiquidityBasedTWAP.sol:297 (LiquidityBasedTWAP.('_addVaderPair', ['IUniswapV2Pair', 'IAggregatorV3', 'uint256'], [])) • read lbt/LiquidityBasedTWAP.sol:303 (LiquidityBasedTWAP.('_addVaderPair', ['IUniswapV2Pair', 'IAggregatorV3', 'uint256'], [])) • read lbt/LiquidityBasedTWAP.sol:395 (LiquidityBasedTWAP.('_calculateUSDVPrice', ['uint256[]', 'uint256'], ['uint256'])) | report=https://github.com/code-423n4/2021-12-vader-findings/issues/160 https://github.com/code-423n4/2021-12-vader-findings/issues/160 | comments=[M-02] oracle replacement risk; interacts with [H-11], [H-03], [H-05], [H-10]

---

sheet=70 | row=89 | abl=B2 | type=TP | finding=[multi_var_cross_contract] twapData, maxUpdateWindow tx-set -> getChainlinkPrice(address) • write lbt/LiquidityBasedTWAP.sol:490 (LiquidityBasedTWAP.('_addUSDVPair', ['IERC20', 'IAggregatorV3', 'uint256'], [])) • write lbt/LiquidityBasedTWAP.sol:297 (LiquidityBasedTWAP.('_addVaderPair', ['IUniswapV2Pair', 'IAggregatorV3', 'uint256'], [])) • read lbt/LiquidityBasedTWAP.sol:303 (LiquidityBasedTWAP.('_addVaderPair', ['IUniswapV2Pair', 'IAggregatorV3', 'uint256'], [])) • read lbt/LiquidityBasedTWAP.sol:490 (LiquidityBasedTWAP.('_addUSDVPair', ['IERC20', 'IAggregatorV3', 'uint256'], [])) | report=https://github.com/code-423n4/2021-12-vader-findings/issues/160 https://github.com/code-423n4/2021-12-vader-findings/issues/160 | comments=[M-02] oracle replacement risk; interacts with [H-11], [H-03], [H-05], [H-10]

---

sheet=70 | row=124 | abl=B3 | type=TP | finding=[multi_var_cross_contract] twapData, maxUpdateWindow tx-set -> getChainlinkPrice(address) • write lbt/LiquidityBasedTWAP.sol:303 (LiquidityBasedTWAP.('_addVaderPair', ['IUniswapV2Pair', 'IAggregatorV3', 'uint256'], [])) • write lbt/LiquidityBasedTWAP.sol:297 (LiquidityBasedTWAP.('_addVaderPair', ['IUniswapV2Pair', 'IAggregatorV3', 'uint256'], [])) • read lbt/LiquidityBasedTWAP.sol:395 (LiquidityBasedTWAP.('_calculateUSDVPrice', ['uint256[]', 'uint256'], ['uint256'])) • read lbt/LiquidityBasedTWAP.sol:201 (LiquidityBasedTWAP.('_calculateVaderPrice', ['uint256[]', 'uint256'], ['uint256'])) | report=https://github.com/code-423n4/2021-12-vader-findings/issues/160 https://github.com/code-423n4/2021-12-vader-findings/issues/160 | comments=[M-02] oracle replacement risk; interacts with [H-11], [H-03], [H-05], [H-10]

---

sheet=70 | row=171 | abl=B4 | type=TP | finding=[single_var_cross_tx] maxUpdateWindow tx-set -> getChainlinkPrice(address) • write lbt/LiquidityBasedTWAP.sol:490 (LiquidityBasedTWAP.('_addUSDVPair', ['IERC20', 'IAggregatorV3', 'uint256'], [])) • write lbt/LiquidityBasedTWAP.sol:303 (LiquidityBasedTWAP.('_addVaderPair', ['IUniswapV2Pair', 'IAggregatorV3', 'uint256'], [])) • read lbt/LiquidityBasedTWAP.sol:490 (LiquidityBasedTWAP.('_addUSDVPair', ['IERC20', 'IAggregatorV3', 'uint256'], [])) • read lbt/LiquidityBasedTWAP.sol:303 (LiquidityBasedTWAP.('_addVaderPair', ['IUniswapV2Pair', 'IAggregatorV3', 'uint256'], [])) | report=https://github.com/code-423n4/2021-12-vader-findings/issues/160 https://github.com/code-423n4/2021-12-vader-findings/issues/160 | comments=[M-02] oracle replacement risk; interacts with [H-11], [H-03], [H-05], [H-10]

---

sheet=70 | row=193 | abl=B6 | type=TP | finding=[multi_var_cross_contract] twapData, maxUpdateWindow tx-set -> getChainlinkPrice(address) • write lbt/LiquidityBasedTWAP.sol:303 (LiquidityBasedTWAP.('_addVaderPair', ['IUniswapV2Pair', 'IAggregatorV3', 'uint256'], [])) • write lbt/LiquidityBasedTWAP.sol:297 (LiquidityBasedTWAP.('_addVaderPair', ['IUniswapV2Pair', 'IAggregatorV3', 'uint256'], [])) • read lbt/LiquidityBasedTWAP.sol:303 (LiquidityBasedTWAP.('_addVaderPair', ['IUniswapV2Pair', 'IAggregatorV3', 'uint256'], [])) • read lbt/LiquidityBasedTWAP.sol:201 (LiquidityBasedTWAP.('_calculateVaderPrice', ['uint256[]', 'uint256'], ['uint256'])) | report=https://github.com/code-423n4/2021-12-vader-findings/issues/160 https://github.com/code-423n4/2021-12-vader-findings/issues/160 | comments=[M-02] oracle replacement risk; interacts with [H-11], [H-03], [H-05], [H-10]",,,,,,
known-bug::TOSEM-RC-DYNAMIC-DEPENDENT-UPDATE-OMISSION-010,TOSEM-overlap,TOSEM-RC-DYNAMIC-DEPENDENT-UPDATE-OMISSION-010,TOSEM,Dynamic Dependent Update Omission,,2022-05-24,https://code4rena.com/reports/2022-02-concur#h-01-wrong-reward-token-calculation-in-masterchef-contract,2022-02-concur#h-01,2022-02-concur,H-01,concur,,The reward distribution for old pools is not updated when adding new token pools.,Users are unable to accurately calculate the rewards they deserve.,Call massUpdate() to refresh rewards for all existing pools before adding a new one.,TOSEM Dynamic Dependent Update Omission row; Web3Bugs/Code4rena report 83 H-01; local code dataset/Web3Bugs/contracts/83/contracts/MasterChef.sol:86-154.,"sheet=83 | row=9 | abl=B0 | type=TP | finding=[single_var_cross_tx] poolInfo tx-set -> massUpdatePools(), updatePool(uint256) • write contracts/MasterChef.sol:153 (MasterChef.('updatePool', ['uint256'], [])) • read contracts/MasterChef.sol:128 (MasterChef.('massUpdatePools', [], [])) | report= | comments=[H-01] missing updates when adding pools, and multiple updatePool reward-accounting issues","sheet=83 | row=9 | abl=B0 | type=TP | finding=[single_var_cross_tx] poolInfo tx-set -> massUpdatePools(), updatePool(uint256) • write contracts/MasterChef.sol:153 (MasterChef.('updatePool', ['uint256'], [])) • read contracts/MasterChef.sol:128 (MasterChef.('massUpdatePools', [], [])) | report= | comments=[H-01] missing updates when adding pools, and multiple updatePool reward-accounting issues

---

sheet=83 | row=44 | abl=B1 | type=TP | finding=[single_var_cross_tx] poolInfo tx-set -> massUpdatePools(), updatePool(uint256) • write contracts/MasterChef.sol:146 (MasterChef.('updatePool', ['uint256'], [])) • read contracts/MasterChef.sol:128 (MasterChef.('massUpdatePools', [], [])) | report= | comments=[H-01] missing updates when adding pools, and multiple updatePool reward-accounting issues

---

sheet=83 | row=81 | abl=B2 | type=TP | finding=[single_var_cross_tx] poolInfo tx-set -> massUpdatePools(), updatePool(uint256) • write contracts/MasterChef.sol:146 (MasterChef.('updatePool', ['uint256'], [])) • read contracts/MasterChef.sol:128 (MasterChef.('massUpdatePools', [], [])) | report= | comments=[H-01] missing updates when adding pools, and multiple updatePool reward-accounting issues

---

sheet=83 | row=113 | abl=B3 | type=TP | finding=[single_var_cross_tx] poolInfo tx-set -> massUpdatePools(), updatePool(uint256) • write contracts/MasterChef.sol:153 (MasterChef.('updatePool', ['uint256'], [])) • read contracts/MasterChef.sol:128 (MasterChef.('massUpdatePools', [], [])) | report= | comments=[H-01] missing updates when adding pools, and multiple updatePool reward-accounting issues

---

sheet=83 | row=159 | abl=B6 | type=TP | finding=[multi_var_cross_contract] poolInfo, pid tx-set -> updatePool(uint256) • write contracts/MasterChef.sol:142 (MasterChef.('updatePool', ['uint256'], [])) • write contracts/MasterChef.sol:100 (MasterChef.('add', ['address', 'uint256', 'uint16', 'uint256'], [])) • read contracts/MasterChef.sol:136 (MasterChef.('updatePool', ['uint256'], [])) • read contracts/MasterChef.sol:90 (MasterChef.('add', ['address', 'uint256', 'uint16', 'uint256'], [])) | report= | comments=[H-01] missing updates when adding pools, and multiple updatePool reward-accounting issues

---

sheet=83 | row=161 | abl=B6 | type=TP | finding=[single_var_cross_tx] poolInfo tx-set -> massUpdatePools(), updatePool(uint256) • write contracts/MasterChef.sol:142 (MasterChef.('updatePool', ['uint256'], [])) • read contracts/MasterChef.sol:128 (MasterChef.('massUpdatePools', [], [])) | report= | comments=[H-01] missing updates when adding pools, and multiple updatePool reward-accounting issues",,,,,,
known-bug::TOSEM-RC-DYNAMIC-DEPENDENT-UPDATE-OMISSION-011,TOSEM-overlap,TOSEM-RC-DYNAMIC-DEPENDENT-UPDATE-OMISSION-011,TOSEM,Dynamic Dependent Update Omission,,2022-06-02,https://code4rena.com/reports/2022-04-backd#h-02-function-lockfunds-in-topupactionlibrary-can-cause-serious-fund-lose-fee-and-capped-bypass-its-not-calling-stakervaultincreaseactionlockedbalance-when-transfers-stakes,2022-04-backd#h-02,2022-04-backd,H-02,backd,,The actionLockedBalances[payer] is not updated for the payer when transferring stakes.,stakedAndActionLockedBalanceOf() calculates wrong balance,Call stakerVault.increaseActionLockedBalance to update after transferring funds.,TOSEM Dynamic Dependent Update Omission row; Web3Bugs/Code4rena report 112 H-02; local code dataset/Web3Bugs/contracts/112/backd/contracts/actions/topup/TopUpAction.sol:36-67 and dataset/Web3Bugs/contracts/112/backd/contracts/StakerVault.sol:133-210.,,"sheet=112backd | row=199 | abl=B3 | type=TP | finding=[multi_var_cross_contract] {actionLockedBalances, balances} tx-set -> increaseActionLockedBalance(address,uint256), transferFrom(address,address,uint256) • write contracts/StakerVault.sol:169 (StakerVault.('transferFrom', ['address', 'address', 'uint256'], ['bool'])) • read contracts/StakerVault.sol:209 (StakerVault.('increaseActionLockedBalance', ['address', 'uint256'], ['bool'])) | report= | comments=[H-02] Direct match from our original build motivation -- this is a confirmed multi-var invariant matching ground truth from during our initial build of MV-SCAN",,,,,,
known-bug::TOSEM-RC-DYNAMIC-DEPENDENT-UPDATE-OMISSION-012,TOSEM-overlap,TOSEM-RC-DYNAMIC-DEPENDENT-UPDATE-OMISSION-012,TOSEM,Dynamic Dependent Update Omission,,2023-02-17,https://code4rena.com/reports/2022-12-tigris#h-01-locksol-assets-deposited-with-lockextendlock-function-are-lost,2022-12-tigris#h-01,2022-12-tigris,H-01,tigris,,The Lock.extendLock function increases the locked amount but does not update the total locked amount.,An accounting error resulted in the inability to release locked assets added through the extendLock() function in the future.,Update totalLocked[_asset] in Lock.extendLock.,"TOSEM Dynamic Dependent Update Omission row; Web3Bugs/Code4rena report 192 H-01; local code dataset/Web3Bugs/contracts/192/contracts/Lock.sol:19-24,61-105.",,,,,,,,
known-bug::TOSEM-RC-DYNAMIC-DEPENDENT-UPDATE-OMISSION-042,TOSEM-overlap,TOSEM-RC-DYNAMIC-DEPENDENT-UPDATE-OMISSION-042,TOSEM,Dynamic Dependent Update Omission,subtype (state synchronization in permission management),2021-08-30,https://code4rena.com/reports/2021-05-visorfinance#h-02-nft-transfer-approvals-are-not-removed-and-cannot-be-revoked-thus-leading-to-loss-of-nft-tokens,2021-05-visorfinance#h-02,2021-05-visorfinance,H-02,visorfinance,,The granted NFT transaction authorization is not revoked.,"The authorization has not been revoked, and the authorized person can transfer NFTs repeatedly.",Modify the status variables that control the granting or revocation of permissions.,TOSEM permission-management subtype row; Web3Bugs/Code4rena report 10 H-02; local code dataset/Web3Bugs/contracts/10/contracts/contracts/visor/Visor.sol:481-516.,,,,,,,,
known-bug::TOSEM-RC-DYNAMIC-DEPENDENT-UPDATE-OMISSION-043,TOSEM-overlap,TOSEM-RC-DYNAMIC-DEPENDENT-UPDATE-OMISSION-043,TOSEM,Dynamic Dependent Update Omission,subtype (state synchronization in permission management),2021-08-30,https://code4rena.com/reports/2021-05-visorfinance#h-03-approval-for-nft-transfers-is-not-removed-after-transfer,2021-05-visorfinance#h-03,2021-05-visorfinance,H-03,visorfinance,,Failure to clear the approval authorization for NFT resulted in authorized agents being able to transfer the NFT multiple times.,The NFT authorization is not reset.,Reset the approval on transfer.,TOSEM permission-management subtype row; Web3Bugs/Code4rena report 10 H-03; local code dataset/Web3Bugs/contracts/10/contracts/contracts/visor/Visor.sol:481-516.,,,,,,,,
known-bug::TOSEM-RC-DYNAMIC-DEPENDENT-UPDATE-OMISSION-044,TOSEM-overlap,TOSEM-RC-DYNAMIC-DEPENDENT-UPDATE-OMISSION-044,TOSEM,Dynamic Dependent Update Omission,subtype (state synchronization in permission management),2022-04-20,https://code4rena.com/reports/2021-11-unlock#h-03-mixintransfersoltransferfrom-wrong-implementation-can-potentially-allows-attackers-to-reverse-transfer-and-cause-fund-loss-to-the-users,2021-11-unlock#h-03,2021-11-unlock,H-03,unlock,,The key manager is not reset.,"The attacker repeats the transaction after the key transfer, either returning the key to themselves or transferring it to other recipients.",Reset the key manager in the transferFrom function.,TOSEM permission-management subtype row; Web3Bugs/Code4rena report 54 H-03; local code dataset/Web3Bugs/contracts/54/smart-contracts/contracts/mixins/MixinTransfer.sol:109-147 and dataset/Web3Bugs/contracts/54/smart-contracts/contracts/mixins/MixinKeys.sol:221-229.,,,,,,,,
known-bug::TOSEM-RC-DYNAMIC-DEPENDENT-UPDATE-OMISSION-045,TOSEM-overlap,TOSEM-RC-DYNAMIC-DEPENDENT-UPDATE-OMISSION-045,TOSEM,Dynamic Dependent Update Omission,subtype (state synchronization in permission management),2022-04-20,https://code4rena.com/reports/2021-11-unlock#h-04-approvals-not-cleared-after-key-transfer,2021-11-unlock#h-04,2021-11-unlock,H-04,unlock,,The _setKeyManagerOf function does not clear single-token approvals.,The attacker repeatedly transfers the key back to themselves from the victim without clearing the previous approval after the key transfer.,Call the _clearApproval function to clear the approval.,"TOSEM permission-management subtype row; Web3Bugs/Code4rena report 54 H-04; local code dataset/Web3Bugs/contracts/54/smart-contracts/contracts/mixins/MixinTransfer.sol:138-147 and dataset/Web3Bugs/contracts/54/smart-contracts/contracts/mixins/MixinKeys.sol:221-229,406-412.",,,,,,,,
known-bug::TOSEM-RC-DYNAMIC-DEPENDENT-UPDATE-OMISSION-046,TOSEM-overlap,TOSEM-RC-DYNAMIC-DEPENDENT-UPDATE-OMISSION-046,TOSEM,Dynamic Dependent Update Omission,subtype (state synchronization in permission management),2022-12-13,https://code4rena.com/reports/2022-07-ens#h-02-the-expiry-of-the-parent-node-can-be-smaller-than-the-one-of-a-child-node-violating-the-guarantee-policy,2022-07-ens#h-02,2022-07-ens,H-02,ens,,Child node states are not considered when unwrapping the parent node.,"When unblocking child nodes, the original expiration time management mechanism was disrupted.",Add proper constraints when setting child node expiration times and destroy the parent node's CANNOT_UNWRAP permission.,"TOSEM permission-management subtype row; Web3Bugs/Code4rena report 145 H-02; local code dataset/Web3Bugs/contracts/145/contracts/wrapper/NameWrapper.sol:356-365,504-525,825-843,867-879,918-932.",,,,,,,,
known-bug::TOSEM-RC-INCORRECT-LOGIC-UPDATE-003,TOSEM-overlap,TOSEM-RC-INCORRECT-LOGIC-UPDATE-003,TOSEM,Incorrect Logic Update,,2022-03-24,https://code4rena.com/reports/2022-01-behodler#h-04-logic-error-in-burnflashgovernanceasset-can-cause-locked-assets-to-be-stolen,2022-01-behodler#h-04,2022-01-behodler,H-04,behodler,,Reset the user's pendingFlashDecision to default configuration when processing pending governance decisions.,The attacker repeatedly calls withdrawGovernanceAsset to steal funds.,Properly clear the user's pendingFlashDecision state in the burnFlashGovernanceAsset() function.,"TOSEM Incorrect Logic Update row; Web3Bugs/Code4rena report 78 H-04; local code dataset/Web3Bugs/contracts/78/contracts/DAO/FlashGovernanceArbiter.sol:60-79,124-153.","sheet=78 | row=2 | abl=B0 | type=TP | finding=[multi_var_cross_contract] pendingFlashDecision, {flashGovernanceConfig, pendingFlashDecision} tx-set -> assertGovernanceApproved(address,address,bool), burnFlashGovernanceAsset(address,address,address,uint256) • write contracts/DAO/FlashGovernanceArbiter.sol:134 (FlashGovernanceArbiter.('burnFlashGovernanceAsset', ['address', 'address', 'address', 'uint256'], [])) • write contracts/DAO/FlashGovernanceArbiter.sol:73 (FlashGovernanceArbiter.('assertGovernanceApproved', ['address', 'address', 'bool'], [])) • read contracts/DAO/FlashGovernanceArbiter.sol:130 (FlashGovernanceArbiter.('burnFlashGovernanceAsset', ['address', 'address', 'address', 'uint256'], [])) • read contracts/DAO/FlashGovernanceArbiter.sol:74 (FlashGovernanceArbiter.('assertGovernanceApproved', ['address', 'address', 'bool'], [])) | report= | comments=[H-04], [M-01], [M-03]

---

sheet=78 | row=5 | abl=B0 | type=TP | finding=[multi_var_cross_contract] pendingFlashDecision, {flashGovernanceConfig, pendingFlashDecision} tx-set -> burnFlashGovernanceAsset(address,address,address,uint256) • write contracts/DAO/FlashGovernanceArbiter.sol:134 (FlashGovernanceArbiter.('burnFlashGovernanceAsset', ['address', 'address', 'address', 'uint256'], [])) • read contracts/DAO/FlashGovernanceArbiter.sol:130 (FlashGovernanceArbiter.('burnFlashGovernanceAsset', ['address', 'address', 'address', 'uint256'], [])) | report= | comments=[H-04], [M-03]

---

sheet=78 | row=6 | abl=B0 | type=TP | finding=[multi_var_cross_contract] pendingFlashDecision, {flashGovernanceConfig, pendingFlashDecision} tx-set -> burnFlashGovernanceAsset(address,address,address,uint256), withdrawGovernanceAsset(address,address) • write contracts/DAO/FlashGovernanceArbiter.sol:134 (FlashGovernanceArbiter.('burnFlashGovernanceAsset', ['address', 'address', 'address', 'uint256'], [])) • read contracts/DAO/FlashGovernanceArbiter.sol:149 (FlashGovernanceArbiter.('withdrawGovernanceAsset', ['address', 'address'], [])) | report= | comments=[H-04]","sheet=78 | row=2 | abl=B0 | type=TP | finding=[multi_var_cross_contract] pendingFlashDecision, {flashGovernanceConfig, pendingFlashDecision} tx-set -> assertGovernanceApproved(address,address,bool), burnFlashGovernanceAsset(address,address,address,uint256) • write contracts/DAO/FlashGovernanceArbiter.sol:134 (FlashGovernanceArbiter.('burnFlashGovernanceAsset', ['address', 'address', 'address', 'uint256'], [])) • write contracts/DAO/FlashGovernanceArbiter.sol:73 (FlashGovernanceArbiter.('assertGovernanceApproved', ['address', 'address', 'bool'], [])) • read contracts/DAO/FlashGovernanceArbiter.sol:130 (FlashGovernanceArbiter.('burnFlashGovernanceAsset', ['address', 'address', 'address', 'uint256'], [])) • read contracts/DAO/FlashGovernanceArbiter.sol:74 (FlashGovernanceArbiter.('assertGovernanceApproved', ['address', 'address', 'bool'], [])) | report= | comments=[H-04], [M-01], [M-03]

---

sheet=78 | row=5 | abl=B0 | type=TP | finding=[multi_var_cross_contract] pendingFlashDecision, {flashGovernanceConfig, pendingFlashDecision} tx-set -> burnFlashGovernanceAsset(address,address,address,uint256) • write contracts/DAO/FlashGovernanceArbiter.sol:134 (FlashGovernanceArbiter.('burnFlashGovernanceAsset', ['address', 'address', 'address', 'uint256'], [])) • read contracts/DAO/FlashGovernanceArbiter.sol:130 (FlashGovernanceArbiter.('burnFlashGovernanceAsset', ['address', 'address', 'address', 'uint256'], [])) | report= | comments=[H-04], [M-03]

---

sheet=78 | row=6 | abl=B0 | type=TP | finding=[multi_var_cross_contract] pendingFlashDecision, {flashGovernanceConfig, pendingFlashDecision} tx-set -> burnFlashGovernanceAsset(address,address,address,uint256), withdrawGovernanceAsset(address,address) • write contracts/DAO/FlashGovernanceArbiter.sol:134 (FlashGovernanceArbiter.('burnFlashGovernanceAsset', ['address', 'address', 'address', 'uint256'], [])) • read contracts/DAO/FlashGovernanceArbiter.sol:149 (FlashGovernanceArbiter.('withdrawGovernanceAsset', ['address', 'address'], [])) | report= | comments=[H-04]

---

sheet=78 | row=31 | abl=B1 | type=TP | finding=[multi_var_cross_contract] pendingFlashDecision, {flashGovernanceConfig, pendingFlashDecision} tx-set -> burnFlashGovernanceAsset(address,address,address,uint256), withdrawGovernanceAsset(address,address) • write contracts/DAO/FlashGovernanceArbiter.sol:134 (FlashGovernanceArbiter.('burnFlashGovernanceAsset', ['address', 'address', 'address', 'uint256'], [])) • read contracts/DAO/FlashGovernanceArbiter.sol:149 (FlashGovernanceArbiter.('withdrawGovernanceAsset', ['address', 'address'], [])) | report= | comments=[H-04]

---

sheet=78 | row=32 | abl=B1 | type=TP | finding=[multi_var_cross_contract] pendingFlashDecision, {flashGovernanceConfig, pendingFlashDecision} tx-set -> assertGovernanceApproved(address,address,bool), burnFlashGovernanceAsset(address,address,address,uint256) • write contracts/DAO/FlashGovernanceArbiter.sol:73 (FlashGovernanceArbiter.('assertGovernanceApproved', ['address', 'address', 'bool'], [])) • write contracts/DAO/FlashGovernanceArbiter.sol:134 (FlashGovernanceArbiter.('burnFlashGovernanceAsset', ['address', 'address', 'address', 'uint256'], [])) • read contracts/DAO/FlashGovernanceArbiter.sol:66 (FlashGovernanceArbiter.('assertGovernanceApproved', ['address', 'address', 'bool'], [])) • read contracts/DAO/FlashGovernanceArbiter.sol:130 (FlashGovernanceArbiter.('burnFlashGovernanceAsset', ['address', 'address', 'address', 'uint256'], [])) | report= | comments=[H-04], [M-01], [M-03]

---

sheet=78 | row=33 | abl=B1 | type=TP | finding=[multi_var_cross_contract] pendingFlashDecision, {flashGovernanceConfig, pendingFlashDecision} tx-set -> burnFlashGovernanceAsset(address,address,address,uint256) • write contracts/DAO/FlashGovernanceArbiter.sol:134 (FlashGovernanceArbiter.('burnFlashGovernanceAsset', ['address', 'address', 'address', 'uint256'], [])) • read contracts/DAO/FlashGovernanceArbiter.sol:130 (FlashGovernanceArbiter.('burnFlashGovernanceAsset', ['address', 'address', 'address', 'uint256'], [])) | report= | comments=[H-04], [M-03]

---

sheet=78 | row=62 | abl=B2 | type=TP | finding=[multi_var_cross_contract] pendingFlashDecision, {flashGovernanceConfig, pendingFlashDecision} tx-set -> assertGovernanceApproved(address,address,bool), burnFlashGovernanceAsset(address,address,address,uint256) • write contracts/DAO/FlashGovernanceArbiter.sol:134 (FlashGovernanceArbiter.('burnFlashGovernanceAsset', ['address', 'address', 'address', 'uint256'], [])) • write contracts/DAO/FlashGovernanceArbiter.sol:73 (FlashGovernanceArbiter.('assertGovernanceApproved', ['address', 'address', 'bool'], [])) • read contracts/DAO/FlashGovernanceArbiter.sol:66 (FlashGovernanceArbiter.('assertGovernanceApproved', ['address', 'address', 'bool'], [])) • read contracts/DAO/FlashGovernanceArbiter.sol:130 (FlashGovernanceArbiter.('burnFlashGovernanceAsset', ['address', 'address', 'address', 'uint256'], [])) | report= | comments=[H-04], [M-01], [M-03]

---

sheet=78 | row=63 | abl=B2 | type=TP | finding=[multi_var_cross_contract] pendingFlashDecision, {flashGovernanceConfig, pendingFlashDecision} tx-set -> burnFlashGovernanceAsset(address,address,address,uint256), withdrawGovernanceAsset(address,address) • write contracts/DAO/FlashGovernanceArbiter.sol:134 (FlashGovernanceArbiter.('burnFlashGovernanceAsset', ['address', 'address', 'address', 'uint256'], [])) • read contracts/DAO/FlashGovernanceArbiter.sol:153 (FlashGovernanceArbiter.('withdrawGovernanceAsset', ['address', 'address'], [])) | report= | comments=[H-04]

---

sheet=78 | row=64 | abl=B2 | type=TP | finding=[multi_var_cross_contract] pendingFlashDecision, {flashGovernanceConfig, pendingFlashDecision} tx-set -> burnFlashGovernanceAsset(address,address,address,uint256) • write contracts/DAO/FlashGovernanceArbiter.sol:134 (FlashGovernanceArbiter.('burnFlashGovernanceAsset', ['address', 'address', 'address', 'uint256'], [])) • read contracts/DAO/FlashGovernanceArbiter.sol:130 (FlashGovernanceArbiter.('burnFlashGovernanceAsset', ['address', 'address', 'address', 'uint256'], [])) | report= | comments=[H-04], [M-03]

---

sheet=78 | row=89 | abl=B3 | type=TP | finding=[multi_var_cross_contract] pendingFlashDecision, {flashGovernanceConfig, pendingFlashDecision} tx-set -> burnFlashGovernanceAsset(address,address,address,uint256), withdrawGovernanceAsset(address,address) • write contracts/DAO/FlashGovernanceArbiter.sol:134 (FlashGovernanceArbiter.('burnFlashGovernanceAsset', ['address', 'address', 'address', 'uint256'], [])) • read contracts/DAO/FlashGovernanceArbiter.sol:143 (FlashGovernanceArbiter.('withdrawGovernanceAsset', ['address', 'address'], [])) | report= | comments=[H-04]

---

sheet=78 | row=90 | abl=B3 | type=TP | finding=[multi_var_cross_contract] pendingFlashDecision, {flashGovernanceConfig, pendingFlashDecision} tx-set -> burnFlashGovernanceAsset(address,address,address,uint256) • write contracts/DAO/FlashGovernanceArbiter.sol:134 (FlashGovernanceArbiter.('burnFlashGovernanceAsset', ['address', 'address', 'address', 'uint256'], [])) • read contracts/DAO/FlashGovernanceArbiter.sol:130 (FlashGovernanceArbiter.('burnFlashGovernanceAsset', ['address', 'address', 'address', 'uint256'], [])) | report= | comments=[H-04], [M-03]

---

sheet=78 | row=91 | abl=B3 | type=TP | finding=[multi_var_cross_contract] pendingFlashDecision, {flashGovernanceConfig, pendingFlashDecision} tx-set -> assertGovernanceApproved(address,address,bool), burnFlashGovernanceAsset(address,address,address,uint256) • write contracts/DAO/FlashGovernanceArbiter.sol:73 (FlashGovernanceArbiter.('assertGovernanceApproved', ['address', 'address', 'bool'], [])) • write contracts/DAO/FlashGovernanceArbiter.sol:134 (FlashGovernanceArbiter.('burnFlashGovernanceAsset', ['address', 'address', 'address', 'uint256'], [])) • read contracts/DAO/FlashGovernanceArbiter.sol:130 (FlashGovernanceArbiter.('burnFlashGovernanceAsset', ['address', 'address', 'address', 'uint256'], [])) • read contracts/DAO/FlashGovernanceArbiter.sol:66 (FlashGovernanceArbiter.('assertGovernanceApproved', ['address', 'address', 'bool'], [])) | report= | comments=[H-04], [M-01], [M-03]

---

sheet=78 | row=119 | abl=B4 | type=TP | finding=[multi_var_cross_contract] pendingFlashDecision, {flashGovernanceConfig, pendingFlashDecision} tx-set -> assertGovernanceApproved(address,address,bool), burnFlashGovernanceAsset(address,address,address,uint256) • write contracts/DAO/FlashGovernanceArbiter.sol:73 (FlashGovernanceArbiter.('assertGovernanceApproved', ['address', 'address', 'bool'], [])) • read contracts/DAO/FlashGovernanceArbiter.sol:130 (FlashGovernanceArbiter.('burnFlashGovernanceAsset', ['address', 'address', 'address', 'uint256'], [])) | report= | comments=[H-04], [M-01], [M-03]

---

sheet=78 | row=120 | abl=B4 | type=TP | finding=[multi_var_cross_contract] pendingFlashDecision, {flashGovernanceConfig, pendingFlashDecision} tx-set -> burnFlashGovernanceAsset(address,address,address,uint256), withdrawGovernanceAsset(address,address) • write contracts/DAO/FlashGovernanceArbiter.sol:134 (FlashGovernanceArbiter.('burnFlashGovernanceAsset', ['address', 'address', 'address', 'uint256'], [])) • read contracts/DAO/FlashGovernanceArbiter.sol:143 (FlashGovernanceArbiter.('withdrawGovernanceAsset', ['address', 'address'], [])) | report= | comments=[H-04]

---

sheet=78 | row=121 | abl=B4 | type=TP | finding=[multi_var_cross_contract] pendingFlashDecision, {flashGovernanceConfig, pendingFlashDecision} tx-set -> burnFlashGovernanceAsset(address,address,address,uint256) • write contracts/DAO/FlashGovernanceArbiter.sol:134 (FlashGovernanceArbiter.('burnFlashGovernanceAsset', ['address', 'address', 'address', 'uint256'], [])) • read contracts/DAO/FlashGovernanceArbiter.sol:130 (FlashGovernanceArbiter.('burnFlashGovernanceAsset', ['address', 'address', 'address', 'uint256'], [])) | report= | comments=[H-04], [M-03]

---

sheet=78 | row=126 | abl=B6 | type=TP | finding=[multi_var_cross_contract] pendingFlashDecision, {flashGovernanceConfig, pendingFlashDecision} tx-set -> assertGovernanceApproved(address,address,bool), burnFlashGovernanceAsset(address,address,address,uint256) • write contracts/DAO/FlashGovernanceArbiter.sol:73 (FlashGovernanceArbiter.('assertGovernanceApproved', ['address', 'address', 'bool'], [])) • write contracts/DAO/FlashGovernanceArbiter.sol:134 (FlashGovernanceArbiter.('burnFlashGovernanceAsset', ['address', 'address', 'address', 'uint256'], [])) • read contracts/DAO/FlashGovernanceArbiter.sol:130 (FlashGovernanceArbiter.('burnFlashGovernanceAsset', ['address', 'address', 'address', 'uint256'], [])) • read contracts/DAO/FlashGovernanceArbiter.sol:74 (FlashGovernanceArbiter.('assertGovernanceApproved', ['address', 'address', 'bool'], [])) | report= | comments=[H-04], [M-01], [M-03]

---

sheet=78 | row=127 | abl=B6 | type=TP | finding=[multi_var_cross_contract] pendingFlashDecision, {flashGovernanceConfig, pendingFlashDecision} tx-set -> burnFlashGovernanceAsset(address,address,address,uint256), withdrawGovernanceAsset(address,address) • write contracts/DAO/FlashGovernanceArbiter.sol:134 (FlashGovernanceArbiter.('burnFlashGovernanceAsset', ['address', 'address', 'address', 'uint256'], [])) • read contracts/DAO/FlashGovernanceArbiter.sol:143 (FlashGovernanceArbiter.('withdrawGovernanceAsset', ['address', 'address'], [])) | report= | comments=[H-04]

---

sheet=78 | row=128 | abl=B6 | type=TP | finding=[multi_var_cross_contract] pendingFlashDecision, {flashGovernanceConfig, pendingFlashDecision} tx-set -> burnFlashGovernanceAsset(address,address,address,uint256) • write contracts/DAO/FlashGovernanceArbiter.sol:134 (FlashGovernanceArbiter.('burnFlashGovernanceAsset', ['address', 'address', 'address', 'uint256'], [])) • read contracts/DAO/FlashGovernanceArbiter.sol:130 (FlashGovernanceArbiter.('burnFlashGovernanceAsset', ['address', 'address', 'address', 'uint256'], [])) | report= | comments=[H-04], [M-03]",,,,,,
known-bug::TOSEM-RC-INCORRECT-LOGIC-UPDATE-034,TOSEM-overlap,TOSEM-RC-INCORRECT-LOGIC-UPDATE-034,TOSEM,Incorrect Logic Update,subtype (Improper Boundary Condition Handling),2021-09-17,https://code4rena.com/reports/2021-08-yield#h-02-erc20rewards-returns-wrong-rewards-if-no-tokens-initially-exist,2021-08-yield#h-02,2021-08-yield,H-02,yield,,The _updateRewardsPerToken function early returns when totalSupply is zero.,"When minting for the first time, the user mistakenly received all the rewards from the previous reward period.",Update lastUpdated even when totalSupply is zero.,TOSEM Incorrect Logic Update row; Web3Bugs/Code4rena report 25 H-02; local code dataset/Web3Bugs/contracts/25/contracts/utils/token/ERC20Rewards.sol:102-121.,,,,,,,,
known-bug::WEB3BUGS-59-H-01,Web3Bugs-Code4rena-complement,WEB3BUGS-59-H-01,Code4rena,High,O1,2022-02-14,https://github.com/code-423n4/2021-11-malt-findings/issues/263,2021-11-malt#h-01,2021-11-malt,H-01,malt,Timelock can be bypassed,"Governor can immediately replace governor and set delay to zero, bypassing the intended timelock process.","Current governor assigns a new governor, sets delay to zero, then exercises privileged operations immediately.",Require timelock self-calls for setGovernor and setDelay and administer roles through the timelock.,Web3Bugs report 59.md; Code4rena report; GitHub issue 263; Timelock.sol,,,,,,,,
known-bug::WEB3BUGS-59-H-02,Web3Bugs-Code4rena-complement,WEB3BUGS-59-H-02,Code4rena,High,SC,2022-02-14,https://github.com/code-423n4/2021-11-malt-findings/issues/323,2021-11-malt#h-02,2021-11-malt,H-02,malt,Unable to remove liquidity in Recovery Mode,"Recovery-mode whitelist is coupled to UniswapHandler, but removeLiquidity sends withdrawn Malt directly to the user, who is not whitelisted.","When recovery mode is active, removing liquidity through the whitelisted handler still triggers Malt transfer verification from the pair to msg.sender and reverts.","Remove liquidity to UniswapHandler first, then forward proceeds through an allowed path.",Web3Bugs report 59.md; Code4rena report; GitHub issue 323; README Recovery Mode docs; UniswapHandler.sol; PoolTransferVerification.sol,,,,,,,,
known-bug::WEB3BUGS-59-H-03,Web3Bugs-Code4rena-complement,WEB3BUGS-59-H-03,Code4rena,High,O5,2022-02-14,https://github.com/code-423n4/2021-11-malt-findings/issues/63,2021-11-malt#h-03,2021-11-malt,H-03,malt,getAuctionCore function returns wrong values out of order,"AuctionEscapeHatch destructures getAuctionCore return values with one missing comma, binding active to preAuctionReserveRatio.","earlyExitReturn and _calculateMaltRequiredForExit use the wrong returned value when deciding auction-exit behavior, risking user funds.",Correct the tuple destructuring so active is bound to the tenth return value.,Web3Bugs report 59.md; Code4rena report; GitHub issue 63; AuctionEscapeHatch.sol; Auction.sol,"sheet=59src | row=8 | abl=B0 | type=TP | finding=[single_var_cross_tx] idToAuction  tx-set -> getAuctionCore(uint256), purchaseArbitrageTokens(uint256)   • write  contracts/Auction.sol:197  (Auction.('purchaseArbitrageTokens', ['uint256'], []))   • read  contracts/Auction.sol:516  (Auction.('getAuctionCore', ['uint256'], ['uint256', 'uint256', 'uint256', 'uint256', 'uint256', 'uint256', 'uint256', 'uint256', 'uint256', 'bool'])) | report=https://github.com/code-423n4/2021-11-malt-findings/issues/63 | comments=[H-03] || sheet=59src | row=39 | abl=B0 | type=TP | finding=[single_var_cross_tx] idToAuction  tx-set -> currentPrice(uint256), getAuctionCore(uint256)   • write  contracts/Auction.sol:589  (Auction.('_endAuction', ['uint256'], []))   • read  contracts/Auction.sol:516  (Auction.('getAuctionCore', ['uint256'], ['uint256', 'uint256', 'uint256', 'uint256', 'uint256', 'uint256', 'uint256', 'uint256', 'uint256', 'bool'])) | report=https://github.com/code-423n4/2021-11-malt-findings/issues/63 | comments=Indirectly related to getAuctionCore()","sheet=59src | row=8 | abl=B0 | type=TP | finding=[single_var_cross_tx] idToAuction  tx-set -> getAuctionCore(uint256), purchaseArbitrageTokens(uint256)   • write  contracts/Auction.sol:197  (Auction.('purchaseArbitrageTokens', ['uint256'], []))   • read  contracts/Auction.sol:516  (Auction.('getAuctionCore', ['uint256'], ['uint256', 'uint256', 'uint256', 'uint256', 'uint256', 'uint256', 'uint256', 'uint256', 'uint256', 'bool'])) | report=https://github.com/code-423n4/2021-11-malt-findings/issues/63 | comments=[H-03] || sheet=59src | row=39 | abl=B0 | type=TP | finding=[single_var_cross_tx] idToAuction  tx-set -> currentPrice(uint256), getAuctionCore(uint256)   • write  contracts/Auction.sol:589  (Auction.('_endAuction', ['uint256'], []))   • read  contracts/Auction.sol:516  (Auction.('getAuctionCore', ['uint256'], ['uint256', 'uint256', 'uint256', 'uint256', 'uint256', 'uint256', 'uint256', 'uint256', 'uint256', 'bool'])) | report=https://github.com/code-423n4/2021-11-malt-findings/issues/63 | comments=Indirectly related to getAuctionCore() || sheet=59src | row=82 | abl=B1 | type=TP | finding=[single_var_cross_tx] idToAuction  tx-set -> getAuctionCore(uint256), purchaseArbitrageTokens(uint256)   • write  contracts/Auction.sol:198  (Auction.('purchaseArbitrageTokens', ['uint256'], []))   • read  contracts/Auction.sol:516  (Auction.('getAuctionCore', ['uint256'], ['uint256', 'uint256', 'uint256', 'uint256', 'uint256', 'uint256', 'uint256', 'uint256', 'uint256', 'bool'])) | report=https://github.com/code-423n4/2021-11-malt-findings/issues/63 | comments=[H-03] || sheet=59src | row=117 | abl=B1 | type=TP | finding=[single_var_cross_tx] idToAuction  tx-set -> currentPrice(uint256), getAuctionCore(uint256)   • write  contracts/Auction.sol:589  (Auction.('_endAuction', ['uint256'], []))   • read  contracts/Auction.sol:516  (Auction.('getAuctionCore', ['uint256'], ['uint256', 'uint256', 'uint256', 'uint256', 'uint256', 'uint256', 'uint256', 'uint256', 'uint256', 'bool'])) | report=https://github.com/code-423n4/2021-11-malt-findings/issues/63 | comments=Indirectly related to getAuctionCore() || sheet=59src | row=163 | abl=B2 | type=TP | finding=[single_var_cross_tx] idToAuction  tx-set -> getAuctionCore(uint256), purchaseArbitrageTokens(uint256)   • write  contracts/Auction.sol:197  (Auction.('purchaseArbitrageTokens', ['uint256'], []))   • read  contracts/Auction.sol:516  (Auction.('getAuctionCore', ['uint256'], ['uint256', 'uint256', 'uint256', 'uint256', 'uint256', 'uint256', 'uint256', 'uint256', 'uint256', 'bool'])) | report=https://github.com/code-423n4/2021-11-malt-findings/issues/63 | comments=[H-03] || sheet=59src | row=179 | abl=B2 | type=TP | finding=[single_var_cross_tx] idToAuction  tx-set -> currentPrice(uint256), getAuctionCore(uint256)   • write  contracts/Auction.sol:589  (Auction.('_endAuction', ['uint256'], []))   • read  contracts/Auction.sol:516  (Auction.('getAuctionCore', ['uint256'], ['uint256', 'uint256', 'uint256', 'uint256', 'uint256', 'uint256', 'uint256', 'uint256', 'uint256', 'bool'])) | report=https://github.com/code-423n4/2021-11-malt-findings/issues/63 | comments=Indirectly related to getAuctionCore() || sheet=59src | row=223 | abl=B3 | type=TP | finding=[single_var_cross_tx] idToAuction  tx-set -> getAuctionCore(uint256), purchaseArbitrageTokens(uint256)   • write  contracts/Auction.sol:192  (Auction.('purchaseArbitrageTokens', ['uint256'], []))   • read  contracts/Auction.sol:516  (Auction.('getAuctionCore', ['uint256'], ['uint256', 'uint256', 'uint256', 'uint256', 'uint256', 'uint256', 'uint256', 'uint256', 'uint256', 'bool'])) | report=https://github.com/code-423n4/2021-11-malt-findings/issues/63 | comments=[H-03] || sheet=59src | row=256 | abl=B3 | type=TP | finding=[single_var_cross_tx] idToAuction  tx-set -> currentPrice(uint256), getAuctionCore(uint256)   • write  contracts/Auction.sol:589  (Auction.('_endAuction', ['uint256'], []))   • read  contracts/Auction.sol:516  (Auction.('getAuctionCore', ['uint256'], ['uint256', 'uint256', 'uint256', 'uint256', 'uint256', 'uint256', 'uint256', 'uint256', 'uint256', 'bool'])) | report=https://github.com/code-423n4/2021-11-malt-findings/issues/63 | comments=Indirectly related to getAuctionCore() || sheet=59src | row=306 | abl=B6 | type=TP | finding=[single_var_cross_tx] idToAuction  tx-set -> getAuctionCore(uint256), purchaseArbitrageTokens(uint256)   • write  contracts/Auction.sol:198  (Auction.('purchaseArbitrageTokens', ['uint256'], []))   • read  contracts/Auction.sol:516  (Auction.('getAuctionCore', ['uint256'], ['uint256', 'uint256', 'uint256', 'uint256', 'uint256', 'uint256', 'uint256', 'uint256', 'uint256', 'bool'])) | report=https://github.com/code-423n4/2021-11-malt-findings/issues/63 | comments=[H-03] || sheet=59src | row=325 | abl=B6 | type=TP | finding=[single_var_cross_tx] idToAuction  tx-set -> currentPrice(uint256), getAuctionCore(uint256)   • write  contracts/Auction.sol:589  (Auction.('_endAuction', ['uint256'], []))   • read  contracts/Auction.sol:516  (Auction.('getAuctionCore', ['uint256'], ['uint256', 'uint256', 'uint256', 'uint256', 'uint256', 'uint256', 'uint256', 'uint256', 'uint256', 'bool'])) | report=https://github.com/code-423n4/2021-11-malt-findings/issues/63 | comments=Indirectly related to getAuctionCore()",,,,,,
known-bug::WEB3BUGS-59-H-04,Web3Bugs-Code4rena-complement,WEB3BUGS-59-H-04,Code4rena,High,S6-4,2022-02-14,https://github.com/code-423n4/2021-11-malt-findings/issues/294,2021-11-malt#h-04,2021-11-malt,H-04,malt,AuctionBurnReserveSkew.getPegDeltaFrequency wrong implementation can result in improper Liquidity Extension use,Partial observation windows use auctionAverageLookback as the denominator even when only count observations exist.,"Before the observation ring is full, getPegDeltaFrequency underestimates peg delta frequency and feeds an inaccurate realBurnBudget calculation.",Use count as the denominator while count is less than auctionAverageLookback.,Web3Bugs report 59.md; Code4rena report; GitHub issue 294; AuctionBurnReserveSkew.sol,,,,,,,,
known-bug::WEB3BUGS-59-H-05,Web3Bugs-Code4rena-complement,WEB3BUGS-59-H-05,Code4rena,High,S6-4,2022-02-14,https://github.com/code-423n4/2021-11-malt-findings/issues/268,2021-11-malt#h-05,2021-11-malt,H-05,malt,AuctionEschapeHatch.sol#exitEarly updates state of the auction wrongly,"exitEarly subtracts penalty-adjusted maltQuantity but full amount commitment, corrupting the userMaltPurchased/userCommitment ratio.","A user splits profitable early exits so the ratio rises after each exit, reducing penalties and leaving commitment that can later claim arbitrage.",Redesign auction participation accounting so all proportional fields are updated consistently.,Web3Bugs report 59.md; Code4rena report; GitHub issue 268; AuctionEscapeHatch.sol; Auction.sol,"sheet=59src | row=4 | abl=B0 | type=FP | finding=[single_var_cross_tx] idToAuction  tx-set -> claimArbitrage(uint256), purchaseArbitrageTokens(uint256)   • write  contracts/Auction.sol:843  (Auction.('allocateArbRewards', ['uint256'], ['uint256']))   • write  contracts/Auction.sol:197  (Auction.('purchaseArbitrageTokens', ['uint256'], []))   • read  contracts/Auction.sol:640  (Auction.('_finalizeAuction', ['uint256'], []))   • read  contracts/Auction.sol:859  (Auction.('allocateArbRewards', ['uint256'], ['uint256'])) | report= | comments=Adjacent to [H-05], but not distinct or zero-day in and of itself. If this was a multi-var report with a few additional specs, this could be a new bug","sheet=59src | row=4 | abl=B0 | type=FP | finding=[single_var_cross_tx] idToAuction  tx-set -> claimArbitrage(uint256), purchaseArbitrageTokens(uint256)   • write  contracts/Auction.sol:843  (Auction.('allocateArbRewards', ['uint256'], ['uint256']))   • write  contracts/Auction.sol:197  (Auction.('purchaseArbitrageTokens', ['uint256'], []))   • read  contracts/Auction.sol:640  (Auction.('_finalizeAuction', ['uint256'], []))   • read  contracts/Auction.sol:859  (Auction.('allocateArbRewards', ['uint256'], ['uint256'])) | report= | comments=Adjacent to [H-05], but not distinct or zero-day in and of itself. If this was a multi-var report with a few additional specs, this could be a new bug || sheet=59src | row=80 | abl=B1 | type=FP | finding=[single_var_cross_tx] idToAuction  tx-set -> claimArbitrage(uint256), purchaseArbitrageTokens(uint256)   • write  contracts/Auction.sol:198  (Auction.('purchaseArbitrageTokens', ['uint256'], []))   • read  contracts/Auction.sol:221  (Auction.('claimArbitrage', ['uint256'], [])) | report= | comments=Adjacent to [H-05], but not distinct or zero-day in and of itself. If this was a multi-var report with a few additional specs, this could be a new bug || sheet=59src | row=172 | abl=B2 | type=FP | finding=[single_var_cross_tx] idToAuction  tx-set -> claimArbitrage(uint256), purchaseArbitrageTokens(uint256)   • write  contracts/Auction.sol:197  (Auction.('purchaseArbitrageTokens', ['uint256'], []))   • read  contracts/Auction.sol:221  (Auction.('claimArbitrage', ['uint256'], [])) | report= | comments=Adjacent to [H-05], but not distinct or zero-day in and of itself. If this was a multi-var report with a few additional specs, this could be a new bug || sheet=59src | row=226 | abl=B3 | type=FP | finding=[single_var_cross_tx] idToAuction  tx-set -> claimArbitrage(uint256), purchaseArbitrageTokens(uint256)   • write  contracts/Auction.sol:192  (Auction.('purchaseArbitrageTokens', ['uint256'], []))   • read  contracts/Auction.sol:221  (Auction.('claimArbitrage', ['uint256'], [])) | report= | comments=Adjacent to [H-05], but not distinct or zero-day in and of itself. If this was a multi-var report with a few additional specs, this could be a new bug || sheet=59src | row=314 | abl=B6 | type=FP | finding=[single_var_cross_tx] idToAuction  tx-set -> claimArbitrage(uint256), purchaseArbitrageTokens(uint256)   • write  contracts/Auction.sol:198  (Auction.('purchaseArbitrageTokens', ['uint256'], []))   • read  contracts/Auction.sol:221  (Auction.('claimArbitrage', ['uint256'], [])) | report= | comments=Adjacent to [H-05], but not distinct or zero-day in and of itself. If this was a multi-var report with a few additional specs, this could be a new bug",,,,,,
known-bug::WEB3BUGS-59-M-01,Web3Bugs-Code4rena-complement,WEB3BUGS-59-M-01,Code4rena,Medium,NA,2022-02-14,https://github.com/code-423n4/2021-11-malt-findings/issues/125,2021-11-malt#m-01,2021-11-malt,M-01,malt,TIMELOCK_ROLE Has Absolute Power to Withdraw All FUND May Raise Red Flags for Investors,TIMELOCK_ROLE can emergency-withdraw all funds from protocol contracts.,A timelock-role holder can route funds to arbitrary destinations through emergency withdrawal functions.,"Disclose or constrain emergency withdrawal powers, preferably via pause-only controls or hardcoded/multisig destinations.",Web3Bugs report 59.md; Code4rena report; GitHub issue 125; Permissions.sol,,,,,,,,
known-bug::WEB3BUGS-59-M-02,Web3Bugs-Code4rena-complement,WEB3BUGS-59-M-02,Code4rena,Medium,NA,2022-02-14,https://github.com/code-423n4/2021-11-malt-findings/issues/219,2021-11-malt#m-02,2021-11-malt,M-02,malt,Frontrunning in UniswapHandler calls to UniswapV2Router,UniswapHandler passes zero minimum output for swaps and liquidity removal.,Mempool attackers sandwich guaranteed trades to extract value from protocol calls using UniswapHandler.,Add slippage bounds for swaps and removeLiquidity operations.,Web3Bugs report 59.md; Code4rena report; GitHub issue 219; UniswapHandler.sol,,,,,,,,
known-bug::WEB3BUGS-59-M-03,Web3Bugs-Code4rena-complement,WEB3BUGS-59-M-03,Code4rena,Medium,NA,2022-02-14,https://github.com/code-423n4/2021-11-malt-findings/issues/285,2021-11-malt#m-03,2021-11-malt,M-03,malt,AbstractRewardMine.sol#setRewardToken is dangerous,Changing rewardToken resets reward accounting expectations while accumulated stake padding remains from the old token context.,Admin changes rewardToken; totalDeclaredReward may become zero while _userStakePadding and _globalStakePadding still affect reward share calculations.,Remove setRewardToken or make reward token immutable; otherwise migrate/reset accounting consistently.,Web3Bugs report 59.md; Code4rena report; GitHub issue 285; AbstractRewardMine.sol; README reward docs,,,,,,,,
known-bug::WEB3BUGS-59-M-04,Web3Bugs-Code4rena-complement,WEB3BUGS-59-M-04,Code4rena,Medium,NA,2022-02-14,https://github.com/code-423n4/2021-11-malt-findings/issues/124,2021-11-malt#m-04,2021-11-malt,M-04,malt,The Power Structure is Too Centralized And Protocol May Break If Anything Happen to Admin,"Protocol roles are heavily admin-managed, creating operational and malicious-admin risk.","If the admin is unavailable or malicious, many protocol roles and functions can break or be abused.",Transfer administration to multisig or DAO and reduce unnecessary privileged roles.,Web3Bugs report 59.md; Code4rena report; GitHub issue 124; role-managed contracts,,,,,,,,
known-bug::WEB3BUGS-59-M-05,Web3Bugs-Code4rena-complement,WEB3BUGS-59-M-05,Code4rena,Medium,NA,2022-02-14,https://github.com/code-423n4/2021-11-malt-findings/issues/195,2021-11-malt#m-05,2021-11-malt,M-05,malt,_notSameBlock() can be circumvented in bondToAccount(),"The same-block guard tracks msg.sender, but bondToAccount can be called through different intermediary contracts.",An attacker uses different forwarding contracts so each call has a different msg.sender and bypasses the intended same-block guard.,Add access control to bondToAccount or redesign the guard around the protected logical actor/action.,Web3Bugs report 59.md; Code4rena report; GitHub issue 195; Bonding.sol; Permissions.sol,,,,,,,,
known-bug::WEB3BUGS-59-M-06,Web3Bugs-Code4rena-complement,WEB3BUGS-59-M-06,Code4rena,Medium,NA,2022-02-14,https://github.com/code-423n4/2021-11-malt-findings/issues/333,2021-11-malt#m-06,2021-11-malt,M-06,malt,AbstractRewardMine - Re-entrancy attack during withdrawal,_withdraw transfers reward tokens before updating _userWithdrawn and _globalWithdrawn.,A token with transfer hooks re-enters withdrawal while earned still observes old withdrawn state and drains rewards.,Apply checks-effects-interactions by updating withdrawn accounting before transfer.,Web3Bugs report 59.md; Code4rena report; GitHub issue 333; AbstractRewardMine.sol,,,,,,,,
known-bug::WEB3BUGS-59-M-07,Web3Bugs-Code4rena-complement,WEB3BUGS-59-M-07,Code4rena,Medium,NA,2022-02-14,https://github.com/code-423n4/2021-11-malt-findings/issues/313,2021-11-malt#m-07,2021-11-malt,M-07,malt,MovingAverage.setSampleMemory may break exchangeRate in StabilizerNode.stabilize,"setSampleMemory changes sampleMemory without properly repositioning samples, counter, and active sample state.","After an admin changes sampleMemory, getValueWithLookback can read mispositioned samples, return near-zero or revert, and distort stabilize exchangeRate.",Remove setSampleMemory or fully migrate ring-buffer indexes and active samples.,Web3Bugs report 59.md; Code4rena report; GitHub issue 313; MovingAverage.sol; StabilizerNode.sol,,,,,,,,
known-bug::WEB3BUGS-59-M-08,Web3Bugs-Code4rena-complement,WEB3BUGS-59-M-08,Code4rena,Medium,NA,2022-02-14,https://github.com/code-423n4/2021-11-malt-findings/issues/252,2021-11-malt#m-08,2021-11-malt,M-08,malt,_getFirstSample returns wrong sample if count < sampleMemory,_getFirstSample assumes the samples ring buffer has wrapped and returns counter+1 even when early slots are still valid.,"Before the buffer fills, TWAP computation reads a zero-initialized sample and returns an incorrect average.","Return index 0 when counter+1 is still less than sampleMemory, or otherwise track valid sample count.",Web3Bugs report 59.md; Code4rena report; GitHub issue 252; MovingAverage.sol,,"sheet=59src | row=73 | abl=B1 | type=TP | finding=[multi_var_cross_contract] idToAuction, samples, counter  tx-set -> consult(uint256), realValueOfLPToken(uint256)   • write  contracts/MovingAverage.sol:208  (MovingAverage.('update', ['uint256'], []))   • write  contracts/Auction.sol:772  (Auction.('_resetAuctionMaxCommitments', [], []))   • read  contracts/Auction.sol:640  (Auction.('_finalizeAuction', ['uint256'], []))   • read  contracts/MovingAverage.sol:291  (MovingAverage.('updateCumulative', ['uint256'], [])) | report= | comments=[M-08] || sheet=59src | row=74 | abl=B1 | type=TP | finding=[multi_var_cross_contract] idToAuction, samples, counter  tx-set -> realValueOfLPToken(uint256)   • write  contracts/MovingAverage.sol:310  (MovingAverage.('updateCumulative', ['uint256'], []))   • write  contracts/Auction.sol:772  (Auction.('_resetAuctionMaxCommitments', [], []))   • read  contracts/Auction.sol:859  (Auction.('allocateArbRewards', ['uint256'], ['uint256']))   • read  contracts/MovingAverage.sol:294  (MovingAverage.('updateCumulative', ['uint256'], [])) | report= | comments=[M-08] || sheet=59src | row=283 | abl=B3 | type=TP | finding=[multi_var_cross_contract] samples, counter  tx-set -> addLiquidity()   • write  contracts/MovingAverage.sol:296  (MovingAverage.('updateCumulative', ['uint256'], []))   • write  contracts/MovingAverage.sol:310  (MovingAverage.('updateCumulative', ['uint256'], []))   • read  contracts/MovingAverage.sol:291  (MovingAverage.('updateCumulative', ['uint256'], []))   • read  contracts/MovingAverage.sol:303  (MovingAverage.('updateCumulative', ['uint256'], [])) | report= | comments=[M-08]",,,,,,
known-bug::WEB3BUGS-59-M-09,Web3Bugs-Code4rena-complement,WEB3BUGS-59-M-09,Code4rena,Medium,NA,2022-02-14,https://github.com/code-423n4/2021-11-malt-findings/issues/255,2021-11-malt#m-09,2021-11-malt,M-09,malt,UniswapHandler.maltMarketPrice returns wrong decimals,maltMarketPrice computes price in rewardDecimals but returns maltDecimals in one branch.,Callers may scale the returned price incorrectly if they rely on the decimals return value.,Return rewardDecimals for the rewardDecimals < maltDecimals branch.,Web3Bugs report 59.md; Code4rena report; GitHub issue 255; UniswapHandler.sol,,,,,,,,
known-bug::WEB3BUGS-59-M-10,Web3Bugs-Code4rena-complement,WEB3BUGS-59-M-10,Code4rena,Medium,NA,2022-02-14,https://github.com/code-423n4/2021-11-malt-findings/issues/88,2021-11-malt#m-10,2021-11-malt,M-10,malt,AuctionParticipant.sol setReplenishingIndex mistake could freeze unclaimed tokens,"Admin can set replenishingIndex too high and cannot lower it, skipping auctions with unclaimed tokens.",A mistaken or malicious index increase strands claimable auction tokens below the new replenishingIndex.,Remove or constrain the setter; advance one index at a time only after proving prior auctions are fully claimed.,Web3Bugs report 59.md; Code4rena report; GitHub issue 88; AuctionParticipant.sol,,,,,,,,
known-bug::WEB3BUGS-59-M-11,Web3Bugs-Code4rena-complement,WEB3BUGS-59-M-11,Code4rena,Medium,NA,2022-02-14,https://github.com/code-423n4/2021-11-malt-findings/issues/190,2021-11-malt#m-11,2021-11-malt,M-11,malt,No max for advanceIncentive,DAO admin can set advanceIncentive to an arbitrarily large value.,"advance then mints an excessive incentive amount to callers, enabling dilution or rug-pull behavior.",Enforce a reasonable maximum advanceIncentive.,Web3Bugs report 59.md; Code4rena report; GitHub issue 190; DAO.sol,,,,,,,,
known-bug::WEB3BUGS-59-M-12,Web3Bugs-Code4rena-complement,WEB3BUGS-59-M-12,Code4rena,Medium,NA,2022-02-14,https://github.com/code-423n4/2021-11-malt-findings/issues/329,2021-11-malt#m-12,2021-11-malt,M-12,malt,Permissions - return values not checked when sending ETH,Permissions uses low-level call for ETH transfer without checking success.,Emergency ETH withdrawal can appear successful while the destination call failed.,Check the bool return value and revert on failed calls.,Web3Bugs report 59.md; Code4rena report; GitHub issue 329; Permissions.sol,,,,,,,,
known-bug::WEB3BUGS-59-M-13,Web3Bugs-Code4rena-complement,WEB3BUGS-59-M-13,Code4rena,Medium,NA,2022-02-14,https://github.com/code-423n4/2021-11-malt-findings/issues/4,2021-11-malt#m-13,2021-11-malt,M-13,malt,Reducing the epoch length results in leaking value from advancement incentives,"DAO computes epoch eligibility from genesis timestamp and current epochLength, with no checkpoint for previous epoch lengths.","After admin reduces epochLength, advance can be called repeatedly to mint unnecessary incentives for epochs the old schedule already covered.",Store last epoch-length modification time or checkpoint epoch schedule when changing epochLength.,Web3Bugs report 59.md; Code4rena report; GitHub issue 4; DAO.sol,,,,,,,,
known-bug::WEB3BUGS-59-M-14,Web3Bugs-Code4rena-complement,WEB3BUGS-59-M-14,Code4rena,Medium,NA,2022-02-14,https://github.com/code-423n4/2021-11-malt-findings/issues/250,2021-11-malt#m-14,2021-11-malt,M-14,malt,Wrong permissions on reassignGlobalAdmin,reassignGlobalAdmin requires TIMELOCK_ROLE but revokeRole also requires the caller to have ADMIN_ROLE.,"If the timelock only has TIMELOCK_ROLE, global admin reassignment reverts and role migration can be locked out.",Align role admin requirements with the intended caller or ensure timelock has the required admin role.,Web3Bugs report 59.md; Code4rena report; GitHub issue 250; Permissions.sol,,,,,,,,
known-bug::WEB3BUGS-59-M-15,Web3Bugs-Code4rena-complement,WEB3BUGS-59-M-15,Code4rena,Medium,NA,2022-02-14,https://github.com/code-423n4/2021-11-malt-findings/issues/251,2021-11-malt#m-15,2021-11-malt,M-15,malt,Bonding does not work with fee-on transfer tokens,Bonding assumes amount transferred equals amount received for stake tokens.,A fee-on-transfer stake token makes _balanceCheck fail because the contract receives less than amount.,Measure balance before and after transfer and use the actual received amount.,Web3Bugs report 59.md; Code4rena report; GitHub issue 251; Bonding.sol,,,,,,,,
known-bug::WEB3BUGS-59-M-16,Web3Bugs-Code4rena-complement,WEB3BUGS-59-M-16,Code4rena,Medium,NA,2022-02-14,https://github.com/code-423n4/2021-11-malt-findings/issues/56,2021-11-malt#m-16,2021-11-malt,M-16,malt,theft of system profit,Above-peg stabilization can be sandwiched so an attacker extracts value that would otherwise become system profit.,"Attacker sells Malt to move price, calls stabilize to push price lower, then buys back cheaper and repays flash-loaned Malt.",Consider stabilization during above-peg sells or redesign to reduce sandwichable profit extraction.,Web3Bugs report 59.md; Code4rena report; GitHub issue 56; PoolTransferVerification.sol; StabilizerNode.sol,,,,,,,,
known-bug::WEB3BUGS-59-M-17,Web3Bugs-Code4rena-complement,WEB3BUGS-59-M-17,Code4rena,Medium,NA,2022-02-14,https://github.com/code-423n4/2021-11-malt-findings/issues/227,2021-11-malt#m-17,2021-11-malt,M-17,malt,Auction collateralToken will not work if token is fee-on-transfer token,Auction passes realCommitment to LiquidityExtension even if a fee-on-transfer collateral token delivers less than that amount.,purchaseAndBurn reverts because LiquidityExtension balance is below the amount parameter after transfer fees.,Use before/after balance deltas and pass actual received collateral to purchaseAndBurn.,Web3Bugs report 59.md; Code4rena report; GitHub issue 227; Auction.sol; LiquidityExtension.sol,,,,,,,,
known-bug::WEB3BUGS-59-M-18,Web3Bugs-Code4rena-complement,WEB3BUGS-59-M-18,Code4rena,Medium,NA,2022-02-14,https://github.com/code-423n4/2021-11-malt-findings/issues/87,2021-11-malt#m-18,2021-11-malt,M-18,malt,AuctionParticipant.sol purchaseArbitrageTokens should not push duplicate auctions,"AuctionParticipant appends currentAuction to auctionIds on every purchase, allowing duplicate auction IDs.","Duplicate IDs cause claim/replenishingIndex logic to encounter repeated auctions with no additional yield, breaking incentive claims without manual intervention.","Prevent duplicate auction IDs, e.g. by using a mapping or membership check.",Web3Bugs report 59.md; Code4rena report; GitHub issue 87; AuctionParticipant.sol,,,,,,,,
known-bug::WEB3BUGS-59-M-19,Web3Bugs-Code4rena-complement,WEB3BUGS-59-M-19,Code4rena,Medium,NA,2022-02-14,https://github.com/code-423n4/2021-11-malt-findings/issues/370,2021-11-malt#m-19,2021-11-malt,M-19,malt,MiningService.setBonding should use BONDING role instead of REINVESTOR one,setBonding swaps REINVESTOR_ROLE instead of BONDING_ROLE.,"After changing bonding, BONDING_ROLE remains unmanaged or assigned incorrectly, breaking intended role access.",Swap BONDING_ROLE in setBonding.,Web3Bugs report 59.md; Code4rena report; GitHub issue 370; MiningService.sol,,,,,,,,
known-bug::WEB3BUGS-59-M-20,Web3Bugs-Code4rena-complement,WEB3BUGS-59-M-20,Code4rena,Medium,NA,2022-02-14,https://github.com/code-423n4/2021-11-malt-findings/issues/188,2021-11-malt#m-20,2021-11-malt,M-20,malt,Users Can Contribute To An Auction Without Directly Committing Collateral Tokens,purchaseArbitrageTokens separates realCommitment accounting from collateral already sent to LiquidityExtension.,"A user directly sends collateral to LiquidityExtension, calls purchaseArbitrageTokens with amount zero, and receives purchased Malt effects without commitment cap accounting.",Require nonzero realCommitment and base auction accounting on actual committed collateral flow.,Web3Bugs report 59.md; Code4rena report; GitHub issue 188; Auction.sol; LiquidityExtension.sol,,"sheet=59src | row=68 | abl=B1 | type=TP | finding=[single_var_cross_tx] idToAuction  tx-set -> purchaseArbitrageTokens(uint256), realValueOfLPToken(uint256)   • write  contracts/Auction.sol:772  (Auction.('_resetAuctionMaxCommitments', [], []))   • write  contracts/Auction.sol:198  (Auction.('purchaseArbitrageTokens', ['uint256'], []))   • read  contracts/Auction.sol:186  (Auction.('purchaseArbitrageTokens', ['uint256'], []))   • read  contracts/Auction.sol:859  (Auction.('allocateArbRewards', ['uint256'], ['uint256'])) | report= | comments=[M-20], [L-13] || sheet=59src | row=106 | abl=B1 | type=TP | finding=[single_var_cross_tx] idToAuction  tx-set -> averageMaltPrice(uint256), consult(uint256)   • write  contracts/Auction.sol:643  (Auction.('_finalizeAuction', ['uint256'], []))   • read  contracts/Auction.sol:335  (Auction.('averageMaltPrice', ['uint256'], ['uint256'])) | report= | comments=[M-20]",,,,,,
known-bug::WEB3BUGS-59-M-21,Web3Bugs-Code4rena-complement,WEB3BUGS-59-M-21,Code4rena,Medium,NA,2022-02-14,https://github.com/code-423n4/2021-11-malt-findings/issues/191,2021-11-malt#m-21,2021-11-malt,M-21,malt,StabilizerNode Will Mint An Incentive For Triggering An Auction Even If An Auction Exists Already,StabilizerNode and Auction use auctionActive and auctionExists inconsistently.,"When an inactive auction exists, stabilize rewards the caller even though triggerAuction returns without starting a new auction.",Use auctionExists and auctionActive consistently before minting the auction-trigger incentive.,Web3Bugs report 59.md; Code4rena report; GitHub issue 191; StabilizerNode.sol; Auction.sol,,"sheet=59src | row=62 | abl=B1 | type=TP | finding=[single_var_cross_tx] idToAuction  tx-set -> auctionActive(uint256), realValueOfLPToken(uint256)   • write  contracts/Auction.sol:772  (Auction.('_resetAuctionMaxCommitments', [], []))   • read  contracts/Auction.sol:269  (Auction.('auctionActive', ['uint256'], ['bool'])) | report= | comments=[M-21] || sheet=59src | row=64 | abl=B1 | type=TP | finding=[single_var_cross_tx] idToAuction  tx-set -> auctionExists(uint256), realValueOfLPToken(uint256)   • write  contracts/Auction.sol:772  (Auction.('_resetAuctionMaxCommitments', [], []))   • read  contracts/Auction.sol:383  (Auction.('auctionExists', ['uint256'], ['bool'])) | report= | comments=[M-21] || sheet=59src | row=101 | abl=B1 | type=TP | finding=[single_var_cross_tx] idToAuction  tx-set -> auctionExists(uint256), consult(uint256)   • write  contracts/Auction.sol:643  (Auction.('_finalizeAuction', ['uint256'], []))   • read  contracts/Auction.sol:383  (Auction.('auctionExists', ['uint256'], ['bool'])) | report= | comments=[M-21]",,,,,,
known-bug::WEB3BUGS-59-M-22,Web3Bugs-Code4rena-complement,WEB3BUGS-59-M-22,Code4rena,Medium,NA,2022-02-14,https://github.com/code-423n4/2021-11-malt-findings/issues/215,2021-11-malt#m-22,2021-11-malt,M-22,malt,_calculateMaltRequiredForExit Uses Spot Price To Calculate Malt Quantity In exitEarly,AuctionEscapeHatch uses manipulable spot price from Uniswap reserves to calculate early-exit Malt quantity.,An attacker manipulates spot price with a flash loan and exits auction position on favorable manipulated terms.,Use a TWAP or manipulation-resistant oracle for exit pricing.,Web3Bugs report 59.md; Code4rena report; GitHub issue 215; AuctionEscapeHatch.sol; UniswapHandler.sol,,,,,,,,
known-bug::WEB3BUGS-59-M-23,Web3Bugs-Code4rena-complement,WEB3BUGS-59-M-23,Code4rena,Medium,NA,2022-02-14,https://github.com/code-423n4/2021-11-malt-findings/issues/228,2021-11-malt#m-23,2021-11-malt,M-23,malt,addLiquidity Does Not Reset Approval If Not All Tokens Were Added To Liquidity Pool,UniswapHandler approves full balances before addLiquidity but does not reset unused approval when router consumes less than the full balance.,Dust approvals accumulate and can cause token compatibility issues or leave stale router allowance.,Reset approval when maltUsed or rewardUsed is less than approved balance.,Web3Bugs report 59.md; Code4rena report; GitHub issue 228; UniswapHandler.sol,,,,,,,,
known-bug::WEB3BUGS-59-M-24,Web3Bugs-Code4rena-complement,WEB3BUGS-59-M-24,Code4rena,Medium,NA,2022-02-14,https://github.com/code-423n4/2021-11-malt-findings/issues/229,2021-11-malt#m-24,2021-11-malt,M-24,malt,_distributeRewards Does Not Reset Approval If Not All Tokens Were Allocated,"StabilizerNode approves Auction for a fixed reward amount before allocateArbRewards, but Auction may allocate less.",Residual token approval accumulates in StabilizerNode and can cause stale allowance or token compatibility issues.,Reset approval when allocated reward is less than the approved rewarded amount.,Web3Bugs report 59.md; Code4rena report; GitHub issue 229; StabilizerNode.sol; Auction.sol,,,,,,,,
known-bug::WEB3BUGS-59-M-25,Web3Bugs-Code4rena-complement,WEB3BUGS-59-M-25,Code4rena,Medium,NA,2022-02-14,https://github.com/code-423n4/2021-11-malt-findings/issues/372,2021-11-malt#m-25,2021-11-malt,M-25,malt,AMM pool can be drained using a flashloan and calling stabilize,StabilizerNode gates stabilization on short TWAP but calculates trade size from directly manipulated AMM reserves.,"Attacker waits for TWAP threshold, flashloan-manipulates pool reserves, calls stabilize, and causes excessive rewardToken removal/distribution.",Use TWAP or manipulation-resistant data for trade-size calculation.,Web3Bugs report 59.md; Code4rena report; GitHub issue 372; StabilizerNode.sol; UniswapHandler.sol,,,,,,,,
known-bug::WEB3BUGS-59-M-26,Web3Bugs-Code4rena-complement,WEB3BUGS-59-M-26,Code4rena,Medium,NA,2022-02-14,https://github.com/code-423n4/2021-11-malt-findings/issues/375,2021-11-malt#m-26,2021-11-malt,M-26,malt,Dutch auction can be manipulated,Auction finalization only occurs when commitments reach maxCommitments or later stabilize paths run.,"Attacker buys all but one wei of commitment, preventing automatic finalization while auction price continues to fall, then gets a reliable discount.","Incentivize or expose safe finalization, or lock in buyer price at commitment time.",Web3Bugs report 59.md; Code4rena report; GitHub issue 375; Auction.sol; StabilizerNode.sol,"sheet=59src | row=5 | abl=B0 | type=TP | finding=[single_var_cross_tx] idToAuction  tx-set -> currentPrice(uint256), purchaseArbitrageTokens(uint256)   • write  contracts/Auction.sol:197  (Auction.('purchaseArbitrageTokens', ['uint256'], []))   • write  contracts/Auction.sol:589  (Auction.('_endAuction', ['uint256'], []))   • read  contracts/Auction.sol:345  (Auction.('currentPrice', ['uint256'], ['uint256']))   • read  contracts/Auction.sol:859  (Auction.('allocateArbRewards', ['uint256'], ['uint256'])) | report=https://github.com/code-423n4/2021-11-malt-findings/issues/375 | comments=[M-26] || sheet=59src | row=10 | abl=B0 | type=TP | finding=[single_var_cross_tx] idToAuction  tx-set -> isAuctionFinished(uint256), purchaseArbitrageTokens(uint256)   • write  contracts/Auction.sol:197  (Auction.('purchaseArbitrageTokens', ['uint256'], []))   • read  contracts/Auction.sol:263  (Auction.('isAuctionFinished', ['uint256'], ['bool'])) | report=https://github.com/code-423n4/2021-11-malt-findings/issues/375 | comments=[M-26] || sheet=59src | row=43 | abl=B0 | type=TP | finding=[single_var_cross_tx] idToAuction  tx-set -> balanceOfArbTokens(uint256,address), currentPrice(uint256)   • write  contracts/Auction.sol:589  (Auction.('_endAuction', ['uint256'], []))   • read  contracts/Auction.sol:319  (Auction.('balanceOfArbTokens', ['uint256', 'address'], ['uint256'])) | report=https://github.com/code-423n4/2021-11-malt-findings/issues/375 | comments=[M-26] || sheet=59src | row=44 | abl=B0 | type=TP | finding=[single_var_cross_tx] idToAuction  tx-set -> averageMaltPrice(uint256), currentPrice(uint256)   • write  contracts/Auction.sol:589  (Auction.('_endAuction', ['uint256'], []))   • read  contracts/Auction.sol:335  (Auction.('averageMaltPrice', ['uint256'], ['uint256'])) | report=https://github.com/code-423n4/2021-11-malt-findings/issues/375 | comments=[M-26] || sheet=59src | row=45 | abl=B0 | type=TP | finding=[single_var_cross_tx] idToAuction  tx-set -> currentPrice(uint256), getAccountCommitments(address)   • write  contracts/Auction.sol:589  (Auction.('_endAuction', ['uint256'], []))   • read  contracts/Auction.sol:408  (Auction.('getAccountCommitments', ['address'], ['uint256[]', 'uint256[]', 'uint256[]', 'uint256[]', 'uint256[]', 'uint256[]', 'bool[]'])) | report=https://github.com/code-423n4/2021-11-malt-findings/issues/375 | comments=[M-26] || sheet=59src | row=46 | abl=B0 | type=TP | finding=[single_var_cross_tx] idToAuction  tx-set -> currentPrice(uint256), isAuctionFinalized(uint256)   • write  contracts/Auction.sol:589  (Auction.('_endAuction', ['uint256'], []))   • read  contracts/Auction.sol:275  (Auction.('isAuctionFinalized', ['uint256'], ['bool'])) | report=https://github.com/code-423n4/2021-11-malt-findings/issues/375 | comments=[M-26] || sheet=59src | row=47 | abl=B0 | type=TP | finding=[single_var_cross_tx] idToAuction  tx-set -> currentPrice(uint256), getAuctionParticipationForAccount(address,uint256)   • write  contracts/Auction.sol:589  (Auction.('_endAuction', ['uint256'], []))   • read  contracts/Auction.sol:437  (Auction.('getAuctionParticipationForAccount', ['address', 'uint256'], ['uint256', 'uint256', 'uint256'])) | report=https://github.com/code-423n4/2021-11-malt-findings/issues/375 | comments=[M-26] || sheet=59src | row=48 | abl=B0 | type=TP | finding=[single_var_cross_tx] idToAuction  tx-set -> currentPrice(uint256), getAuctionCommitments(uint256)   • write  contracts/Auction.sol:589  (Auction.('_endAuction', ['uint256'], []))   • read  contracts/Auction.sol:371  (Auction.('getAuctionCommitments', ['uint256'], ['uint256', 'uint256'])) | report=https://github.com/code-423n4/2021-11-malt-findings/issues/375 | comments=[M-26] || sheet=59src | row=49 | abl=B0 | type=TP | finding=[single_var_cross_tx] idToAuction  tx-set -> auctionExists(uint256), currentPrice(uint256)   • write  contracts/Auction.sol:589  (Auction.('_endAuction', ['uint256'], []))   • read  contracts/Auction.sol:383  (Auction.('auctionExists', ['uint256'], ['bool'])) | report=https://github.com/code-423n4/2021-11-malt-findings/issues/375 | comments=[M-26] || sheet=59src | row=56 | abl=B0 | type=TP | finding=[single_var_cross_tx] stabilizeWindowEnd  tx-set -> stabilize()   • write  contracts/StabilizerNode.sol:152  (StabilizerNode.('stabilize', [], []))   • read  contracts/StabilizerNode.sol:148  (StabilizerNode.('stabilize', [], [])) | report= | comments=[M-26]","sheet=59src | row=5 | abl=B0 | type=TP | finding=[single_var_cross_tx] idToAuction  tx-set -> currentPrice(uint256), purchaseArbitrageTokens(uint256)   • write  contracts/Auction.sol:197  (Auction.('purchaseArbitrageTokens', ['uint256'], []))   • write  contracts/Auction.sol:589  (Auction.('_endAuction', ['uint256'], []))   • read  contracts/Auction.sol:345  (Auction.('currentPrice', ['uint256'], ['uint256']))   • read  contracts/Auction.sol:859  (Auction.('allocateArbRewards', ['uint256'], ['uint256'])) | report=https://github.com/code-423n4/2021-11-malt-findings/issues/375 | comments=[M-26] || sheet=59src | row=10 | abl=B0 | type=TP | finding=[single_var_cross_tx] idToAuction  tx-set -> isAuctionFinished(uint256), purchaseArbitrageTokens(uint256)   • write  contracts/Auction.sol:197  (Auction.('purchaseArbitrageTokens', ['uint256'], []))   • read  contracts/Auction.sol:263  (Auction.('isAuctionFinished', ['uint256'], ['bool'])) | report=https://github.com/code-423n4/2021-11-malt-findings/issues/375 | comments=[M-26] || sheet=59src | row=43 | abl=B0 | type=TP | finding=[single_var_cross_tx] idToAuction  tx-set -> balanceOfArbTokens(uint256,address), currentPrice(uint256)   • write  contracts/Auction.sol:589  (Auction.('_endAuction', ['uint256'], []))   • read  contracts/Auction.sol:319  (Auction.('balanceOfArbTokens', ['uint256', 'address'], ['uint256'])) | report=https://github.com/code-423n4/2021-11-malt-findings/issues/375 | comments=[M-26] || sheet=59src | row=44 | abl=B0 | type=TP | finding=[single_var_cross_tx] idToAuction  tx-set -> averageMaltPrice(uint256), currentPrice(uint256)   • write  contracts/Auction.sol:589  (Auction.('_endAuction', ['uint256'], []))   • read  contracts/Auction.sol:335  (Auction.('averageMaltPrice', ['uint256'], ['uint256'])) | report=https://github.com/code-423n4/2021-11-malt-findings/issues/375 | comments=[M-26] || sheet=59src | row=45 | abl=B0 | type=TP | finding=[single_var_cross_tx] idToAuction  tx-set -> currentPrice(uint256), getAccountCommitments(address)   • write  contracts/Auction.sol:589  (Auction.('_endAuction', ['uint256'], []))   • read  contracts/Auction.sol:408  (Auction.('getAccountCommitments', ['address'], ['uint256[]', 'uint256[]', 'uint256[]', 'uint256[]', 'uint256[]', 'uint256[]', 'bool[]'])) | report=https://github.com/code-423n4/2021-11-malt-findings/issues/375 | comments=[M-26] || sheet=59src | row=46 | abl=B0 | type=TP | finding=[single_var_cross_tx] idToAuction  tx-set -> currentPrice(uint256), isAuctionFinalized(uint256)   • write  contracts/Auction.sol:589  (Auction.('_endAuction', ['uint256'], []))   • read  contracts/Auction.sol:275  (Auction.('isAuctionFinalized', ['uint256'], ['bool'])) | report=https://github.com/code-423n4/2021-11-malt-findings/issues/375 | comments=[M-26] || sheet=59src | row=47 | abl=B0 | type=TP | finding=[single_var_cross_tx] idToAuction  tx-set -> currentPrice(uint256), getAuctionParticipationForAccount(address,uint256)   • write  contracts/Auction.sol:589  (Auction.('_endAuction', ['uint256'], []))   • read  contracts/Auction.sol:437  (Auction.('getAuctionParticipationForAccount', ['address', 'uint256'], ['uint256', 'uint256', 'uint256'])) | report=https://github.com/code-423n4/2021-11-malt-findings/issues/375 | comments=[M-26] || sheet=59src | row=48 | abl=B0 | type=TP | finding=[single_var_cross_tx] idToAuction  tx-set -> currentPrice(uint256), getAuctionCommitments(uint256)   • write  contracts/Auction.sol:589  (Auction.('_endAuction', ['uint256'], []))   • read  contracts/Auction.sol:371  (Auction.('getAuctionCommitments', ['uint256'], ['uint256', 'uint256'])) | report=https://github.com/code-423n4/2021-11-malt-findings/issues/375 | comments=[M-26] || sheet=59src | row=49 | abl=B0 | type=TP | finding=[single_var_cross_tx] idToAuction  tx-set -> auctionExists(uint256), currentPrice(uint256)   • write  contracts/Auction.sol:589  (Auction.('_endAuction', ['uint256'], []))   • read  contracts/Auction.sol:383  (Auction.('auctionExists', ['uint256'], ['bool'])) | report=https://github.com/code-423n4/2021-11-malt-findings/issues/375 | comments=[M-26] || sheet=59src | row=56 | abl=B0 | type=TP | finding=[single_var_cross_tx] stabilizeWindowEnd  tx-set -> stabilize()   • write  contracts/StabilizerNode.sol:152  (StabilizerNode.('stabilize', [], []))   • read  contracts/StabilizerNode.sol:148  (StabilizerNode.('stabilize', [], [])) | report= | comments=[M-26] || sheet=59src | row=69 | abl=B1 | type=TP | finding=[single_var_cross_tx] idToAuction  tx-set -> currentPrice(uint256), realValueOfLPToken(uint256)   • write  contracts/Auction.sol:772  (Auction.('_resetAuctionMaxCommitments', [], []))   • write  contracts/Auction.sol:589  (Auction.('_endAuction', ['uint256'], []))   • read  contracts/Auction.sol:345  (Auction.('currentPrice', ['uint256'], ['uint256']))   • read  contracts/Auction.sol:859  (Auction.('allocateArbRewards', ['uint256'], ['uint256'])) | report= | comments=[M-26] || sheet=59src | row=78 | abl=B1 | type=TP | finding=[single_var_cross_tx] idToAuction  tx-set -> isAuctionFinished(uint256), purchaseArbitrageTokens(uint256)   • write  contracts/Auction.sol:198  (Auction.('purchaseArbitrageTokens', ['uint256'], []))   • read  contracts/Auction.sol:263  (Auction.('isAuctionFinished', ['uint256'], ['bool'])) | report=https://github.com/code-423n4/2021-11-malt-findings/issues/375 | comments=[M-26] || sheet=59src | row=88 | abl=B1 | type=TP | finding=[single_var_cross_tx] idToAuction  tx-set -> currentPrice(uint256), purchaseArbitrageTokens(uint256)   • write  contracts/Auction.sol:198  (Auction.('purchaseArbitrageTokens', ['uint256'], []))   • write  contracts/Auction.sol:589  (Auction.('_endAuction', ['uint256'], []))   • read  contracts/Auction.sol:186  (Auction.('purchaseArbitrageTokens', ['uint256'], []))   • read  contracts/Auction.sol:345  (Auction.('currentPrice', ['uint256'], ['uint256'])) | report=https://github.com/code-423n4/2021-11-malt-findings/issues/375 | comments=[M-26] || sheet=59src | row=105 | abl=B1 | type=TP | finding=[single_var_cross_tx] idToAuction  tx-set -> consult(uint256), currentPrice(uint256)   • write  contracts/Auction.sol:643  (Auction.('_finalizeAuction', ['uint256'], []))   • write  contracts/Auction.sol:589  (Auction.('_endAuction', ['uint256'], []))   • read  contracts/Auction.sol:345  (Auction.('currentPrice', ['uint256'], ['uint256']))   • read  contracts/Auction.sol:640  (Auction.('_finalizeAuction', ['uint256'], [])) | report= | comments=[M-26] || sheet=59src | row=114 | abl=B1 | type=TP | finding=[single_var_cross_tx] idToAuction  tx-set -> currentPrice(uint256), getAuctionParticipationForAccount(address,uint256)   • write  contracts/Auction.sol:589  (Auction.('_endAuction', ['uint256'], []))   • read  contracts/Auction.sol:437  (Auction.('getAuctionParticipationForAccount', ['address', 'uint256'], ['uint256', 'uint256', 'uint256'])) | report=https://github.com/code-423n4/2021-11-malt-findings/issues/375 | comments=[M-26] || sheet=59src | row=118 | abl=B1 | type=TP | finding=[single_var_cross_tx] idToAuction  tx-set -> auctionExists(uint256), currentPrice(uint256)   • write  contracts/Auction.sol:589  (Auction.('_endAuction', ['uint256'], []))   • read  contracts/Auction.sol:383  (Auction.('auctionExists', ['uint256'], ['bool'])) | report=https://github.com/code-423n4/2021-11-malt-findings/issues/375 | comments=[M-26] || sheet=59src | row=119 | abl=B1 | type=TP | finding=[single_var_cross_tx] idToAuction  tx-set -> currentPrice(uint256), getAuctionCommitments(uint256)   • write  contracts/Auction.sol:589  (Auction.('_endAuction', ['uint256'], []))   • read  contracts/Auction.sol:371  (Auction.('getAuctionCommitments', ['uint256'], ['uint256', 'uint256'])) | report=https://github.com/code-423n4/2021-11-malt-findings/issues/375 | comments=[M-26] || sheet=59src | row=120 | abl=B1 | type=TP | finding=[single_var_cross_tx] idToAuction  tx-set -> balanceOfArbTokens(uint256,address), currentPrice(uint256)   • write  contracts/Auction.sol:589  (Auction.('_endAuction', ['uint256'], []))   • read  contracts/Auction.sol:319  (Auction.('balanceOfArbTokens', ['uint256', 'address'], ['uint256'])) | report=https://github.com/code-423n4/2021-11-malt-findings/issues/375 | comments=[M-26] || sheet=59src | row=121 | abl=B1 | type=TP | finding=[single_var_cross_tx] idToAuction  tx-set -> currentPrice(uint256), isAuctionFinalized(uint256)   • write  contracts/Auction.sol:589  (Auction.('_endAuction', ['uint256'], []))   • read  contracts/Auction.sol:275  (Auction.('isAuctionFinalized', ['uint256'], ['bool'])) | report=https://github.com/code-423n4/2021-11-malt-findings/issues/375 | comments=[M-26] || sheet=59src | row=123 | abl=B1 | type=TP | finding=[single_var_cross_tx] idToAuction  tx-set -> averageMaltPrice(uint256), currentPrice(uint256)   • write  contracts/Auction.sol:589  (Auction.('_endAuction', ['uint256'], []))   • read  contracts/Auction.sol:335  (Auction.('averageMaltPrice', ['uint256'], ['uint256'])) | report=https://github.com/code-423n4/2021-11-malt-findings/issues/375 | comments=[M-26] || sheet=59src | row=128 | abl=B1 | type=TP | finding=[single_var_cross_tx] idToAuction  tx-set -> currentPrice(uint256), getAccountCommitments(address)   • write  contracts/Auction.sol:589  (Auction.('_endAuction', ['uint256'], []))   • read  contracts/Auction.sol:408  (Auction.('getAccountCommitments', ['address'], ['uint256[]', 'uint256[]', 'uint256[]', 'uint256[]', 'uint256[]', 'uint256[]', 'bool[]'])) | report=https://github.com/code-423n4/2021-11-malt-findings/issues/375 | comments=[M-26] || sheet=59src | row=136 | abl=B1 | type=TP | finding=[single_var_cross_tx] stabilizeWindowEnd  tx-set -> stabilize()   • write  contracts/StabilizerNode.sol:152  (StabilizerNode.('stabilize', [], []))   • read  contracts/StabilizerNode.sol:148  (StabilizerNode.('stabilize', [], [])) | report= | comments=[M-26] || sheet=59src | row=157 | abl=B2 | type=TP | finding=[single_var_cross_tx] idToAuction  tx-set -> currentPrice(uint256), purchaseArbitrageTokens(uint256)   • write  contracts/Auction.sol:589  (Auction.('_endAuction', ['uint256'], []))   • write  contracts/Auction.sol:197  (Auction.('purchaseArbitrageTokens', ['uint256'], []))   • read  contracts/Auction.sol:345  (Auction.('currentPrice', ['uint256'], ['uint256']))   • read  contracts/Auction.sol:859  (Auction.('allocateArbRewards', ['uint256'], ['uint256'])) | report=https://github.com/code-423n4/2021-11-malt-findings/issues/375 | comments=[M-26] || sheet=59src | row=158 | abl=B2 | type=TP | finding=[single_var_cross_tx] idToAuction  tx-set -> isAuctionFinished(uint256), purchaseArbitrageTokens(uint256)   • write  contracts/Auction.sol:197  (Auction.('purchaseArbitrageTokens', ['uint256'], []))   • read  contracts/Auction.sol:263  (Auction.('isAuctionFinished', ['uint256'], ['bool'])) | report=https://github.com/code-423n4/2021-11-malt-findings/issues/375 | comments=[M-26] || sheet=59src | row=177 | abl=B2 | type=TP | finding=[single_var_cross_tx] idToAuction  tx-set -> currentPrice(uint256), getAccountCommitments(address)   • write  contracts/Auction.sol:589  (Auction.('_endAuction', ['uint256'], []))   • read  contracts/Auction.sol:408  (Auction.('getAccountCommitments', ['address'], ['uint256[]', 'uint256[]', 'uint256[]', 'uint256[]', 'uint256[]', 'uint256[]', 'bool[]'])) | report=https://github.com/code-423n4/2021-11-malt-findings/issues/375 | comments=[M-26] || sheet=59src | row=178 | abl=B2 | type=TP | finding=[single_var_cross_tx] idToAuction  tx-set -> currentPrice(uint256), isAuctionFinalized(uint256)   • write  contracts/Auction.sol:589  (Auction.('_endAuction', ['uint256'], []))   • read  contracts/Auction.sol:275  (Auction.('isAuctionFinalized', ['uint256'], ['bool'])) | report=https://github.com/code-423n4/2021-11-malt-findings/issues/375 | comments=[M-26] || sheet=59src | row=180 | abl=B2 | type=TP | finding=[single_var_cross_tx] idToAuction  tx-set -> balanceOfArbTokens(uint256,address), currentPrice(uint256)   • write  contracts/Auction.sol:589  (Auction.('_endAuction', ['uint256'], []))   • read  contracts/Auction.sol:319  (Auction.('balanceOfArbTokens', ['uint256', 'address'], ['uint256'])) | report=https://github.com/code-423n4/2021-11-malt-findings/issues/375 | comments=[M-26] || sheet=59src | row=181 | abl=B2 | type=TP | finding=[single_var_cross_tx] idToAuction  tx-set -> averageMaltPrice(uint256), currentPrice(uint256)   • write  contracts/Auction.sol:589  (Auction.('_endAuction', ['uint256'], []))   • read  contracts/Auction.sol:335  (Auction.('averageMaltPrice', ['uint256'], ['uint256'])) | report=https://github.com/code-423n4/2021-11-malt-findings/issues/375 | comments=[M-26] || sheet=59src | row=182 | abl=B2 | type=TP | finding=[single_var_cross_tx] idToAuction  tx-set -> auctionExists(uint256), currentPrice(uint256)   • write  contracts/Auction.sol:589  (Auction.('_endAuction', ['uint256'], []))   • read  contracts/Auction.sol:383  (Auction.('auctionExists', ['uint256'], ['bool'])) | report=https://github.com/code-423n4/2021-11-malt-findings/issues/375 | comments=[M-26] || sheet=59src | row=187 | abl=B2 | type=TP | finding=[single_var_cross_tx] idToAuction  tx-set -> currentPrice(uint256), getAuctionCommitments(uint256)   • write  contracts/Auction.sol:589  (Auction.('_endAuction', ['uint256'], []))   • read  contracts/Auction.sol:371  (Auction.('getAuctionCommitments', ['uint256'], ['uint256', 'uint256'])) | report=https://github.com/code-423n4/2021-11-malt-findings/issues/375 | comments=[M-26] || sheet=59src | row=189 | abl=B2 | type=TP | finding=[single_var_cross_tx] idToAuction  tx-set -> currentPrice(uint256), getAuctionParticipationForAccount(address,uint256)   • write  contracts/Auction.sol:589  (Auction.('_endAuction', ['uint256'], []))   • read  contracts/Auction.sol:437  (Auction.('getAuctionParticipationForAccount', ['address', 'uint256'], ['uint256', 'uint256', 'uint256'])) | report=https://github.com/code-423n4/2021-11-malt-findings/issues/375 | comments=[M-26] || sheet=59src | row=202 | abl=B2 | type=TP | finding=[single_var_cross_tx] stabilizeWindowEnd  tx-set -> stabilize()   • write  contracts/StabilizerNode.sol:152  (StabilizerNode.('stabilize', [], []))   • read  contracts/StabilizerNode.sol:148  (StabilizerNode.('stabilize', [], [])) | report= | comments=[M-26] || sheet=59src | row=209 | abl=B3 | type=TP | finding=[single_var_cross_tx] idToAuction  tx-set -> currentPrice(uint256), purchaseArbitrageTokens(uint256)   • write  contracts/Auction.sol:589  (Auction.('_endAuction', ['uint256'], []))   • write  contracts/Auction.sol:192  (Auction.('purchaseArbitrageTokens', ['uint256'], []))   • read  contracts/Auction.sol:186  (Auction.('purchaseArbitrageTokens', ['uint256'], []))   • read  contracts/Auction.sol:345  (Auction.('currentPrice', ['uint256'], ['uint256'])) | report=https://github.com/code-423n4/2021-11-malt-findings/issues/375 | comments=[M-26] || sheet=59src | row=214 | abl=B3 | type=TP | finding=[single_var_cross_tx] idToAuction  tx-set -> isAuctionFinished(uint256), purchaseArbitrageTokens(uint256)   • write  contracts/Auction.sol:192  (Auction.('purchaseArbitrageTokens', ['uint256'], []))   • read  contracts/Auction.sol:263  (Auction.('isAuctionFinished', ['uint256'], ['bool'])) | report=https://github.com/code-423n4/2021-11-malt-findings/issues/375 | comments=[M-26] || sheet=59src | row=245 | abl=B3 | type=TP | finding=[single_var_cross_tx] idToAuction  tx-set -> currentPrice(uint256), getAuctionCommitments(uint256)   • write  contracts/Auction.sol:589  (Auction.('_endAuction', ['uint256'], []))   • read  contracts/Auction.sol:371  (Auction.('getAuctionCommitments', ['uint256'], ['uint256', 'uint256'])) | report=https://github.com/code-423n4/2021-11-malt-findings/issues/375 | comments=[M-26] || sheet=59src | row=250 | abl=B3 | type=TP | finding=[single_var_cross_tx] idToAuction  tx-set -> auctionExists(uint256), currentPrice(uint256)   • write  contracts/Auction.sol:589  (Auction.('_endAuction', ['uint256'], []))   • read  contracts/Auction.sol:383  (Auction.('auctionExists', ['uint256'], ['bool'])) | report=https://github.com/code-423n4/2021-11-malt-findings/issues/375 | comments=[M-26] || sheet=59src | row=251 | abl=B3 | type=TP | finding=[single_var_cross_tx] idToAuction  tx-set -> balanceOfArbTokens(uint256,address), currentPrice(uint256)   • write  contracts/Auction.sol:589  (Auction.('_endAuction', ['uint256'], []))   • read  contracts/Auction.sol:319  (Auction.('balanceOfArbTokens', ['uint256', 'address'], ['uint256'])) | report=https://github.com/code-423n4/2021-11-malt-findings/issues/375 | comments=[M-26] || sheet=59src | row=254 | abl=B3 | type=TP | finding=[single_var_cross_tx] idToAuction  tx-set -> averageMaltPrice(uint256), currentPrice(uint256)   • write  contracts/Auction.sol:589  (Auction.('_endAuction', ['uint256'], []))   • read  contracts/Auction.sol:335  (Auction.('averageMaltPrice', ['uint256'], ['uint256'])) | report=https://github.com/code-423n4/2021-11-malt-findings/issues/375 | comments=[M-26] || sheet=59src | row=255 | abl=B3 | type=TP | finding=[single_var_cross_tx] idToAuction  tx-set -> currentPrice(uint256), getAccountCommitments(address)   • write  contracts/Auction.sol:589  (Auction.('_endAuction', ['uint256'], []))   • read  contracts/Auction.sol:408  (Auction.('getAccountCommitments', ['address'], ['uint256[]', 'uint256[]', 'uint256[]', 'uint256[]', 'uint256[]', 'uint256[]', 'bool[]'])) | report=https://github.com/code-423n4/2021-11-malt-findings/issues/375 | comments=[M-26] || sheet=59src | row=257 | abl=B3 | type=TP | finding=[single_var_cross_tx] idToAuction  tx-set -> currentPrice(uint256), isAuctionFinalized(uint256)   • write  contracts/Auction.sol:589  (Auction.('_endAuction', ['uint256'], []))   • read  contracts/Auction.sol:275  (Auction.('isAuctionFinalized', ['uint256'], ['bool'])) | report=https://github.com/code-423n4/2021-11-malt-findings/issues/375 | comments=[M-26] || sheet=59src | row=258 | abl=B3 | type=TP | finding=[single_var_cross_tx] idToAuction  tx-set -> currentPrice(uint256), getAuctionParticipationForAccount(address,uint256)   • write  contracts/Auction.sol:589  (Auction.('_endAuction', ['uint256'], []))   • read  contracts/Auction.sol:437  (Auction.('getAuctionParticipationForAccount', ['address', 'uint256'], ['uint256', 'uint256', 'uint256'])) | report=https://github.com/code-423n4/2021-11-malt-findings/issues/375 | comments=[M-26] || sheet=59src | row=286 | abl=B3 | type=TP | finding=[single_var_cross_tx] stabilizeWindowEnd  tx-set -> stabilize()   • write  contracts/StabilizerNode.sol:152  (StabilizerNode.('stabilize', [], []))   • read  contracts/StabilizerNode.sol:148  (StabilizerNode.('stabilize', [], [])) | report= | comments=[M-26] || sheet=59src | row=304 | abl=B6 | type=TP | finding=[single_var_cross_tx] idToAuction  tx-set -> isAuctionFinished(uint256), purchaseArbitrageTokens(uint256)   • write  contracts/Auction.sol:198  (Auction.('purchaseArbitrageTokens', ['uint256'], []))   • read  contracts/Auction.sol:263  (Auction.('isAuctionFinished', ['uint256'], ['bool'])) | report=https://github.com/code-423n4/2021-11-malt-findings/issues/375 | comments=[M-26] || sheet=59src | row=308 | abl=B6 | type=TP | finding=[single_var_cross_tx] idToAuction  tx-set -> currentPrice(uint256), purchaseArbitrageTokens(uint256)   • write  contracts/Auction.sol:198  (Auction.('purchaseArbitrageTokens', ['uint256'], []))   • write  contracts/Auction.sol:589  (Auction.('_endAuction', ['uint256'], []))   • read  contracts/Auction.sol:345  (Auction.('currentPrice', ['uint256'], ['uint256']))   • read  contracts/Auction.sol:186  (Auction.('purchaseArbitrageTokens', ['uint256'], [])) | report=https://github.com/code-423n4/2021-11-malt-findings/issues/375 | comments=[M-26] || sheet=59src | row=321 | abl=B6 | type=TP | finding=[single_var_cross_tx] idToAuction  tx-set -> currentPrice(uint256), isAuctionFinalized(uint256)   • write  contracts/Auction.sol:589  (Auction.('_endAuction', ['uint256'], []))   • read  contracts/Auction.sol:275  (Auction.('isAuctionFinalized', ['uint256'], ['bool'])) | report=https://github.com/code-423n4/2021-11-malt-findings/issues/375 | comments=[M-26] || sheet=59src | row=322 | abl=B6 | type=TP | finding=[single_var_cross_tx] idToAuction  tx-set -> balanceOfArbTokens(uint256,address), currentPrice(uint256)   • write  contracts/Auction.sol:589  (Auction.('_endAuction', ['uint256'], []))   • read  contracts/Auction.sol:319  (Auction.('balanceOfArbTokens', ['uint256', 'address'], ['uint256'])) | report=https://github.com/code-423n4/2021-11-malt-findings/issues/375 | comments=[M-26] || sheet=59src | row=323 | abl=B6 | type=TP | finding=[single_var_cross_tx] idToAuction  tx-set -> currentPrice(uint256), getAuctionParticipationForAccount(address,uint256)   • write  contracts/Auction.sol:589  (Auction.('_endAuction', ['uint256'], []))   • read  contracts/Auction.sol:437  (Auction.('getAuctionParticipationForAccount', ['address', 'uint256'], ['uint256', 'uint256', 'uint256'])) | report=https://github.com/code-423n4/2021-11-malt-findings/issues/375 | comments=[M-26] || sheet=59src | row=326 | abl=B6 | type=TP | finding=[single_var_cross_tx] idToAuction  tx-set -> currentPrice(uint256), getAccountCommitments(address)   • write  contracts/Auction.sol:589  (Auction.('_endAuction', ['uint256'], []))   • read  contracts/Auction.sol:408  (Auction.('getAccountCommitments', ['address'], ['uint256[]', 'uint256[]', 'uint256[]', 'uint256[]', 'uint256[]', 'uint256[]', 'bool[]'])) | report=https://github.com/code-423n4/2021-11-malt-findings/issues/375 | comments=[M-26] || sheet=59src | row=328 | abl=B6 | type=TP | finding=[single_var_cross_tx] idToAuction  tx-set -> auctionExists(uint256), currentPrice(uint256)   • write  contracts/Auction.sol:589  (Auction.('_endAuction', ['uint256'], []))   • read  contracts/Auction.sol:383  (Auction.('auctionExists', ['uint256'], ['bool'])) | report=https://github.com/code-423n4/2021-11-malt-findings/issues/375 | comments=[M-26] || sheet=59src | row=332 | abl=B6 | type=TP | finding=[single_var_cross_tx] idToAuction  tx-set -> currentPrice(uint256), getAuctionCommitments(uint256)   • write  contracts/Auction.sol:589  (Auction.('_endAuction', ['uint256'], []))   • read  contracts/Auction.sol:371  (Auction.('getAuctionCommitments', ['uint256'], ['uint256', 'uint256'])) | report=https://github.com/code-423n4/2021-11-malt-findings/issues/375 | comments=[M-26] || sheet=59src | row=335 | abl=B6 | type=TP | finding=[single_var_cross_tx] idToAuction  tx-set -> averageMaltPrice(uint256), currentPrice(uint256)   • write  contracts/Auction.sol:589  (Auction.('_endAuction', ['uint256'], []))   • read  contracts/Auction.sol:335  (Auction.('averageMaltPrice', ['uint256'], ['uint256'])) | report=https://github.com/code-423n4/2021-11-malt-findings/issues/375 | comments=[M-26] || sheet=59src | row=381 | abl=B6 | type=TP | finding=[single_var_cross_tx] stabilizeWindowEnd  tx-set -> stabilize()   • write  contracts/StabilizerNode.sol:152  (StabilizerNode.('stabilize', [], []))   • read  contracts/StabilizerNode.sol:148  (StabilizerNode.('stabilize', [], [])) | report= | comments=[M-26]",,,,,,
known-bug::WEB3BUGS-59-M-27,Web3Bugs-Code4rena-complement,WEB3BUGS-59-M-27,Code4rena,Medium,NA,2022-02-14,https://github.com/code-423n4/2021-11-malt-findings/issues/257,2021-11-malt#m-27,2021-11-malt,M-27,malt,Slippage checks when adding liquidity are too strict,"UniswapHandler.addLiquidity uses entire contract balances and 95 percent minimums, assuming local balances match pool ratio.","An attacker sends tokens directly to UniswapHandler to unbalance balances, causing addLiquidity to revert.",Avoid direct-balance assumptions; accept caller parameters or compute balanced amounts from reserves.,Web3Bugs report 59.md; Code4rena report; GitHub issue 257; UniswapHandler.sol,,,,,,,,
known-bug::WEB3BUGS-59-M-28,Web3Bugs-Code4rena-complement,WEB3BUGS-59-M-28,Code4rena,Medium,NA,2022-02-14,https://github.com/code-423n4/2021-11-malt-findings/issues/234,2021-11-malt#m-28,2021-11-malt,M-28,malt,Bonding.sol _unbondAndBreak does not account for edge case where no tokens are returned,"UniswapHandler returns LP tokens to Bonding when removeLiquidity returns zero Malt or reward tokens, but Bonding expects token proceeds.",User unbonds and breaks LP during the zero-return edge case; LP tokens are sent back to Bonding and become stuck instead of returned to user.,Handle the zero-return case in Bonding by reverting or forwarding LP tokens back to the user.,Web3Bugs report 59.md; Code4rena report; GitHub issue 234; Bonding.sol; UniswapHandler.sol,,,,,,,,
known-bug::WEB3BUGS-59-M-29,Web3Bugs-Code4rena-complement,WEB3BUGS-59-M-29,Code4rena,Medium,NA,2022-02-14,https://github.com/code-423n4/2021-11-malt-findings/issues/325,2021-11-malt#m-29,2021-11-malt,M-29,malt,User can bypass Recovery Mode via UniswapHandler to buy Malt,"Recovery mode blocks buying Malt, but UniswapHandler is whitelisted and addLiquidity can be abused with directly supplied tokens.","User swaps DAI to Malt with recipient UniswapHandler, adds matching liquidity, and gains exposure despite the buy block.",Disable addLiquidity or otherwise constrain handler paths during recovery mode.,Web3Bugs report 59.md; Code4rena report; GitHub issue 325; README Recovery Mode docs; UniswapHandler.sol; PoolTransferVerification.sol,,,,,,,,
known-bug::WEB3BUGS-59-M-30,Web3Bugs-Code4rena-complement,WEB3BUGS-59-M-30,Code4rena,Medium,NA,2022-02-14,https://github.com/code-423n4/2021-11-malt-findings/issues/373,2021-11-malt#m-30,2021-11-malt,M-30,malt,Malt Protocol Uses Stale Results From MaltDataLab Which Can Be Abused By Users,MaltDataLab price and pool moving averages are updated by an external updater rather than inline with state-changing protocol paths.,"If updates are censored or delayed, stabilize and other sensitive calls consume stale MaltDataLab values and can mint repeated incentives or misprice protocol actions.",Inline MaltDataLab tracking updates where relevant and use cumulative/TWAP data rather than spot samples.,Web3Bugs report 59.md; Code4rena report; GitHub issue 373; README MaltDataLab docs; MaltDataLab.sol; StabilizerNode.sol,,"sheet=59src | row=109 | abl=B1 | type=TP | finding=[multi_var_cross_contract] idToAuction, unclaimedArbTokens, epochState, {epochState}, _currentEpoch, samples, cumulativeValue, blockTimestampLast, counter  tx-set -> consult(uint256)   • write  contracts/MovingAverage.sol:208  (MovingAverage.('update', ['uint256'], []))   • write  contracts/Bonding.sol:318  (Bonding.('_updateEpochState', ['uint256'], []))   • read  contracts/Bonding.sol:299  (Bonding.('_updateEpochState', ['uint256'], []))   • read  contracts/Auction.sol:640  (Auction.('_finalizeAuction', ['uint256'], [])) | report= | comments=[M-30] || sheet=59src | row=151 | abl=B2 | type=TP | finding=[multi_var_cross_contract] idToAuction, unclaimedArbTokens, epochState, {epochState}, _currentEpoch, samples, cumulativeValue, blockTimestampLast, counter, daoRewardCut, lpRewardCut, callerRewardCut, auctionPoolRewardCut, swingTraderRewardCut, deployedCapital, {10, deployedCapital}  tx-set -> unbond(uint256)   • write  contracts/Bonding.sol:284  (Bonding.('_updateEpochState', ['uint256'], []))   • write  contracts/MovingAverage.sol:208  (MovingAverage.('update', ['uint256'], []))   • read  contracts/MovingAverage.sol:291  (MovingAverage.('updateCumulative', ['uint256'], []))   • read  contracts/MovingAverage.sol:294  (MovingAverage.('updateCumulative', ['uint256'], [])) | report= | comments=[M-30]",,,,,,
known-bug::WEB3BUGS-104-H-01,Web3Bugs-Code4rena-complement,WEB3BUGS-104-H-01,Code4rena,High,L8,2022-07-25,https://github.com/code-423n4/2022-03-joyn-findings/issues/52,2022-03-joyn#h-01,2022-03-joyn,H-01,joyn,ERC20 transferFrom return values not checked,ERC20 transferFrom return values are ignored in payment paths.,"A token can return false without reverting, allowing NFT mint/payment logic to proceed despite failed payment.",Check transferFrom success or use SafeERC20.safeTransferFrom.,Web3Bugs report 104.md; Code4rena report; GitHub issue 52; ERC721Payable.sol; CoreCollection.sol,,,,,,,,
known-bug::WEB3BUGS-104-H-02,Web3Bugs-Code4rena-complement,WEB3BUGS-104-H-02,Code4rena,High,S5-3,2022-07-25,https://github.com/code-423n4/2022-03-joyn-findings/issues/3,2022-03-joyn#h-02,2022-03-joyn,H-02,joyn,Splitter: Anyone can call incrementWindow to steal the tokens in the contract,incrementWindow trusts caller-provided RoyaltyVault interface responses instead of a specific authorized vault.,"A fake RoyaltyVault can increment windows so balanceForWindow exceeds real splitter funds, then claims drain contract tokens.",Restrict incrementWindow to the authorized RoyaltyVault address.,Web3Bugs report 104.md; Code4rena report; GitHub issue 3; Splitter.sol,,,,,,,,
known-bug::WEB3BUGS-104-H-03,Web3Bugs-Code4rena-complement,WEB3BUGS-104-H-03,Code4rena,High,L4,2022-07-25,https://github.com/code-423n4/2022-03-joyn-findings/issues/6,2022-03-joyn#h-03,2022-03-joyn,H-03,joyn,DoS: claimForAllWindows() May Be Made Unusable By An Attacker,claimForAllWindows iterates over unbounded currentWindow.,An attacker or organic growth can make currentWindow large enough that claimForAllWindows exceeds block gas limits.,Add ranged claims over startWindow/endWindow.,Web3Bugs report 104.md; Code4rena report; GitHub issue 6; Splitter.sol,,,,,,,,
known-bug::WEB3BUGS-104-H-04,Web3Bugs-Code4rena-complement,WEB3BUGS-104-H-04,Code4rena,High,S5-3,2022-07-25,https://github.com/code-423n4/2022-03-joyn-findings/issues/4,2022-03-joyn#h-04,2022-03-joyn,H-04,joyn,CoreCollection can be reinitialized,CoreCollection.initialize sets initialized but does not enforce it.,Owner can rerun initialize and reset core collection variables such as payableToken.,Add onlyUnInitialized guard to initialize.,Web3Bugs report 104.md; Code4rena report; GitHub issue 4; CoreCollection.sol,,,,,,,,
known-bug::WEB3BUGS-104-H-05,Web3Bugs-Code4rena-complement,WEB3BUGS-104-H-05,Code4rena,High,O1,2022-07-25,https://github.com/code-423n4/2022-03-joyn-findings/issues/9,2022-03-joyn#h-05,2022-03-joyn,H-05,joyn,Centralisation Risk: Owner Of RoyaltyVault Can Take All Funds,RoyaltyVault owner can set platformFee arbitrarily high.,Owner can set platform fee to capture all vault funds or block sendToSplitter/NFT transfer flows.,"Cap platformFee, prevent increases, and/or send current funds to splitter before fee changes.",Web3Bugs report 104.md; Code4rena report; GitHub issue 9; RoyaltyVault.sol,,,,,,,,
known-bug::WEB3BUGS-104-H-06,Web3Bugs-Code4rena-complement,WEB3BUGS-104-H-06,Code4rena,High,L5,2022-07-25,https://github.com/code-423n4/2022-03-joyn-findings/issues/108,2022-03-joyn#h-06,2022-03-joyn,H-06,joyn,STORAGE COLLISION BETWEEN PROXY AND IMPLEMENTATION (LACK EIP 1967),Proxy stores implementation/admin state in ordinary storage layout rather than EIP-1967 slots.,Implementation storage changes can collide with proxy storage and brick or corrupt the contract.,Use EIP-1967 unstructured storage slots or standard proxy implementations.,Web3Bugs report 104.md; Code4rena report; GitHub issue 108; CoreProxy.sol,,,,,,,,
known-bug::WEB3BUGS-104-H-07,Web3Bugs-Code4rena-complement,WEB3BUGS-104-H-07,Code4rena,High,L1,2022-07-25,https://github.com/code-423n4/2022-03-joyn-findings/issues/121,2022-03-joyn#h-07,2022-03-joyn,H-07,joyn,Duplicate NFTs Can Be Minted if payableToken Has a Callback Attached to it,mintToken performs payableToken payment before mint effects update totalSupply.,"A callback-enabled payableToken reenters mintToken while totalSupply is stale, bypassing supply/tokenId assumptions and minting duplicate NFTs.",Add reentrancy protection and follow checks-effects-interactions.,Web3Bugs report 104.md; Code4rena report; GitHub issue 121; CoreCollection.sol; ERC721Payable.sol,,,,,,,,
known-bug::WEB3BUGS-104-H-08,Web3Bugs-Code4rena-complement,WEB3BUGS-104-H-08,Code4rena,High,L8,2022-07-25,https://github.com/code-423n4/2022-03-joyn-findings/issues/80,2022-03-joyn#h-08,2022-03-joyn,H-08,joyn,Funds cannot be withdrawn in CoreCollection.withdraw,"withdraw uses transferFrom(address(this), msg.sender, amount) instead of transfer.",ERC20 allowance requirements can make the collection unable to withdraw its own funds.,Use transfer for self-held tokens or SafeERC20.safeTransfer.,Web3Bugs report 104.md; Code4rena report; GitHub issue 80; CoreCollection.sol,,,,,,,,
known-bug::WEB3BUGS-104-H-09,Web3Bugs-Code4rena-complement,WEB3BUGS-104-H-09,Code4rena,High,L8,2022-07-25,https://github.com/code-423n4/2022-03-joyn-findings/issues/83,2022-03-joyn#h-09,2022-03-joyn,H-09,joyn,ERC20 tokens with no return value will fail to transfer,RoyaltyVault uses ERC20 interface calls that expect boolean return data.,Non-standard ERC20 tokens with no return value can revert despite successful transfer semantics.,Use SafeERC20.,Web3Bugs report 104.md; Code4rena report; GitHub issue 83; RoyaltyVault.sol,,,,,,,,
known-bug::WEB3BUGS-104-M-01,Web3Bugs-Code4rena-complement,WEB3BUGS-104-M-01,Code4rena,Medium,NA,2022-07-25,https://github.com/code-423n4/2022-03-joyn-findings/issues/33,2022-03-joyn#m-01,2022-03-joyn,M-01,joyn,DoS: Attacker May Front-Run createSplit() With A merkleRoot Causing Future Transactions With The Same merkleRoot to Revert,createSplit uses merkleRoot as CREATE2 salt.,Attacker front-runs with the same merkleRoot/salt so the legitimate split deployment reverts.,Remove salt or include msg.sender/project-specific data in salt.,Web3Bugs report 104.md; Code4rena report; GitHub issue 33; SplitFactory.sol,,,,,,,,
known-bug::WEB3BUGS-104-M-02,Web3Bugs-Code4rena-complement,WEB3BUGS-104-M-02,Code4rena,Medium,NA,2022-07-25,https://github.com/code-423n4/2022-03-joyn-findings/issues/8,2022-03-joyn#m-02,2022-03-joyn,M-02,joyn,Fixed Amount of Gas Sent in Call May Be Insufficient,attemptETHTransfer uses a fixed 30000 gas stipend.,Receiver contracts or future gas repricing may make ETH withdrawals fail.,Avoid fixed gas stipend and use reentrancy guards / CEI.,Web3Bugs report 104.md; Code4rena report; GitHub issue 8; Splitter.sol,,,,,,,,
known-bug::WEB3BUGS-104-M-03,Web3Bugs-Code4rena-complement,WEB3BUGS-104-M-03,Code4rena,Medium,NA,2022-07-25,https://github.com/code-423n4/2022-03-joyn-findings/issues/130,2022-03-joyn#m-03,2022-03-joyn,M-03,joyn,RoyaltyVault.sol is Not Equipped to Handle On-Chain Royalties From Secondary Sales,Protocol lacks on-chain secondary-sale royalty handling despite docs/intent.,Secondary royalties depend on off-chain marketplace configuration and can be bypassed on other marketplaces.,Implement on-chain royalty support such as ERC2981.,Web3Bugs report 104.md; Code4rena report; GitHub issue 130; README.md; RoyaltyVault.sol,,,,,,,,
known-bug::WEB3BUGS-104-M-04,Web3Bugs-Code4rena-complement,WEB3BUGS-104-M-04,Code4rena,Medium,NA,2022-07-25,https://github.com/code-423n4/2022-03-joyn-findings/issues/26,2022-03-joyn#m-04,2022-03-joyn,M-04,joyn,createProject can be frontrun,Anyone can call createProject for an available project id.,Attacker front-runs project creation and becomes collection owner.,Use whitelist or signed authorization for project creation.,Web3Bugs report 104.md; Code4rena report; GitHub issue 26; CoreFactory.sol,,,,,,,,
known-bug::WEB3BUGS-104-M-05,Web3Bugs-Code4rena-complement,WEB3BUGS-104-M-05,Code4rena,Medium,NA,2022-07-25,https://github.com/code-423n4/2022-03-joyn-findings/issues/27,2022-03-joyn#m-05,2022-03-joyn,M-05,joyn,Gas costs will likely result in any fees sent to the Splitter being economically unviable to recover,"Each NFT sale can create a separate splitter window, forcing costly per-window claims.",Royalty recipients may spend more gas claiming small per-window fees than the fees are worth.,Remove or redesign window mechanism; make royalty splitting asynchronous/aggregated.,Web3Bugs report 104.md; Code4rena report; GitHub issue 27; CoreCollection.sol; RoyaltyVault.sol; Splitter.sol,,,,,,,,
known-bug::WEB3BUGS-104-M-06,Web3Bugs-Code4rena-complement,WEB3BUGS-104-M-06,Code4rena,Medium,NA,2022-07-25,https://github.com/code-423n4/2022-03-joyn-findings/issues/37,2022-03-joyn#m-06,2022-03-joyn,M-06,joyn,CoreCollection's token transfer can be disabled,Royalty splitting during token transfer assumes royaltyAsset handles zero transfers and direct tiny balances safely.,Attacker manipulates RoyaltyVault balance to one wei so sendToSplitter attempts zero/invalid transfers and blocks NFT transfers for certain tokens.,"Make sendToSplitter fail-safe, add thresholds, or avoid requiring royalty distribution during NFT transfers.",Web3Bugs report 104.md; Code4rena report; GitHub issue 37; CoreCollection.sol; RoyaltyVault.sol; Splitter.sol,,,,,,,,
known-bug::WEB3BUGS-104-M-07,Web3Bugs-Code4rena-complement,WEB3BUGS-104-M-07,Code4rena,Medium,NA,2022-07-25,https://github.com/code-423n4/2022-03-joyn-findings/issues/43,2022-03-joyn#m-07,2022-03-joyn,M-07,joyn,Ineffective Handling of FoT or Rebasing Tokens,RoyaltyVault records nominal splitterShare in Splitter windows rather than actual tokens received after transfer.,"FoT/rebasing tokens make Splitter balance diverge from recorded window amount, causing overclaims, underclaims, or stuck funds.",Measure Splitter balance before/after transfer and increment window by actual received amount; document unsupported tokens if not supported.,Web3Bugs report 104.md; Code4rena report; GitHub issue 43; RoyaltyVault.sol; Splitter.sol,,,,,,,,
known-bug::WEB3BUGS-104-M-08,Web3Bugs-Code4rena-complement,WEB3BUGS-104-M-08,Code4rena,Medium,NA,2022-07-25,https://github.com/code-423n4/2022-03-joyn-findings/issues/50,2022-03-joyn#m-08,2022-03-joyn,M-08,joyn,"CoreCollection: Starting index is pseudo-randomly generated, allowing for gameable NFT launches",startingIndex randomness uses predictable block.number-derived data.,Users can predict future starting indexes and game NFT minting to target rare items.,Use stronger randomness such as commit-reveal or VRF-like source.,Web3Bugs report 104.md; Code4rena report; GitHub issue 50; CoreCollection.sol,"sheet=104core-contracts | row=2 | abl=B0 | type=TP | finding=[single_var_cross_tx] startingIndex  tx-set -> setStartingIndex()   • write  contracts/CoreCollection.sol:225  (CoreCollection.('setStartingIndex', [], []))   • read  contracts/CoreCollection.sol:220  (CoreCollection.('setStartingIndex', [], []))   • read  contracts/CoreCollection.sol:261  (CoreCollection.('mint', ['address'], ['uint256'])) | report=https://github.com/code-423n4/2022-03-joyn-findings/issues/50 | comments=[M-08] “CoreCollection: Starting index is pseudo-randomly generated, allowing for gameable NFT launches”","sheet=104core-contracts | row=2 | abl=B0 | type=TP | finding=[single_var_cross_tx] startingIndex  tx-set -> setStartingIndex()   • write  contracts/CoreCollection.sol:225  (CoreCollection.('setStartingIndex', [], []))   • read  contracts/CoreCollection.sol:220  (CoreCollection.('setStartingIndex', [], []))   • read  contracts/CoreCollection.sol:261  (CoreCollection.('mint', ['address'], ['uint256'])) | report=https://github.com/code-423n4/2022-03-joyn-findings/issues/50 | comments=[M-08] “CoreCollection: Starting index is pseudo-randomly generated, allowing for gameable NFT launches” || sheet=104core-contracts | row=3 | abl=B1 | type=TP | finding=[single_var_cross_tx] startingIndex  tx-set -> setStartingIndex()   • write  contracts/CoreCollection.sol:225  (CoreCollection.('setStartingIndex', [], []))   • read  contracts/CoreCollection.sol:264  (CoreCollection.('mint', ['address'], ['uint256']))   • read  contracts/CoreCollection.sol:220  (CoreCollection.('setStartingIndex', [], [])) | report=https://github.com/code-423n4/2022-03-joyn-findings/issues/50 | comments=[M-08] “CoreCollection: Starting index is pseudo-randomly generated, allowing for gameable NFT launches” || sheet=104core-contracts | row=4 | abl=B2 | type=TP | finding=[single_var_cross_tx] startingIndex  tx-set -> setStartingIndex()   • write  contracts/CoreCollection.sol:225  (CoreCollection.('setStartingIndex', [], []))   • read  contracts/CoreCollection.sol:264  (CoreCollection.('mint', ['address'], ['uint256']))   • read  contracts/CoreCollection.sol:220  (CoreCollection.('setStartingIndex', [], [])) | report=https://github.com/code-423n4/2022-03-joyn-findings/issues/50 | comments=[M-08] “CoreCollection: Starting index is pseudo-randomly generated, allowing for gameable NFT launches” || sheet=104core-contracts | row=5 | abl=B3 | type=TP | finding=[single_var_cross_tx] startingIndex  tx-set -> setStartingIndex()   • write  contracts/CoreCollection.sol:225  (CoreCollection.('setStartingIndex', [], []))   • read  contracts/CoreCollection.sol:231  (CoreCollection.('setStartingIndex', [], []))   • read  contracts/CoreCollection.sol:264  (CoreCollection.('mint', ['address'], ['uint256'])) | report=https://github.com/code-423n4/2022-03-joyn-findings/issues/50 | comments=[M-08] “CoreCollection: Starting index is pseudo-randomly generated, allowing for gameable NFT launches” || sheet=104core-contracts | row=6 | abl=B4 | type=TP | finding=[single_var_cross_tx] startingIndex  tx-set -> setStartingIndex()   • write  contracts/CoreCollection.sol:225  (CoreCollection.('setStartingIndex', [], []))   • read  contracts/CoreCollection.sol:261  (CoreCollection.('mint', ['address'], ['uint256']))   • read  contracts/CoreCollection.sol:231  (CoreCollection.('setStartingIndex', [], [])) | report=https://github.com/code-423n4/2022-03-joyn-findings/issues/50 | comments=[M-08] “CoreCollection: Starting index is pseudo-randomly generated, allowing for gameable NFT launches” || sheet=104core-contracts | row=7 | abl=B6 | type=TP | finding=[single_var_cross_tx] startingIndex  tx-set -> setStartingIndex()   • write  contracts/CoreCollection.sol:225  (CoreCollection.('setStartingIndex', [], []))   • read  contracts/CoreCollection.sol:264  (CoreCollection.('mint', ['address'], ['uint256']))   • read  contracts/CoreCollection.sol:220  (CoreCollection.('setStartingIndex', [], [])) | report=https://github.com/code-423n4/2022-03-joyn-findings/issues/50 | comments=[M-08] “CoreCollection: Starting index is pseudo-randomly generated, allowing for gameable NFT launches”",,,,,,
known-bug::WEB3BUGS-104-M-09,Web3Bugs-Code4rena-complement,WEB3BUGS-104-M-09,Code4rena,Medium,NA,2022-07-25,https://github.com/code-423n4/2022-03-joyn-findings/issues/53,2022-03-joyn#m-09,2022-03-joyn,M-09,joyn,Differing percentage denominators causes confusion and potentially brick claims,Code defines PERCENTAGE_SCALE differently from denominator actually used in calculations.,"Users may build Merkle splits with the wrong denominator, causing claim amounts to exceed funds and fail.",Remove unused PERCENTAGE_SCALE or align denominator constants and docs.,Web3Bugs report 104.md; Code4rena report; GitHub issue 53; Splitter.sol,,,,,,,,
known-bug::WEB3BUGS-104-M-10,Web3Bugs-Code4rena-complement,WEB3BUGS-104-M-10,Code4rena,Medium,NA,2022-07-25,https://github.com/code-423n4/2022-03-joyn-findings/issues/112,2022-03-joyn#m-10,2022-03-joyn,M-10,joyn,Add a timelock to setPlatformFee(),Critical platform fee changes lack timelock delay.,Users cannot react before privileged fee changes take effect.,Add timelock to setPlatformFee.,Web3Bugs report 104.md; Code4rena report; GitHub issue 112; SplitFactory.sol; RoyaltyVault.sol,,,,,,,,
known-bug::WEB3BUGS-104-M-11,Web3Bugs-Code4rena-complement,WEB3BUGS-104-M-11,Code4rena,Medium,NA,2022-07-25,https://github.com/code-423n4/2022-03-joyn-findings/issues/81,2022-03-joyn#m-11,2022-03-joyn,M-11,joyn,Not handling return value of transferFrom command can create inconsistency,transferFrom return value is unchecked before emitting events.,"If transferFrom fails by returning false, protocol emits events that downstream systems may treat as successful transfer/payment.",Require transferFrom success before emitting success events.,Web3Bugs report 104.md; Code4rena report; GitHub issue 81; CoreCollection.sol; ERC721Payable.sol,,,,,,,,
known-bug::WEB3BUGS-104-M-12,Web3Bugs-Code4rena-complement,WEB3BUGS-104-M-12,Code4rena,Medium,NA,2022-07-25,https://github.com/code-423n4/2022-03-joyn-findings/issues/73,2022-03-joyn#m-12,2022-03-joyn,M-12,joyn,"CoreCollection.setRoyaltyVault doesn't check royaltyVault.royaltyAsset against payableToken, resulting in potential permanent lock of payableTokens in RoyaltyVault",CoreCollection can bind to a RoyaltyVault whose royaltyAsset differs from the collection payableToken.,"Minting fees in payableToken are transferred to an incompatible RoyaltyVault that only distributes royaltyAsset, permanently locking payableToken funds.",Check payableToken equals RoyaltyVault.royaltyAsset before setting royaltyVault.,Web3Bugs report 104.md; Code4rena report; GitHub issue 73; CoreCollection.sol; ERC721Payable.sol; RoyaltyVault.sol,,,,,,,,
known-bug::WEB3BUGS-60-H-01,Web3Bugs-Code4rena-complement,WEB3BUGS-60-H-01,Code4rena,High,S6-4,2022-01-24,https://github.com/code-423n4/2021-12-perennial-findings/issues/18,2021-12-perennial#h-01,2021-12-perennial,H-01,perennial,Wrong shortfall calculation,OptimisticLedger.settleAccount double-adds existing shortfall when computing a new shortfall.,"Settling an account with negative balance inflates global shortfall beyond the actual deficit, blocking correct withdrawals unless funds are donated.",Assign the computed shortfall once instead of adding the previous shortfall twice.,Web3Bugs report 60.md; Code4rena report; GitHub issue 18; OptimisticLedger.sol,,,,,,,,
known-bug::WEB3BUGS-60-H-02,Web3Bugs-Code4rena-complement,WEB3BUGS-60-H-02,Code4rena,High,SC,2022-01-24,https://github.com/code-423n4/2021-12-perennial-findings/issues/74,2021-12-perennial#h-02,2021-12-perennial,H-02,perennial,withdrawTo Does Not Sync Before Checking A Position's Margin Requirements,"Collateral.withdrawTo performs collateral withdrawal without settling the account/product first, so margin checks can use stale oracle-derived position maintenance.",A user can withdraw collateral while an account is undercollateralized if the oracle/product state has not been synced before the maintenance invariant check.,Call settleForAccount before withdrawal margin checks so maintenance is evaluated against current oracle-settled position state.,Web3Bugs report 60.md; Code4rena report; GitHub issue 74; Collateral.sol; AccountPosition.sol,,,,,,,,
known-bug::WEB3BUGS-60-M-01,Web3Bugs-Code4rena-complement,WEB3BUGS-60-M-01,Code4rena,Medium,,2022-01-24,https://github.com/code-423n4/2021-12-perennial-findings/issues/63,2021-12-perennial#m-01,2021-12-perennial,M-01,perennial,No checks if given product is created by the factory,Collateral accepts arbitrary product addresses instead of checking that a product was created by the protocol factory.,"A malicious product can return arbitrary maintenance values, trap deposits, and later liquidate or claim collateral from users who interact with the fake product.",Verify product addresses against a factory-maintained registry or query the factory before accepting product interactions.,Web3Bugs report 60.md; Code4rena report; GitHub issue 63; Collateral.sol,,,,,,,,
known-bug::WEB3BUGS-60-M-02,Web3Bugs-Code4rena-complement,WEB3BUGS-60-M-02,Code4rena,Medium,,2022-01-24,https://github.com/code-423n4/2021-12-perennial-findings/issues/13,2021-12-perennial#m-02,2021-12-perennial,M-02,perennial,Multiple initialization of Collateral contract,"Collateral.initialize lacks a one-time initializer guard, allowing setup values to be changed through repeated initialization under specific deployment conditions.","A malicious deployer or setup flow can initialize with one token/factory configuration, perform actions, and later reinitialize with the intended configuration, hiding the earlier setup.",Add a proper initializer guard / UInitializable pattern so Collateral can only be initialized once.,Web3Bugs report 60.md; Code4rena report; GitHub issue 13; Collateral.initialize,,,,,,,,
known-bug::WEB3BUGS-60-M-03,Web3Bugs-Code4rena-complement,WEB3BUGS-60-M-03,Code4rena,Medium,,2022-01-24,https://github.com/code-423n4/2021-12-perennial-findings/issues/24,2021-12-perennial#m-03,2021-12-perennial,M-03,perennial,Chainlink's latestRoundData might return stale or incorrect results,"ChainlinkOracle.sync reads latestRoundData without validating stale rounds, round completion, or nonzero/positive price conditions.","The oracle can record or use stale Chainlink data as the protocol price, feeding stale price into downstream margin/accounting decisions.","Validate Chainlink round data using answeredInRound, timestamp, round completion, and positive price checks before accepting the value.",Web3Bugs report 60.md; Code4rena report; GitHub issue 24; ChainlinkOracle.sol,,,,,,,,
known-bug::WEB3BUGS-72-H-01,Web3Bugs-Code4rena-complement,WEB3BUGS-72-H-01,Code4rena,High,L8,2022-03-09,https://github.com/code-423n4/2022-01-openleverage-findings/issues/75,2022-01-openleverage#h-01,2022-01-openleverage,H-01,openleverage,"OpenLevV1Lib's and LPool's doTransferOut functions call native payable.transfer, which can be unusable for smart contract calls",Native-token withdrawals use payable.transfer with the fixed 2300 gas stipend.,"Smart-contract recipients with fallback logic can be unable to receive native-token withdrawals, causing closeTrade, liquidate, redeem, borrow, or repay flows to fail.",Replace transfer with checked low-level call or Address.sendValue in the affected native-token transfer paths.,Web3Bugs report 72.md; Code4rena report; GitHub issue 75; OpenLevV1Lib.sol; LPool.sol,"sheet=72openleverage-contracts | row=4 | abl=B0 | type=TP | finding=[multi_var_cross_contract] lpoolDistributions, {lpoolDistributions}, {block.timestamp, lpoolDistributions}, {lpoolDistributions}, markets, {markets}, locked, totalReserves, {reserveFactorMantissa, totalBorrows, totalReserves}, {totalBorrows, totalReserves}  tx-set -> liquidate(address,uint16,bool,uint256,uint256,bytes)   • write  contracts/OpenLevV1.sol:438  (OpenLevV1.('feesAndInsurance', ['address', 'uint256', 'address', 'uint16', 'uint256', 'uint256'], ['uint256']))   • write  contracts/liquidity/LPool.sol:982  (LPool.('reduceReserves', ['address', 'uint256'], []))   • read  contracts/ControllerV1.sol:349  (ControllerV1.('distributeRewards2Pool', ['address', 'uint256', 'uint256', 'uint64', 'uint64'], []))   • read  contracts/XOLE.sol:311  (XOLE.('_deposit_for', ['address', 'uint256', 'uint256', 'XOLEStorage.LockedBalance', 'int128'], [])) | report=https://github.com/code-423n4/2022-01-openleverage-findings/issues/75 | comments=[H-01]","sheet=72openleverage-contracts | row=4 | abl=B0 | type=TP | finding=[multi_var_cross_contract] lpoolDistributions, {lpoolDistributions}, {block.timestamp, lpoolDistributions}, {lpoolDistributions}, markets, {markets}, locked, totalReserves, {reserveFactorMantissa, totalBorrows, totalReserves}, {totalBorrows, totalReserves}  tx-set -> liquidate(address,uint16,bool,uint256,uint256,bytes)   • write  contracts/OpenLevV1.sol:438  (OpenLevV1.('feesAndInsurance', ['address', 'uint256', 'address', 'uint16', 'uint256', 'uint256'], ['uint256']))   • write  contracts/liquidity/LPool.sol:982  (LPool.('reduceReserves', ['address', 'uint256'], []))   • read  contracts/ControllerV1.sol:349  (ControllerV1.('distributeRewards2Pool', ['address', 'uint256', 'uint256', 'uint64', 'uint64'], []))   • read  contracts/XOLE.sol:311  (XOLE.('_deposit_for', ['address', 'uint256', 'uint256', 'XOLEStorage.LockedBalance', 'int128'], [])) | report=https://github.com/code-423n4/2022-01-openleverage-findings/issues/75 | comments=[H-01]",,,,,,
known-bug::WEB3BUGS-72-M-01,Web3Bugs-Code4rena-complement,WEB3BUGS-72-M-01,Code4rena,Medium,,2022-03-09,https://github.com/code-423n4/2022-01-openleverage-findings/issues/208,2022-01-openleverage#m-01,2022-01-openleverage,M-01,openleverage,UniV2ClassDex.sol#uniClassSell() Tokens with fee on transfer are not fully supported,uniClassSell checks computed buyAmount against minBuyAmount instead of the actual bought balance delta for fee-on-transfer tokens.,A fee-on-transfer buy token can make the actual amount received lower than minBuyAmount while the computed getAmountOut value still passes the slippage check.,Compare the actual bought amount from before/after balance delta against minBuyAmount.,Web3Bugs report 72.md; Code4rena report; GitHub issue 208; UniV2ClassDex.sol,,,,,,,,
known-bug::WEB3BUGS-72-M-02,Web3Bugs-Code4rena-complement,WEB3BUGS-72-M-02,Code4rena,Medium,,2022-03-09,https://github.com/code-423n4/2022-01-openleverage-findings/issues/61,2022-01-openleverage#m-02,2022-01-openleverage,M-02,openleverage,Missing payable,LPool.addReserves uses msg.value but is not marked payable.,Users cannot add native-token reserves through a function that reads msg.value because calls with ETH revert at the ABI/modifier boundary.,Mark addReserves payable when it is intended to accept native ETH value.,Web3Bugs report 72.md; Code4rena report; GitHub issue 61; LPool.sol,"sheet=72openleverage-contracts | row=79 | abl=B0 | type=TP | finding=[multi_var_cross_contract] totalReserves, {reserveFactorMantissa, totalBorrows, totalReserves}, {totalBorrows, totalReserves}  tx-set -> accrueInterest(), addReserves(uint256)   • write  contracts/liquidity/LPool.sol:636  (LPool.('accrueInterest', [], []))   • write  contracts/liquidity/LPool.sol:974  (LPool.('addReserves', ['uint256'], []))   • read  contracts/liquidity/LPool.sol:591  (LPool.('accrueInterest', [], []))   • read  contracts/liquidity/LPool.sol:973  (LPool.('addReserves', ['uint256'], [])) | report=https://github.com/code-423n4/2022-01-openleverage-findings/issues/61 | comments=[M-02] || sheet=72openleverage-contracts | row=80 | abl=B0 | type=TP | finding=[multi_var_cross_contract] totalReserves, {reserveFactorMantissa, totalBorrows, totalReserves}, {totalBorrows, totalReserves}  tx-set -> addReserves(uint256)   • write  contracts/liquidity/LPool.sol:974  (LPool.('addReserves', ['uint256'], []))   • read  contracts/liquidity/LPool.sol:973  (LPool.('addReserves', ['uint256'], [])) | report=https://github.com/code-423n4/2022-01-openleverage-findings/issues/61 | comments=[M-02] || sheet=72openleverage-contracts | row=81 | abl=B0 | type=TP | finding=[multi_var_cross_contract] totalReserves, {reserveFactorMantissa, totalBorrows, totalReserves}, {totalBorrows, totalReserves}  tx-set -> addReserves(uint256), liquidate(address,uint16,bool,uint256,uint256,bytes)   • write  contracts/liquidity/LPool.sol:974  (LPool.('addReserves', ['uint256'], []))   • read  contracts/liquidity/LPool.sol:981  (LPool.('reduceReserves', ['address', 'uint256'], []))   • read  contracts/liquidity/LPool.sol:562  (LPool.('calCurrentBorrowIndex', [], ['CarefulMath.MathError', 'uint256'])) | report=https://github.com/code-423n4/2022-01-openleverage-findings/issues/61 | comments=[M-02] || sheet=72openleverage-contracts | row=82 | abl=B0 | type=TP | finding=[multi_var_cross_contract] totalReserves, {reserveFactorMantissa, totalBorrows, totalReserves}, {totalBorrows, totalReserves}  tx-set -> addReserves(uint256), availableForBorrow()   • write  contracts/liquidity/LPool.sol:974  (LPool.('addReserves', ['uint256'], []))   • read  contracts/liquidity/LPool.sol:305  (LPool.('availableForBorrow', [], ['uint256'])) | report=https://github.com/code-423n4/2022-01-openleverage-findings/issues/61 | comments=[M-02] || sheet=72openleverage-contracts | row=83 | abl=B0 | type=TP | finding=[multi_var_cross_contract] totalReserves, {reserveFactorMantissa, totalBorrows, totalReserves}, {totalBorrows, totalReserves}  tx-set -> addReserves(uint256), totalBorrowsCurrent()   • write  contracts/liquidity/LPool.sol:974  (LPool.('addReserves', ['uint256'], []))   • read  contracts/liquidity/LPool.sol:412  (LPool.('totalBorrowsCurrent', [], ['uint256'])) | report=https://github.com/code-423n4/2022-01-openleverage-findings/issues/61 | comments=[M-02] || sheet=72openleverage-contracts | row=84 | abl=B0 | type=TP | finding=[multi_var_cross_contract] totalReserves, {reserveFactorMantissa, totalBorrows, totalReserves}, {totalBorrows, totalReserves}  tx-set -> addReserves(uint256), borrowRatePerBlock()   • write  contracts/liquidity/LPool.sol:974  (LPool.('addReserves', ['uint256'], []))   • read  contracts/liquidity/LPool.sol:533  (LPool.('exchangeRateStoredInternal', [], ['CarefulMath.MathError', 'uint256'])) | report=https://github.com/code-423n4/2022-01-openleverage-findings/issues/61 | comments=[M-02]","sheet=72openleverage-contracts | row=79 | abl=B0 | type=TP | finding=[multi_var_cross_contract] totalReserves, {reserveFactorMantissa, totalBorrows, totalReserves}, {totalBorrows, totalReserves}  tx-set -> accrueInterest(), addReserves(uint256)   • write  contracts/liquidity/LPool.sol:636  (LPool.('accrueInterest', [], []))   • write  contracts/liquidity/LPool.sol:974  (LPool.('addReserves', ['uint256'], []))   • read  contracts/liquidity/LPool.sol:591  (LPool.('accrueInterest', [], []))   • read  contracts/liquidity/LPool.sol:973  (LPool.('addReserves', ['uint256'], [])) | report=https://github.com/code-423n4/2022-01-openleverage-findings/issues/61 | comments=[M-02] || sheet=72openleverage-contracts | row=80 | abl=B0 | type=TP | finding=[multi_var_cross_contract] totalReserves, {reserveFactorMantissa, totalBorrows, totalReserves}, {totalBorrows, totalReserves}  tx-set -> addReserves(uint256)   • write  contracts/liquidity/LPool.sol:974  (LPool.('addReserves', ['uint256'], []))   • read  contracts/liquidity/LPool.sol:973  (LPool.('addReserves', ['uint256'], [])) | report=https://github.com/code-423n4/2022-01-openleverage-findings/issues/61 | comments=[M-02] || sheet=72openleverage-contracts | row=81 | abl=B0 | type=TP | finding=[multi_var_cross_contract] totalReserves, {reserveFactorMantissa, totalBorrows, totalReserves}, {totalBorrows, totalReserves}  tx-set -> addReserves(uint256), liquidate(address,uint16,bool,uint256,uint256,bytes)   • write  contracts/liquidity/LPool.sol:974  (LPool.('addReserves', ['uint256'], []))   • read  contracts/liquidity/LPool.sol:981  (LPool.('reduceReserves', ['address', 'uint256'], []))   • read  contracts/liquidity/LPool.sol:562  (LPool.('calCurrentBorrowIndex', [], ['CarefulMath.MathError', 'uint256'])) | report=https://github.com/code-423n4/2022-01-openleverage-findings/issues/61 | comments=[M-02] || sheet=72openleverage-contracts | row=82 | abl=B0 | type=TP | finding=[multi_var_cross_contract] totalReserves, {reserveFactorMantissa, totalBorrows, totalReserves}, {totalBorrows, totalReserves}  tx-set -> addReserves(uint256), availableForBorrow()   • write  contracts/liquidity/LPool.sol:974  (LPool.('addReserves', ['uint256'], []))   • read  contracts/liquidity/LPool.sol:305  (LPool.('availableForBorrow', [], ['uint256'])) | report=https://github.com/code-423n4/2022-01-openleverage-findings/issues/61 | comments=[M-02] || sheet=72openleverage-contracts | row=83 | abl=B0 | type=TP | finding=[multi_var_cross_contract] totalReserves, {reserveFactorMantissa, totalBorrows, totalReserves}, {totalBorrows, totalReserves}  tx-set -> addReserves(uint256), totalBorrowsCurrent()   • write  contracts/liquidity/LPool.sol:974  (LPool.('addReserves', ['uint256'], []))   • read  contracts/liquidity/LPool.sol:412  (LPool.('totalBorrowsCurrent', [], ['uint256'])) | report=https://github.com/code-423n4/2022-01-openleverage-findings/issues/61 | comments=[M-02] || sheet=72openleverage-contracts | row=84 | abl=B0 | type=TP | finding=[multi_var_cross_contract] totalReserves, {reserveFactorMantissa, totalBorrows, totalReserves}, {totalBorrows, totalReserves}  tx-set -> addReserves(uint256), borrowRatePerBlock()   • write  contracts/liquidity/LPool.sol:974  (LPool.('addReserves', ['uint256'], []))   • read  contracts/liquidity/LPool.sol:533  (LPool.('exchangeRateStoredInternal', [], ['CarefulMath.MathError', 'uint256'])) | report=https://github.com/code-423n4/2022-01-openleverage-findings/issues/61 | comments=[M-02] || sheet=72openleverage-contracts | row=167 | abl=B1 | type=TP | finding=[multi_var_cross_contract] totalReserves, {totalBorrows, totalReserves}, {reserveFactorMantissa, totalBorrows, totalReserves}  tx-set -> addReserves(uint256), availableForBorrow()   • write  contracts/liquidity/LPool.sol:974  (LPool.('addReserves', ['uint256'], []))   • read  contracts/liquidity/LPool.sol:305  (LPool.('availableForBorrow', [], ['uint256'])) | report= | comments=[M-02] adjacent || sheet=72openleverage-contracts | row=171 | abl=B1 | type=TP | finding=[multi_var_cross_contract] totalReserves, {totalBorrows, totalReserves}, {reserveFactorMantissa, totalBorrows, totalReserves}  tx-set -> addReserves(uint256), liquidateAllowed(uint256,address,uint256,bytes)   • write  contracts/liquidity/LPool.sol:974  (LPool.('addReserves', ['uint256'], []))   • read  contracts/liquidity/LPool.sol:981  (LPool.('reduceReserves', ['address', 'uint256'], [])) | report=https://github.com/code-423n4/2022-01-openleverage-findings/issues/61 | comments=[M-02] || sheet=72openleverage-contracts | row=172 | abl=B1 | type=TP | finding=[multi_var_cross_contract] totalReserves, {totalBorrows, totalReserves}, {reserveFactorMantissa, totalBorrows, totalReserves}  tx-set -> addReserves(uint256)   • write  contracts/liquidity/LPool.sol:974  (LPool.('addReserves', ['uint256'], []))   • read  contracts/liquidity/LPool.sol:973  (LPool.('addReserves', ['uint256'], [])) | report=https://github.com/code-423n4/2022-01-openleverage-findings/issues/61 | comments=[M-02] || sheet=72openleverage-contracts | row=173 | abl=B1 | type=TP | finding=[multi_var_cross_contract] totalReserves, {totalBorrows, totalReserves}, {reserveFactorMantissa, totalBorrows, totalReserves}  tx-set -> accrueInterest(), liquidateAllowed(uint256,address,uint256,bytes)   • write  contracts/liquidity/LPool.sol:636  (LPool.('accrueInterest', [], []))   • read  contracts/liquidity/LPool.sol:981  (LPool.('reduceReserves', ['address', 'uint256'], [])) | report=https://github.com/code-423n4/2022-01-openleverage-findings/issues/61 | comments=[M-02] || sheet=72openleverage-contracts | row=174 | abl=B1 | type=TP | finding=[multi_var_cross_contract] totalReserves, {totalBorrows, totalReserves}, {reserveFactorMantissa, totalBorrows, totalReserves}  tx-set -> liquidateAllowed(uint256,address,uint256,bytes)   • write  contracts/liquidity/LPool.sol:982  (LPool.('reduceReserves', ['address', 'uint256'], []))   • read  contracts/liquidity/LPool.sol:981  (LPool.('reduceReserves', ['address', 'uint256'], [])) | report=https://github.com/code-423n4/2022-01-openleverage-findings/issues/61 | comments=[M-02] || sheet=72openleverage-contracts | row=257 | abl=B2 | type=TP | finding=[multi_var_cross_contract] totalReserves, {totalBorrows, totalReserves}, {reserveFactorMantissa, totalBorrows, totalReserves}  tx-set -> addReserves(uint256), totalBorrowsCurrent()   • write  contracts/liquidity/LPool.sol:974  (LPool.('addReserves', ['uint256'], []))   • read  contracts/liquidity/LPool.sol:412  (LPool.('totalBorrowsCurrent', [], ['uint256'])) | report=https://github.com/code-423n4/2022-01-openleverage-findings/issues/61 | comments=[M-02] || sheet=72openleverage-contracts | row=258 | abl=B2 | type=TP | finding=[multi_var_cross_contract] totalReserves, {totalBorrows, totalReserves}, {reserveFactorMantissa, totalBorrows, totalReserves}  tx-set -> addReserves(uint256)   • write  contracts/liquidity/LPool.sol:974  (LPool.('addReserves', ['uint256'], []))   • read  contracts/liquidity/LPool.sol:973  (LPool.('addReserves', ['uint256'], [])) | report=https://github.com/code-423n4/2022-01-openleverage-findings/issues/61 | comments=[M-02] || sheet=72openleverage-contracts | row=340 | abl=B3 | type=TP | finding=[multi_var_cross_contract] totalReserves, {reserveFactorMantissa, totalBorrows, totalReserves}, {totalBorrows, totalReserves}  tx-set -> accrueInterest(), addReserves(uint256)   • write  contracts/liquidity/LPool.sol:636  (LPool.('accrueInterest', [], []))   • write  contracts/liquidity/LPool.sol:974  (LPool.('addReserves', ['uint256'], []))   • read  contracts/liquidity/LPool.sol:591  (LPool.('accrueInterest', [], []))   • read  contracts/liquidity/LPool.sol:973  (LPool.('addReserves', ['uint256'], [])) | report=https://github.com/code-423n4/2022-01-openleverage-findings/issues/61 | comments=[M-02] || sheet=72openleverage-contracts | row=341 | abl=B3 | type=TP | finding=[multi_var_cross_contract] totalReserves, {reserveFactorMantissa, totalBorrows, totalReserves}, {totalBorrows, totalReserves}  tx-set -> addReserves(uint256), availableForBorrow()   • write  contracts/liquidity/LPool.sol:974  (LPool.('addReserves', ['uint256'], []))   • read  contracts/liquidity/LPool.sol:305  (LPool.('availableForBorrow', [], ['uint256'])) | report=https://github.com/code-423n4/2022-01-openleverage-findings/issues/61 | comments=[M-02] || sheet=72openleverage-contracts | row=342 | abl=B3 | type=TP | finding=[multi_var_cross_contract] totalReserves, {reserveFactorMantissa, totalBorrows, totalReserves}, {totalBorrows, totalReserves}  tx-set -> addReserves(uint256), getSupplyRewards(LPoolInterface[],address)   • write  contracts/liquidity/LPool.sol:974  (LPool.('addReserves', ['uint256'], []))   • read  contracts/liquidity/LPool.sol:981  (LPool.('reduceReserves', ['address', 'uint256'], []))   • read  contracts/liquidity/LPool.sol:906  (LPool.('repayBorrowFresh', ['address', 'address', 'uint256', 'bool'], ['uint256'])) | report=https://github.com/code-423n4/2022-01-openleverage-findings/issues/61 | comments=[M-02] || sheet=72openleverage-contracts | row=343 | abl=B3 | type=TP | finding=[multi_var_cross_contract] totalReserves, {reserveFactorMantissa, totalBorrows, totalReserves}, {totalBorrows, totalReserves}  tx-set -> addReserves(uint256), supplyRatePerBlock()   • write  contracts/liquidity/LPool.sol:974  (LPool.('addReserves', ['uint256'], []))   • write  contracts/liquidity/LPool.sol:915  (LPool.('repayBorrowFresh', ['address', 'address', 'uint256', 'bool'], ['uint256']))   • read  contracts/liquidity/LPool.sol:533  (LPool.('exchangeRateStoredInternal', [], ['CarefulMath.MathError', 'uint256']))   • read  contracts/liquidity/LPool.sol:562  (LPool.('calCurrentBorrowIndex', [], ['CarefulMath.MathError', 'uint256'])) | report=https://github.com/code-423n4/2022-01-openleverage-findings/issues/61 | comments=[M-02] || sheet=72openleverage-contracts | row=344 | abl=B3 | type=TP | finding=[multi_var_cross_contract] totalReserves, {reserveFactorMantissa, totalBorrows, totalReserves}, {totalBorrows, totalReserves}  tx-set -> addReserves(uint256), totalBorrowsCurrent()   • write  contracts/liquidity/LPool.sol:974  (LPool.('addReserves', ['uint256'], []))   • read  contracts/liquidity/LPool.sol:412  (LPool.('totalBorrowsCurrent', [], ['uint256'])) | report=https://github.com/code-423n4/2022-01-openleverage-findings/issues/61 | comments=[M-02] || sheet=72openleverage-contracts | row=345 | abl=B3 | type=TP | finding=[multi_var_cross_contract] totalReserves, {reserveFactorMantissa, totalBorrows, totalReserves}, {totalBorrows, totalReserves}  tx-set -> addReserves(uint256)   • write  contracts/liquidity/LPool.sol:974  (LPool.('addReserves', ['uint256'], []))   • read  contracts/liquidity/LPool.sol:973  (LPool.('addReserves', ['uint256'], [])) | report=https://github.com/code-423n4/2022-01-openleverage-findings/issues/61 | comments=[M-02] || sheet=72openleverage-contracts | row=380 | abl=B4 | type=TP | finding=[multi_var_cross_contract] totalReserves, {reserveFactorMantissa, totalBorrows, totalReserves}, {totalBorrows, totalReserves}  tx-set -> addReserves(uint256)   • write  contracts/liquidity/LPool.sol:974  (LPool.('addReserves', ['uint256'], []))   • read  contracts/liquidity/LPool.sol:973  (LPool.('addReserves', ['uint256'], [])) | report=https://github.com/code-423n4/2022-01-openleverage-findings/issues/61 | comments=[M-02] || sheet=72openleverage-contracts | row=381 | abl=B4 | type=TP | finding=[multi_var_cross_contract] totalReserves, {reserveFactorMantissa, totalBorrows, totalReserves}, {totalBorrows, totalReserves}  tx-set -> accrueInterest(), addReserves(uint256)   • write  contracts/liquidity/LPool.sol:636  (LPool.('accrueInterest', [], []))   • read  contracts/liquidity/LPool.sol:973  (LPool.('addReserves', ['uint256'], [])) | report=https://github.com/code-423n4/2022-01-openleverage-findings/issues/61 | comments=[M-02] || sheet=72openleverage-contracts | row=461 | abl=B6 | type=TP | finding=[multi_var_cross_contract] totalReserves, {reserveFactorMantissa, totalBorrows, totalReserves}, {totalBorrows, totalReserves}  tx-set -> accrueInterest(), addReserves(uint256)   • write  contracts/liquidity/LPool.sol:974  (LPool.('addReserves', ['uint256'], []))   • write  contracts/liquidity/LPool.sol:636  (LPool.('accrueInterest', [], []))   • read  contracts/liquidity/LPool.sol:973  (LPool.('addReserves', ['uint256'], []))   • read  contracts/liquidity/LPool.sol:591  (LPool.('accrueInterest', [], [])) | report=https://github.com/code-423n4/2022-01-openleverage-findings/issues/61 | comments=[M-02] || sheet=72openleverage-contracts | row=463 | abl=B6 | type=TP | finding=[multi_var_cross_contract] totalReserves, {reserveFactorMantissa, totalBorrows, totalReserves}, {totalBorrows, totalReserves}  tx-set -> addReserves(uint256), availableForBorrow()   • write  contracts/liquidity/LPool.sol:974  (LPool.('addReserves', ['uint256'], []))   • read  contracts/liquidity/LPool.sol:305  (LPool.('availableForBorrow', [], ['uint256'])) | report=https://github.com/code-423n4/2022-01-openleverage-findings/issues/61 | comments=[M-02] || sheet=72openleverage-contracts | row=464 | abl=B6 | type=TP | finding=[multi_var_cross_contract] totalReserves, {reserveFactorMantissa, totalBorrows, totalReserves}, {totalBorrows, totalReserves}  tx-set -> addReserves(uint256)   • write  contracts/liquidity/LPool.sol:974  (LPool.('addReserves', ['uint256'], []))   • read  contracts/liquidity/LPool.sol:973  (LPool.('addReserves', ['uint256'], [])) | report=https://github.com/code-423n4/2022-01-openleverage-findings/issues/61 | comments=[M-02] || sheet=72openleverage-contracts | row=465 | abl=B6 | type=TP | finding=[multi_var_cross_contract] totalReserves, {reserveFactorMantissa, totalBorrows, totalReserves}, {totalBorrows, totalReserves}  tx-set -> addReserves(uint256), totalBorrowsCurrent()   • write  contracts/liquidity/LPool.sol:974  (LPool.('addReserves', ['uint256'], []))   • read  contracts/liquidity/LPool.sol:412  (LPool.('totalBorrowsCurrent', [], ['uint256'])) | report=https://github.com/code-423n4/2022-01-openleverage-findings/issues/61 | comments=[M-02]",,,,,,
known-bug::WEB3BUGS-72-M-03,Web3Bugs-Code4rena-complement,WEB3BUGS-72-M-03,Code4rena,Medium,,2022-03-09,https://github.com/code-423n4/2022-01-openleverage-findings/issues/80,2022-01-openleverage#m-03,2022-01-openleverage,M-03,openleverage,Eth sent to Timelock will be locked in current implementation,Governor/Timelock execution routes proposal ETH value from msg.sender rather than from the Timelock balance.,ETH held by Timelock cannot be sent out by governance execution; successful value transfer requires the executor to provide fresh ETH.,Execute queued transactions through Timelock without forwarding user-supplied msg.value as the source of proposal funds.,Web3Bugs report 72.md; Code4rena report; GitHub issue 80; GovernorAlpha.sol; Timelock.sol,"sheet=72openleverage-contracts | row=38 | abl=B0 | type=TP | finding=[single_var_cross_tx] proposals  tx-set -> execute(uint256), getPriorVotes(address,uint256)   • write  contracts/gov/GovernorAlpha.sol:332  (GovernorAlpha.('_castVote', ['address', 'uint256', 'bool'], []))   • read  contracts/gov/GovernorAlpha.sol:226  (GovernorAlpha.('execute', ['uint256'], ['bool'])) | report=https://github.com/code-423n4/2022-01-openleverage-findings/issues/80 | comments=[M-03]","sheet=72openleverage-contracts | row=38 | abl=B0 | type=TP | finding=[single_var_cross_tx] proposals  tx-set -> execute(uint256), getPriorVotes(address,uint256)   • write  contracts/gov/GovernorAlpha.sol:332  (GovernorAlpha.('_castVote', ['address', 'uint256', 'bool'], []))   • read  contracts/gov/GovernorAlpha.sol:226  (GovernorAlpha.('execute', ['uint256'], ['bool'])) | report=https://github.com/code-423n4/2022-01-openleverage-findings/issues/80 | comments=[M-03] || sheet=72openleverage-contracts | row=223 | abl=B2 | type=TP | finding=[single_var_cross_tx] proposals  tx-set -> execute(uint256), getPriorVotes(address,uint256)   • write  contracts/gov/GovernorAlpha.sol:334  (GovernorAlpha.('_castVote', ['address', 'uint256', 'bool'], []))   • read  contracts/gov/GovernorAlpha.sol:226  (GovernorAlpha.('execute', ['uint256'], ['bool'])) | report=https://github.com/code-423n4/2022-01-openleverage-findings/issues/80 | comments=[M-03] || sheet=72openleverage-contracts | row=300 | abl=B3 | type=TP | finding=[single_var_cross_tx] proposals  tx-set -> execute(uint256), getPriorVotes(address,uint256)   • write  contracts/gov/GovernorAlpha.sol:334  (GovernorAlpha.('_castVote', ['address', 'uint256', 'bool'], []))   • read  contracts/gov/GovernorAlpha.sol:226  (GovernorAlpha.('execute', ['uint256'], ['bool'])) | report=https://github.com/code-423n4/2022-01-openleverage-findings/issues/80 | comments=[M-03] || sheet=72openleverage-contracts | row=424 | abl=B6 | type=TP | finding=[single_var_cross_tx] proposals  tx-set -> execute(uint256), getPriorVotes(address,uint256)   • write  contracts/gov/GovernorAlpha.sol:334  (GovernorAlpha.('_castVote', ['address', 'uint256', 'bool'], []))   • read  contracts/gov/GovernorAlpha.sol:226  (GovernorAlpha.('execute', ['uint256'], ['bool'])) | report=https://github.com/code-423n4/2022-01-openleverage-findings/issues/80 | comments=[M-03]",,,,,,
known-bug::WEB3BUGS-72-M-04,Web3Bugs-Code4rena-complement,WEB3BUGS-72-M-04,Code4rena,Medium,,2022-03-09,https://github.com/code-423n4/2022-01-openleverage-findings/issues/104,2022-01-openleverage#m-04,2022-01-openleverage,M-04,openleverage,OpenLevV1.closeTrade with V3 DEX doesn't correctly accounts fee on transfer tokens for repayments,The V3 closeTrade sell path trusts the DEX-returned receiveAmount for repayment accounting instead of measuring the actual token balance received after fee-on-transfer behavior.,"A taxed token can make actual funds received lower than the DEX-indicated receive amount, while debt repayment accounting consumes the larger reported amount, creating protocol deficit or failed closeTrade transfers.",Use before/after balance checks for V3 DEX sell logic and base repayment/user-return accounting on actual received tokens.,Web3Bugs report 72.md; Code4rena report; GitHub issue 104; OpenLevV1.sol; UniV3Dex.sol,"sheet=72openleverage-contracts | row=13 | abl=B0 | type=TP | finding=[multi_var_cross_contract] activeTrades, markets, {markets}  tx-set -> closeTrade(uint16,bool,uint256,uint256,bytes), liquidate(address,uint16,bool,uint256,uint256,bytes)   • write  contracts/OpenLevV1.sol:438  (OpenLevV1.('feesAndInsurance', ['address', 'uint256', 'address', 'uint16', 'uint256', 'uint256'], ['uint256']))   • write  contracts/OpenLevV1.sol:413  (OpenLevV1.('reduceInsurance', ['uint256', 'uint256', 'uint16', 'bool', 'address', 'uint256'], ['uint256']))   • read  contracts/OpenLevV1.sol:170  (OpenLevV1.('closeTrade', ['uint16', 'bool', 'uint256', 'uint256', 'bytes'], []))   • read  contracts/OpenLevV1.sol:318  (OpenLevV1.('liquidate', ['address', 'uint16', 'bool', 'uint256', 'uint256', 'bytes'], [])) | report=https://github.com/code-423n4/2022-01-openleverage-findings/issues/104 https://github.com/code-423n4/2022-01-openleverage-findings/issues/233 | comments=[M-04], [M-05]","sheet=72openleverage-contracts | row=13 | abl=B0 | type=TP | finding=[multi_var_cross_contract] activeTrades, markets, {markets}  tx-set -> closeTrade(uint16,bool,uint256,uint256,bytes), liquidate(address,uint16,bool,uint256,uint256,bytes)   • write  contracts/OpenLevV1.sol:438  (OpenLevV1.('feesAndInsurance', ['address', 'uint256', 'address', 'uint16', 'uint256', 'uint256'], ['uint256']))   • write  contracts/OpenLevV1.sol:413  (OpenLevV1.('reduceInsurance', ['uint256', 'uint256', 'uint16', 'bool', 'address', 'uint256'], ['uint256']))   • read  contracts/OpenLevV1.sol:170  (OpenLevV1.('closeTrade', ['uint16', 'bool', 'uint256', 'uint256', 'bytes'], []))   • read  contracts/OpenLevV1.sol:318  (OpenLevV1.('liquidate', ['address', 'uint16', 'bool', 'uint256', 'uint256', 'bytes'], [])) | report=https://github.com/code-423n4/2022-01-openleverage-findings/issues/104 https://github.com/code-423n4/2022-01-openleverage-findings/issues/233 | comments=[M-04], [M-05] || sheet=72openleverage-contracts | row=98 | abl=B1 | type=TP | finding=[multi_var_cross_contract] activeTrades, markets, {markets}  tx-set -> closeTrade(uint16,bool,uint256,uint256,bytes), liquidate(address,uint16,bool,uint256,uint256,bytes)   • write  contracts/OpenLevV1.sol:225  (OpenLevV1.('closeTrade', ['uint16', 'bool', 'uint256', 'uint256', 'bytes'], []))   • write  contracts/OpenLevV1.sol:398  (OpenLevV1.('reduceInsurance', ['uint256', 'uint256', 'uint16', 'bool', 'address', 'uint256'], ['uint256']))   • read  contracts/OpenLevV1.sol:318  (OpenLevV1.('liquidate', ['address', 'uint16', 'bool', 'uint256', 'uint256', 'bytes'], []))   • read  contracts/OpenLevV1.sol:170  (OpenLevV1.('closeTrade', ['uint16', 'bool', 'uint256', 'uint256', 'bytes'], [])) | report=https://github.com/code-423n4/2022-01-openleverage-findings/issues/104 https://github.com/code-423n4/2022-01-openleverage-findings/issues/233 | comments=[M-04], [M-05] || sheet=72openleverage-contracts | row=189 | abl=B2 | type=TP | finding=[multi_var_cross_contract] activeTrades, markets, {markets}  tx-set -> closeTrade(uint16,bool,uint256,uint256,bytes), liquidate(address,uint16,bool,uint256,uint256,bytes)   • write  contracts/OpenLevV1.sol:398  (OpenLevV1.('reduceInsurance', ['uint256', 'uint256', 'uint16', 'bool', 'address', 'uint256'], ['uint256']))   • write  contracts/OpenLevV1.sol:438  (OpenLevV1.('feesAndInsurance', ['address', 'uint256', 'address', 'uint16', 'uint256', 'uint256'], ['uint256']))   • read  contracts/OpenLevV1.sol:248  (OpenLevV1.('liquidate', ['address', 'uint16', 'bool', 'uint256', 'uint256', 'bytes'], []))   • read  contracts/OpenLevV1.sol:318  (OpenLevV1.('liquidate', ['address', 'uint16', 'bool', 'uint256', 'uint256', 'bytes'], [])) | report=https://github.com/code-423n4/2022-01-openleverage-findings/issues/104 https://github.com/code-423n4/2022-01-openleverage-findings/issues/233 | comments=[M-04], [M-05] || sheet=72openleverage-contracts | row=391 | abl=B6 | type=TP | finding=[multi_var_cross_contract] activeTrades, markets, {markets}  tx-set -> closeTrade(uint16,bool,uint256,uint256,bytes), liquidate(address,uint16,bool,uint256,uint256,bytes)   • write  contracts/OpenLevV1.sol:438  (OpenLevV1.('feesAndInsurance', ['address', 'uint256', 'address', 'uint16', 'uint256', 'uint256'], ['uint256']))   • write  contracts/OpenLevV1.sol:398  (OpenLevV1.('reduceInsurance', ['uint256', 'uint256', 'uint16', 'bool', 'address', 'uint256'], ['uint256']))   • read  contracts/OpenLevV1.sol:318  (OpenLevV1.('liquidate', ['address', 'uint16', 'bool', 'uint256', 'uint256', 'bytes'], []))   • read  contracts/OpenLevV1.sol:248  (OpenLevV1.('liquidate', ['address', 'uint16', 'bool', 'uint256', 'uint256', 'bytes'], [])) | report=https://github.com/code-423n4/2022-01-openleverage-findings/issues/104 https://github.com/code-423n4/2022-01-openleverage-findings/issues/233 | comments=[M-04], [M-05] || sheet=72openleverage-contracts | row=394 | abl=B6 | type=TP | finding=[single_var_cross_tx] activeTrades  tx-set -> liquidate(address,uint16,bool,uint256,uint256,bytes), marginTrade(uint16,bool,bool,uint256,uint256,uint256,bytes)   • write  contracts/OpenLevV1.sol:145  (OpenLevV1.('marginTrade', ['uint16', 'bool', 'bool', 'uint256', 'uint256', 'uint256', 'bytes'], []))   • read  contracts/OpenLevV1.sol:318  (OpenLevV1.('liquidate', ['address', 'uint16', 'bool', 'uint256', 'uint256', 'bytes'], [])) | report=https://github.com/code-423n4/2022-01-openleverage-findings/issues/104 https://github.com/code-423n4/2022-01-openleverage-findings/issues/233 | comments=[M-04], [M-05]",,,,,,
known-bug::WEB3BUGS-72-M-05,Web3Bugs-Code4rena-complement,WEB3BUGS-72-M-05,Code4rena,Medium,,2022-03-09,https://github.com/code-423n4/2022-01-openleverage-findings/issues/233,2022-01-openleverage#m-05,2022-01-openleverage,M-05,openleverage,anti-flashloan mechanism may lead to protocol default,The anti-flashloan price guard can revert liquidation when spot price is more than the allowed difference below TWAP during fast downward markets.,"Liquidations can remain blocked while prices trend down, allowing undercollateralized positions to persist and potentially creating protocol default.",Use TWAP to determine health or redesign the liquidation guard so legitimate liquidations are not blocked during rapid market moves.,Web3Bugs report 72.md; Code4rena report; GitHub issue 233; OpenLevV1Lib.sol,"sheet=72openleverage-contracts | row=10 | abl=B0 | type=TP | finding=[multi_var_cross_contract] activeTrades, markets, {markets}  tx-set -> liquidate(address,uint16,bool,uint256,uint256,bytes), marginTrade(uint16,bool,bool,uint256,uint256,uint256,bytes)   • write  contracts/OpenLevV1.sol:438  (OpenLevV1.('feesAndInsurance', ['address', 'uint256', 'address', 'uint16', 'uint256', 'uint256'], ['uint256']))   • write  contracts/OpenLevV1.sol:145  (OpenLevV1.('marginTrade', ['uint16', 'bool', 'bool', 'uint256', 'uint256', 'uint256', 'bytes'], []))   • read  contracts/OpenLevV1.sol:95  (OpenLevV1.('marginTrade', ['uint16', 'bool', 'bool', 'uint256', 'uint256', 'uint256', 'bytes'], []))   • read  contracts/OpenLevV1.sol:318  (OpenLevV1.('liquidate', ['address', 'uint16', 'bool', 'uint256', 'uint256', 'bytes'], [])) | report=https://github.com/code-423n4/2022-01-openleverage-findings/issues/233 | comments=[M-05] || sheet=72openleverage-contracts | row=13 | abl=B0 | type=TP | finding=[multi_var_cross_contract] activeTrades, markets, {markets}  tx-set -> closeTrade(uint16,bool,uint256,uint256,bytes), liquidate(address,uint16,bool,uint256,uint256,bytes)   • write  contracts/OpenLevV1.sol:438  (OpenLevV1.('feesAndInsurance', ['address', 'uint256', 'address', 'uint16', 'uint256', 'uint256'], ['uint256']))   • write  contracts/OpenLevV1.sol:413  (OpenLevV1.('reduceInsurance', ['uint256', 'uint256', 'uint16', 'bool', 'address', 'uint256'], ['uint256']))   • read  contracts/OpenLevV1.sol:170  (OpenLevV1.('closeTrade', ['uint16', 'bool', 'uint256', 'uint256', 'bytes'], []))   • read  contracts/OpenLevV1.sol:318  (OpenLevV1.('liquidate', ['address', 'uint16', 'bool', 'uint256', 'uint256', 'bytes'], [])) | report=https://github.com/code-423n4/2022-01-openleverage-findings/issues/104 https://github.com/code-423n4/2022-01-openleverage-findings/issues/233 | comments=[M-04], [M-05]","sheet=72openleverage-contracts | row=10 | abl=B0 | type=TP | finding=[multi_var_cross_contract] activeTrades, markets, {markets}  tx-set -> liquidate(address,uint16,bool,uint256,uint256,bytes), marginTrade(uint16,bool,bool,uint256,uint256,uint256,bytes)   • write  contracts/OpenLevV1.sol:438  (OpenLevV1.('feesAndInsurance', ['address', 'uint256', 'address', 'uint16', 'uint256', 'uint256'], ['uint256']))   • write  contracts/OpenLevV1.sol:145  (OpenLevV1.('marginTrade', ['uint16', 'bool', 'bool', 'uint256', 'uint256', 'uint256', 'bytes'], []))   • read  contracts/OpenLevV1.sol:95  (OpenLevV1.('marginTrade', ['uint16', 'bool', 'bool', 'uint256', 'uint256', 'uint256', 'bytes'], []))   • read  contracts/OpenLevV1.sol:318  (OpenLevV1.('liquidate', ['address', 'uint16', 'bool', 'uint256', 'uint256', 'bytes'], [])) | report=https://github.com/code-423n4/2022-01-openleverage-findings/issues/233 | comments=[M-05] || sheet=72openleverage-contracts | row=13 | abl=B0 | type=TP | finding=[multi_var_cross_contract] activeTrades, markets, {markets}  tx-set -> closeTrade(uint16,bool,uint256,uint256,bytes), liquidate(address,uint16,bool,uint256,uint256,bytes)   • write  contracts/OpenLevV1.sol:438  (OpenLevV1.('feesAndInsurance', ['address', 'uint256', 'address', 'uint16', 'uint256', 'uint256'], ['uint256']))   • write  contracts/OpenLevV1.sol:413  (OpenLevV1.('reduceInsurance', ['uint256', 'uint256', 'uint16', 'bool', 'address', 'uint256'], ['uint256']))   • read  contracts/OpenLevV1.sol:170  (OpenLevV1.('closeTrade', ['uint16', 'bool', 'uint256', 'uint256', 'bytes'], []))   • read  contracts/OpenLevV1.sol:318  (OpenLevV1.('liquidate', ['address', 'uint16', 'bool', 'uint256', 'uint256', 'bytes'], [])) | report=https://github.com/code-423n4/2022-01-openleverage-findings/issues/104 https://github.com/code-423n4/2022-01-openleverage-findings/issues/233 | comments=[M-04], [M-05] || sheet=72openleverage-contracts | row=95 | abl=B1 | type=TP | finding=[multi_var_cross_contract] activeTrades, markets, {markets}  tx-set -> liquidate(address,uint16,bool,uint256,uint256,bytes), marginTrade(uint16,bool,bool,uint256,uint256,uint256,bytes)   • write  contracts/OpenLevV1.sol:145  (OpenLevV1.('marginTrade', ['uint16', 'bool', 'bool', 'uint256', 'uint256', 'uint256', 'bytes'], []))   • write  contracts/OpenLevV1.sol:436  (OpenLevV1.('feesAndInsurance', ['address', 'uint256', 'address', 'uint16', 'uint256', 'uint256'], ['uint256']))   • read  contracts/OpenLevV1.sol:95  (OpenLevV1.('marginTrade', ['uint16', 'bool', 'bool', 'uint256', 'uint256', 'uint256', 'bytes'], []))   • read  contracts/OpenLevV1.sol:248  (OpenLevV1.('liquidate', ['address', 'uint16', 'bool', 'uint256', 'uint256', 'bytes'], [])) | report=https://github.com/code-423n4/2022-01-openleverage-findings/issues/233 | comments=[M-05] || sheet=72openleverage-contracts | row=98 | abl=B1 | type=TP | finding=[multi_var_cross_contract] activeTrades, markets, {markets}  tx-set -> closeTrade(uint16,bool,uint256,uint256,bytes), liquidate(address,uint16,bool,uint256,uint256,bytes)   • write  contracts/OpenLevV1.sol:225  (OpenLevV1.('closeTrade', ['uint16', 'bool', 'uint256', 'uint256', 'bytes'], []))   • write  contracts/OpenLevV1.sol:398  (OpenLevV1.('reduceInsurance', ['uint256', 'uint256', 'uint16', 'bool', 'address', 'uint256'], ['uint256']))   • read  contracts/OpenLevV1.sol:318  (OpenLevV1.('liquidate', ['address', 'uint16', 'bool', 'uint256', 'uint256', 'bytes'], []))   • read  contracts/OpenLevV1.sol:170  (OpenLevV1.('closeTrade', ['uint16', 'bool', 'uint256', 'uint256', 'bytes'], [])) | report=https://github.com/code-423n4/2022-01-openleverage-findings/issues/104 https://github.com/code-423n4/2022-01-openleverage-findings/issues/233 | comments=[M-04], [M-05] || sheet=72openleverage-contracts | row=189 | abl=B2 | type=TP | finding=[multi_var_cross_contract] activeTrades, markets, {markets}  tx-set -> closeTrade(uint16,bool,uint256,uint256,bytes), liquidate(address,uint16,bool,uint256,uint256,bytes)   • write  contracts/OpenLevV1.sol:398  (OpenLevV1.('reduceInsurance', ['uint256', 'uint256', 'uint16', 'bool', 'address', 'uint256'], ['uint256']))   • write  contracts/OpenLevV1.sol:438  (OpenLevV1.('feesAndInsurance', ['address', 'uint256', 'address', 'uint16', 'uint256', 'uint256'], ['uint256']))   • read  contracts/OpenLevV1.sol:248  (OpenLevV1.('liquidate', ['address', 'uint16', 'bool', 'uint256', 'uint256', 'bytes'], []))   • read  contracts/OpenLevV1.sol:318  (OpenLevV1.('liquidate', ['address', 'uint16', 'bool', 'uint256', 'uint256', 'bytes'], [])) | report=https://github.com/code-423n4/2022-01-openleverage-findings/issues/104 https://github.com/code-423n4/2022-01-openleverage-findings/issues/233 | comments=[M-04], [M-05] || sheet=72openleverage-contracts | row=269 | abl=B3 | type=TP | finding=[single_var_cross_tx] activeTrades  tx-set -> liquidate(address,uint16,bool,uint256,uint256,bytes), marginTrade(uint16,bool,bool,uint256,uint256,uint256,bytes)   • write  contracts/OpenLevV1.sol:144  (OpenLevV1.('marginTrade', ['uint16', 'bool', 'bool', 'uint256', 'uint256', 'uint256', 'bytes'], []))   • read  contracts/OpenLevV1.sol:318  (OpenLevV1.('liquidate', ['address', 'uint16', 'bool', 'uint256', 'uint256', 'bytes'], [])) | report=https://github.com/code-423n4/2022-01-openleverage-findings/issues/233 | comments=[M-05] || sheet=72openleverage-contracts | row=272 | abl=B3 | type=TP | finding=[single_var_cross_tx] activeTrades  tx-set -> closeTrade(uint16,bool,uint256,uint256,bytes), liquidate(address,uint16,bool,uint256,uint256,bytes)   • write  contracts/OpenLevV1.sol:225  (OpenLevV1.('closeTrade', ['uint16', 'bool', 'uint256', 'uint256', 'bytes'], []))   • read  contracts/OpenLevV1.sol:318  (OpenLevV1.('liquidate', ['address', 'uint16', 'bool', 'uint256', 'uint256', 'bytes'], [])) | report=https://github.com/code-423n4/2022-01-openleverage-findings/issues/233 | comments=[M-05] || sheet=72openleverage-contracts | row=391 | abl=B6 | type=TP | finding=[multi_var_cross_contract] activeTrades, markets, {markets}  tx-set -> closeTrade(uint16,bool,uint256,uint256,bytes), liquidate(address,uint16,bool,uint256,uint256,bytes)   • write  contracts/OpenLevV1.sol:438  (OpenLevV1.('feesAndInsurance', ['address', 'uint256', 'address', 'uint16', 'uint256', 'uint256'], ['uint256']))   • write  contracts/OpenLevV1.sol:398  (OpenLevV1.('reduceInsurance', ['uint256', 'uint256', 'uint16', 'bool', 'address', 'uint256'], ['uint256']))   • read  contracts/OpenLevV1.sol:318  (OpenLevV1.('liquidate', ['address', 'uint16', 'bool', 'uint256', 'uint256', 'bytes'], []))   • read  contracts/OpenLevV1.sol:248  (OpenLevV1.('liquidate', ['address', 'uint16', 'bool', 'uint256', 'uint256', 'bytes'], [])) | report=https://github.com/code-423n4/2022-01-openleverage-findings/issues/104 https://github.com/code-423n4/2022-01-openleverage-findings/issues/233 | comments=[M-04], [M-05] || sheet=72openleverage-contracts | row=394 | abl=B6 | type=TP | finding=[single_var_cross_tx] activeTrades  tx-set -> liquidate(address,uint16,bool,uint256,uint256,bytes), marginTrade(uint16,bool,bool,uint256,uint256,uint256,bytes)   • write  contracts/OpenLevV1.sol:145  (OpenLevV1.('marginTrade', ['uint16', 'bool', 'bool', 'uint256', 'uint256', 'uint256', 'bytes'], []))   • read  contracts/OpenLevV1.sol:318  (OpenLevV1.('liquidate', ['address', 'uint16', 'bool', 'uint256', 'uint256', 'bytes'], [])) | report=https://github.com/code-423n4/2022-01-openleverage-findings/issues/104 https://github.com/code-423n4/2022-01-openleverage-findings/issues/233 | comments=[M-04], [M-05]",,,,,,
known-bug::WEB3BUGS-123-H-01,Web3Bugs-Code4rena-complement,WEB3BUGS-123-H-01,Code4rena,High,S5-1,2022-07-26,https://github.com/code-423n4/2022-05-aura-findings/issues/50,2022-05-aura#h-01,2022-05-aura,H-01,aura,User can forfeit other user rewards,ExtraRewardsDistributor.getReward allows a third party to provide a high _startIndex for another account and advance that account's reward claim cursor.,"An attacker calls getReward for a victim with _startIndex above the victim's last claim index, causing skipped epochs to be treated as claimed.","Do not allow arbitrary users to claim for other accounts, or constrain _startIndex against the account's own claim cursor.",Web3Bugs report 123.md; Code4rena report; GitHub issue 50; ExtraRewardsDistributor.sol,"sheet=123 | row=58 | abl=B0 | type=TP | finding=[single_var_cross_tx] userClaims  tx-set -> _getReward(address,address,uint256), forfeitRewards(address,uint256)   • write  contracts/ExtraRewardsDistributor.sol:151  (ExtraRewardsDistributor.('_getReward', ['address', 'address', 'uint256'], []))   • read  contracts/ExtraRewardsDistributor.sol:172  (ExtraRewardsDistributor.('forfeitRewards', ['address', 'uint256'], [])) | report=https://github.com/code-423n4/2022-05-aura-findings/issues/50 | comments=[H-01] || sheet=123 | row=59 | abl=B0 | type=TP | finding=[single_var_cross_tx] userClaims  tx-set -> forfeitRewards(address,uint256)   • write  contracts/ExtraRewardsDistributor.sol:175  (ExtraRewardsDistributor.('forfeitRewards', ['address', 'uint256'], []))   • read  contracts/ExtraRewardsDistributor.sol:172  (ExtraRewardsDistributor.('forfeitRewards', ['address', 'uint256'], [])) | report=https://github.com/code-423n4/2022-05-aura-findings/issues/50 | comments=[H-01]","sheet=123 | row=58 | abl=B0 | type=TP | finding=[single_var_cross_tx] userClaims  tx-set -> _getReward(address,address,uint256), forfeitRewards(address,uint256)   • write  contracts/ExtraRewardsDistributor.sol:151  (ExtraRewardsDistributor.('_getReward', ['address', 'address', 'uint256'], []))   • read  contracts/ExtraRewardsDistributor.sol:172  (ExtraRewardsDistributor.('forfeitRewards', ['address', 'uint256'], [])) | report=https://github.com/code-423n4/2022-05-aura-findings/issues/50 | comments=[H-01] || sheet=123 | row=59 | abl=B0 | type=TP | finding=[single_var_cross_tx] userClaims  tx-set -> forfeitRewards(address,uint256)   • write  contracts/ExtraRewardsDistributor.sol:175  (ExtraRewardsDistributor.('forfeitRewards', ['address', 'uint256'], []))   • read  contracts/ExtraRewardsDistributor.sol:172  (ExtraRewardsDistributor.('forfeitRewards', ['address', 'uint256'], [])) | report=https://github.com/code-423n4/2022-05-aura-findings/issues/50 | comments=[H-01] || sheet=123 | row=123 | abl=B1 | type=TP | finding=[single_var_cross_tx] userClaims  tx-set -> _getReward(address,address,uint256), forfeitRewards(address,uint256)   • write  contracts/ExtraRewardsDistributor.sol:151  (ExtraRewardsDistributor.('_getReward', ['address', 'address', 'uint256'], []))   • read  contracts/ExtraRewardsDistributor.sol:172  (ExtraRewardsDistributor.('forfeitRewards', ['address', 'uint256'], [])) | report=https://github.com/code-423n4/2022-05-aura-findings/issues/50 | comments=[H-01] || sheet=123 | row=124 | abl=B1 | type=TP | finding=[single_var_cross_tx] userClaims  tx-set -> forfeitRewards(address,uint256)   • write  contracts/ExtraRewardsDistributor.sol:175  (ExtraRewardsDistributor.('forfeitRewards', ['address', 'uint256'], []))   • read  contracts/ExtraRewardsDistributor.sol:172  (ExtraRewardsDistributor.('forfeitRewards', ['address', 'uint256'], [])) | report=https://github.com/code-423n4/2022-05-aura-findings/issues/50 | comments=[H-01] || sheet=123 | row=192 | abl=B2 | type=TP | finding=[single_var_cross_tx] userClaims  tx-set -> forfeitRewards(address,uint256)   • write  contracts/ExtraRewardsDistributor.sol:175  (ExtraRewardsDistributor.('forfeitRewards', ['address', 'uint256'], []))   • read  contracts/ExtraRewardsDistributor.sol:172  (ExtraRewardsDistributor.('forfeitRewards', ['address', 'uint256'], [])) | report=https://github.com/code-423n4/2022-05-aura-findings/issues/50 | comments=[H-01] || sheet=123 | row=193 | abl=B2 | type=TP | finding=[single_var_cross_tx] userClaims  tx-set -> _getReward(address,address,uint256), forfeitRewards(address,uint256)   • write  contracts/ExtraRewardsDistributor.sol:151  (ExtraRewardsDistributor.('_getReward', ['address', 'address', 'uint256'], []))   • read  contracts/ExtraRewardsDistributor.sol:172  (ExtraRewardsDistributor.('forfeitRewards', ['address', 'uint256'], [])) | report=https://github.com/code-423n4/2022-05-aura-findings/issues/50 | comments=[H-01] || sheet=123 | row=258 | abl=B3 | type=TP | finding=[single_var_cross_tx] userClaims  tx-set -> forfeitRewards(address,uint256)   • write  contracts/ExtraRewardsDistributor.sol:175  (ExtraRewardsDistributor.('forfeitRewards', ['address', 'uint256'], []))   • read  contracts/ExtraRewardsDistributor.sol:172  (ExtraRewardsDistributor.('forfeitRewards', ['address', 'uint256'], [])) | report=https://github.com/code-423n4/2022-05-aura-findings/issues/50 | comments=[H-01] || sheet=123 | row=259 | abl=B3 | type=TP | finding=[single_var_cross_tx] userClaims  tx-set -> _getReward(address,address,uint256), forfeitRewards(address,uint256)   • write  contracts/ExtraRewardsDistributor.sol:151  (ExtraRewardsDistributor.('_getReward', ['address', 'address', 'uint256'], []))   • read  contracts/ExtraRewardsDistributor.sol:172  (ExtraRewardsDistributor.('forfeitRewards', ['address', 'uint256'], [])) | report=https://github.com/code-423n4/2022-05-aura-findings/issues/50 | comments=[H-01] || sheet=123 | row=356 | abl=B6 | type=TP | finding=[single_var_cross_tx] userClaims  tx-set -> forfeitRewards(address,uint256)   • write  contracts/ExtraRewardsDistributor.sol:175  (ExtraRewardsDistributor.('forfeitRewards', ['address', 'uint256'], []))   • read  contracts/ExtraRewardsDistributor.sol:172  (ExtraRewardsDistributor.('forfeitRewards', ['address', 'uint256'], [])) | report=https://github.com/code-423n4/2022-05-aura-findings/issues/50 | comments=[H-01] || sheet=123 | row=357 | abl=B6 | type=TP | finding=[single_var_cross_tx] userClaims  tx-set -> _getReward(address,address,uint256), forfeitRewards(address,uint256)   • write  contracts/ExtraRewardsDistributor.sol:151  (ExtraRewardsDistributor.('_getReward', ['address', 'address', 'uint256'], []))   • read  contracts/ExtraRewardsDistributor.sol:172  (ExtraRewardsDistributor.('forfeitRewards', ['address', 'uint256'], [])) | report=https://github.com/code-423n4/2022-05-aura-findings/issues/50 | comments=[H-01]",,,,,,
known-bug::WEB3BUGS-123-M-01,Web3Bugs-Code4rena-complement,WEB3BUGS-123-M-01,Code4rena,Medium,,2022-07-26,https://github.com/code-423n4/2022-05-aura-findings/issues/26,2022-05-aura#m-01,2022-05-aura,M-01,aura,BaseRewardPool4626 is not IERC4626 compliant,BaseRewardPool4626 omits or misimplements required ERC-4626 interface behavior.,Integrators expecting ERC-4626-compliant vault semantics can fail to integrate correctly with BaseRewardPool4626.,Remove the contract or implement the ERC-4626-required functions and events.,Web3Bugs report 123.md; Code4rena report; GitHub issue 26; BaseRewardPool4626.sol,"sheet=123 | row=15 | abl=B0 | type=TP | finding=[multi_var_cross_contract] rewardData, {rewardData}, {lockedSupply, rewardData}  tx-set -> mint(address,uint256), queueNewRewards(uint256)   • write  contracts/AuraLocker.sol:868  (AuraLocker.('_notifyReward', ['address', 'uint256'], []))   • read  contracts/AuraLocker.sol:824  (AuraLocker.('queueNewRewards', ['uint256'], [])) | report=https://github.com/code-423n4/2022-05-aura-findings/issues/261 https://github.com/code-423n4/2022-05-aura-findings/issues/1 | comments=[M-14], [M-06]","sheet=123 | row=15 | abl=B0 | type=TP | finding=[multi_var_cross_contract] rewardData, {rewardData}, {lockedSupply, rewardData}  tx-set -> mint(address,uint256), queueNewRewards(uint256)   • write  contracts/AuraLocker.sol:868  (AuraLocker.('_notifyReward', ['address', 'uint256'], []))   • read  contracts/AuraLocker.sol:824  (AuraLocker.('queueNewRewards', ['uint256'], [])) | report=https://github.com/code-423n4/2022-05-aura-findings/issues/261 https://github.com/code-423n4/2022-05-aura-findings/issues/1 | comments=[M-14], [M-06]",,,,,,
known-bug::WEB3BUGS-123-M-02,Web3Bugs-Code4rena-complement,WEB3BUGS-123-M-02,Code4rena,Medium,,2022-07-26,https://github.com/code-423n4/2022-05-aura-findings/issues/115,2022-05-aura#m-02,2022-05-aura,M-02,aura,CrvDepositorWrapper.sol relies on oracle that isn't frequently updated,CrvDepositorWrapper relies on a Balancer TWAP oracle from a low-activity pool that can go long periods without updating.,"Infrequently updated TWAP data can make output assumptions stale, causing slippage failures or sandwichable distribution behavior.",Use fresher Chainlink-style pricing or have the keeper provide appropriate minOut values rather than relying on the stale TWAP guideline.,Web3Bugs report 123.md; Code4rena report; GitHub issue 115; CrvDepositorWrapper.sol,"sheet=123 | row=39 | abl=B0 | type=TP | finding=[multi_var_cross_contract] crvDepositorWrapper, outputBps  tx-set -> distribute(), setCrvDepositorWrapper(address,uint256)   • write  contracts/AuraStakingProxy.sol:82  (AuraStakingProxy.('setCrvDepositorWrapper', ['address', 'uint256'], []))   • write  contracts/AuraStakingProxy.sol:81  (AuraStakingProxy.('setCrvDepositorWrapper', ['address', 'uint256'], []))   • read  contracts/AuraStakingProxy.sol:167  (AuraStakingProxy.('distribute', [], [])) | report=https://github.com/code-423n4/2022-05-aura-findings/issues/115 | comments=[M-02] || sheet=123 | row=40 | abl=B0 | type=TP | finding=[single_var_cross_tx] keeper  tx-set -> distribute(), setKeeper(address)   • write  contracts/AuraStakingProxy.sol:90  (AuraStakingProxy.('setKeeper', ['address'], []))   • read  contracts/AuraStakingProxy.sol:160  (AuraStakingProxy.('distribute', [], [])) | report=https://github.com/code-423n4/2022-05-aura-findings/issues/115 | comments=[M-02]","sheet=123 | row=39 | abl=B0 | type=TP | finding=[multi_var_cross_contract] crvDepositorWrapper, outputBps  tx-set -> distribute(), setCrvDepositorWrapper(address,uint256)   • write  contracts/AuraStakingProxy.sol:82  (AuraStakingProxy.('setCrvDepositorWrapper', ['address', 'uint256'], []))   • write  contracts/AuraStakingProxy.sol:81  (AuraStakingProxy.('setCrvDepositorWrapper', ['address', 'uint256'], []))   • read  contracts/AuraStakingProxy.sol:167  (AuraStakingProxy.('distribute', [], [])) | report=https://github.com/code-423n4/2022-05-aura-findings/issues/115 | comments=[M-02] || sheet=123 | row=40 | abl=B0 | type=TP | finding=[single_var_cross_tx] keeper  tx-set -> distribute(), setKeeper(address)   • write  contracts/AuraStakingProxy.sol:90  (AuraStakingProxy.('setKeeper', ['address'], []))   • read  contracts/AuraStakingProxy.sol:160  (AuraStakingProxy.('distribute', [], [])) | report=https://github.com/code-423n4/2022-05-aura-findings/issues/115 | comments=[M-02] || sheet=123 | row=104 | abl=B1 | type=TP | finding=[multi_var_cross_contract] crvDepositorWrapper, outputBps  tx-set -> distribute(), setCrvDepositorWrapper(address,uint256)   • write  contracts/AuraStakingProxy.sol:82  (AuraStakingProxy.('setCrvDepositorWrapper', ['address', 'uint256'], []))   • write  contracts/AuraStakingProxy.sol:81  (AuraStakingProxy.('setCrvDepositorWrapper', ['address', 'uint256'], []))   • read  contracts/AuraStakingProxy.sol:167  (AuraStakingProxy.('distribute', [], [])) | report=https://github.com/code-423n4/2022-05-aura-findings/issues/115 | comments=[M-02] || sheet=123 | row=105 | abl=B1 | type=TP | finding=[single_var_cross_tx] keeper  tx-set -> distribute(), setKeeper(address)   • write  contracts/AuraStakingProxy.sol:90  (AuraStakingProxy.('setKeeper', ['address'], []))   • read  contracts/AuraStakingProxy.sol:160  (AuraStakingProxy.('distribute', [], [])) | report=https://github.com/code-423n4/2022-05-aura-findings/issues/115 | comments=[M-02] || sheet=123 | row=173 | abl=B2 | type=TP | finding=[multi_var_cross_contract] crvDepositorWrapper, outputBps  tx-set -> distribute(), setCrvDepositorWrapper(address,uint256)   • write  contracts/AuraStakingProxy.sol:81  (AuraStakingProxy.('setCrvDepositorWrapper', ['address', 'uint256'], []))   • write  contracts/AuraStakingProxy.sol:82  (AuraStakingProxy.('setCrvDepositorWrapper', ['address', 'uint256'], []))   • read  contracts/AuraStakingProxy.sol:167  (AuraStakingProxy.('distribute', [], [])) | report=https://github.com/code-423n4/2022-05-aura-findings/issues/115 | comments=[M-02] || sheet=123 | row=174 | abl=B2 | type=TP | finding=[single_var_cross_tx] keeper  tx-set -> distribute(), setKeeper(address)   • write  contracts/AuraStakingProxy.sol:90  (AuraStakingProxy.('setKeeper', ['address'], []))   • read  contracts/AuraStakingProxy.sol:160  (AuraStakingProxy.('distribute', [], [])) | report=https://github.com/code-423n4/2022-05-aura-findings/issues/115 | comments=[M-02] || sheet=123 | row=238 | abl=B3 | type=TP | finding=[multi_var_cross_contract] crvDepositorWrapper, outputBps  tx-set -> distribute(), setCrvDepositorWrapper(address,uint256)   • write  contracts/AuraStakingProxy.sol:82  (AuraStakingProxy.('setCrvDepositorWrapper', ['address', 'uint256'], []))   • write  contracts/AuraStakingProxy.sol:81  (AuraStakingProxy.('setCrvDepositorWrapper', ['address', 'uint256'], []))   • read  contracts/AuraStakingProxy.sol:167  (AuraStakingProxy.('distribute', [], [])) | report=https://github.com/code-423n4/2022-05-aura-findings/issues/115 | comments=[M-02] || sheet=123 | row=239 | abl=B3 | type=TP | finding=[single_var_cross_tx] keeper  tx-set -> distribute(), setKeeper(address)   • write  contracts/AuraStakingProxy.sol:90  (AuraStakingProxy.('setKeeper', ['address'], []))   • read  contracts/AuraStakingProxy.sol:160  (AuraStakingProxy.('distribute', [], [])) | report=https://github.com/code-423n4/2022-05-aura-findings/issues/115 | comments=[M-02] || sheet=123 | row=285 | abl=B4 | type=TP | finding=[multi_var_cross_contract] crvDepositorWrapper, outputBps  tx-set -> distribute(), setCrvDepositorWrapper(address,uint256)   • write  contracts/AuraStakingProxy.sol:81  (AuraStakingProxy.('setCrvDepositorWrapper', ['address', 'uint256'], []))   • write  contracts/AuraStakingProxy.sol:82  (AuraStakingProxy.('setCrvDepositorWrapper', ['address', 'uint256'], []))   • read  contracts/AuraStakingProxy.sol:167  (AuraStakingProxy.('distribute', [], [])) | report=https://github.com/code-423n4/2022-05-aura-findings/issues/115 | comments=[M-02] || sheet=123 | row=286 | abl=B4 | type=TP | finding=[single_var_cross_tx] keeper  tx-set -> distribute(), setKeeper(address)   • write  contracts/AuraStakingProxy.sol:90  (AuraStakingProxy.('setKeeper', ['address'], []))   • read  contracts/AuraStakingProxy.sol:160  (AuraStakingProxy.('distribute', [], [])) | report=https://github.com/code-423n4/2022-05-aura-findings/issues/115 | comments=[M-02] || sheet=123 | row=337 | abl=B6 | type=TP | finding=[multi_var_cross_contract] crvDepositorWrapper, outputBps  tx-set -> distribute(), setCrvDepositorWrapper(address,uint256)   • write  contracts/AuraStakingProxy.sol:81  (AuraStakingProxy.('setCrvDepositorWrapper', ['address', 'uint256'], []))   • write  contracts/AuraStakingProxy.sol:82  (AuraStakingProxy.('setCrvDepositorWrapper', ['address', 'uint256'], []))   • read  contracts/AuraStakingProxy.sol:167  (AuraStakingProxy.('distribute', [], [])) | report=https://github.com/code-423n4/2022-05-aura-findings/issues/115 | comments=[M-02] || sheet=123 | row=338 | abl=B6 | type=TP | finding=[single_var_cross_tx] keeper  tx-set -> distribute(), setKeeper(address)   • write  contracts/AuraStakingProxy.sol:90  (AuraStakingProxy.('setKeeper', ['address'], []))   • read  contracts/AuraStakingProxy.sol:161  (AuraStakingProxy.('distribute', [], [])) | report=https://github.com/code-423n4/2022-05-aura-findings/issues/115 | comments=[M-02]",,,,,,
known-bug::WEB3BUGS-123-M-03,Web3Bugs-Code4rena-complement,WEB3BUGS-123-M-03,Code4rena,Medium,,2022-07-26,https://github.com/code-423n4/2022-05-aura-findings/issues/232,2022-05-aura#m-03,2022-05-aura,M-03,aura,Improperly Skewed Governance Mechanism,AuraLocker total voting supply tracks all locked balances while individual voting power only tracks delegated balances.,"Undelegated locked balances inflate total voting supply without corresponding individual voting power, making governance percentage thresholds difficult or impossible to satisfy.","Track total voting supply using delegated balances only, or otherwise synchronize total supply with the individual voting-power accounting model.",Web3Bugs report 123.md; Code4rena report; GitHub issue 232; AuraLocker.sol,"sheet=123 | row=26 | abl=B0 | type=TP | finding=[multi_var_cross_contract] _checkpointedVotes, {_checkpointedVotes}  tx-set -> getPastVotes(address,uint256), mint(address,uint256)   • write  contracts/AuraLocker.sol:524  (AuraLocker.('_checkpointDelegate', ['address', 'uint256', 'uint256'], []))   • read  contracts/AuraLocker.sol:600  (AuraLocker.('getPastVotes', ['address', 'uint256'], ['uint256'])) | report=https://github.com/code-423n4/2022-05-aura-findings/issues/232 https://github.com/code-423n4/2022-05-aura-findings/issues/186 | comments=[M-03], [M-08]","sheet=123 | row=26 | abl=B0 | type=TP | finding=[multi_var_cross_contract] _checkpointedVotes, {_checkpointedVotes}  tx-set -> getPastVotes(address,uint256), mint(address,uint256)   • write  contracts/AuraLocker.sol:524  (AuraLocker.('_checkpointDelegate', ['address', 'uint256', 'uint256'], []))   • read  contracts/AuraLocker.sol:600  (AuraLocker.('getPastVotes', ['address', 'uint256'], ['uint256'])) | report=https://github.com/code-423n4/2022-05-aura-findings/issues/232 https://github.com/code-423n4/2022-05-aura-findings/issues/186 | comments=[M-03], [M-08] || sheet=123 | row=82 | abl=B1 | type=TP | finding=[single_var_cross_tx] epochs  tx-set -> delegate(address), totalSupplyAtEpoch(uint256)   • write  contracts/AuraLocker.sol:293  (AuraLocker.('_lock', ['address', 'uint256'], []))   • read  contracts/AuraLocker.sol:718  (AuraLocker.('totalSupplyAtEpoch', ['uint256'], ['uint256'])) | report= | comments=[M-03] governance problem in supply acounting",,,,,,
known-bug::WEB3BUGS-123-M-04,Web3Bugs-Code4rena-complement,WEB3BUGS-123-M-04,Code4rena,Medium,,2022-07-26,https://github.com/code-423n4/2022-05-aura-findings/issues/156,2022-05-aura#m-04,2022-05-aura,M-04,aura,"AuraLocker kick reward only takes last locked amount into consideration, instead of whole balance",AuraLocker kick reward formula uses the last lock amount instead of the user's whole locked balance in the all-expired-locks path.,"Kickers receive less reward than intended, reducing incentive to process expired locks.",Use the total locked balance in the approximate kick reward calculation for the all-expired path.,Web3Bugs report 123.md; Code4rena report; GitHub issue 156; AuraLocker.sol,,"sheet=123 | row=153 | abl=B2 | type=TP | finding=[single_var_cross_tx] balances  tx-set -> claimableRewards(address), kickExpiredLocks(address)   • write  contracts/AuraLocker.sol:269  (AuraLocker.('_lock', ['address', 'uint256'], []))   • write  contracts/AuraLocker.sol:434  (AuraLocker.('_processExpiredLocks', ['address', 'bool', 'address', 'uint256'], []))   • read  contracts/AuraLocker.sol:771  (AuraLocker.('claimableRewards', ['address'], ['AuraLocker.EarnedData[]'])) | report= | comments=[M-04] || sheet=123 | row=315 | abl=B6 | type=TP | finding=[single_var_cross_tx] balances  tx-set -> claimableRewards(address), kickExpiredLocks(address)   • write  contracts/AuraLocker.sol:429  (AuraLocker.('_processExpiredLocks', ['address', 'bool', 'address', 'uint256'], []))   • read  contracts/AuraLocker.sol:771  (AuraLocker.('claimableRewards', ['address'], ['AuraLocker.EarnedData[]'])) | report= | comments=[M-04]",,,,,,
known-bug::WEB3BUGS-123-M-05,Web3Bugs-Code4rena-complement,WEB3BUGS-123-M-05,Code4rena,Medium,,2022-07-26,https://github.com/code-423n4/2022-05-aura-findings/issues/180,2022-05-aura#m-05,2022-05-aura,M-05,aura,Users can grief reward distribution,ExtraRewardsDistributor rejects backdated reward epochs if a later epoch has already been added.,"An attacker can front-run with a dust reward in a later epoch, making a legitimate reward addition for an earlier epoch revert.",Allow safe backdating or otherwise handle reward epoch insertion without dust front-running grief.,Web3Bugs report 123.md; Code4rena report; GitHub issue 180; ExtraRewardsDistributor.sol,,,,,,,,
known-bug::WEB3BUGS-123-M-06,Web3Bugs-Code4rena-complement,WEB3BUGS-123-M-06,Code4rena,Medium,,2022-07-26,https://github.com/code-423n4/2022-05-aura-findings/issues/1,2022-05-aura#m-06,2022-05-aura,M-06,aura,Rewards distribution can be delayed/never distributed on AuraLocker.sol#L848,AuraLocker reward notification can reset/extend the distribution period when tiny rewards are added on top of remaining rewards.,"An attacker can repeatedly send dust rewards and restart distribution, delaying or stretching rewards that should have distributed sooner.",Apply queueNewRewards-style protections so small top-ups do not restart a reward period unless they exceed a threshold.,Web3Bugs report 123.md; Code4rena report; GitHub issue 1; AuraLocker.sol; AuraStakingProxy.sol,"sheet=123 | row=12 | abl=B0 | type=TP | finding=[multi_var_cross_contract] epochs, userLocks, _checkpointedVotes, {_checkpointedVotes}  tx-set -> mint(address,uint256)   • write  contracts/AuraLocker.sol:524  (AuraLocker.('_checkpointDelegate', ['address', 'uint256', 'uint256'], []))   • write  contracts/AuraLocker.sol:293  (AuraLocker.('_lock', ['address', 'uint256'], []))   • read  contracts/AuraLocker.sol:292  (AuraLocker.('_lock', ['address', 'uint256'], []))   • read  contracts/AuraLocker.sol:281  (AuraLocker.('_lock', ['address', 'uint256'], [])) | report=https://github.com/code-423n4/2022-05-aura-findings/issues/186 | comments=[M-08] || sheet=123 | row=15 | abl=B0 | type=TP | finding=[multi_var_cross_contract] rewardData, {rewardData}, {lockedSupply, rewardData}  tx-set -> mint(address,uint256), queueNewRewards(uint256)   • write  contracts/AuraLocker.sol:868  (AuraLocker.('_notifyReward', ['address', 'uint256'], []))   • read  contracts/AuraLocker.sol:824  (AuraLocker.('queueNewRewards', ['uint256'], [])) | report=https://github.com/code-423n4/2022-05-aura-findings/issues/261 https://github.com/code-423n4/2022-05-aura-findings/issues/1 | comments=[M-14], [M-06] || sheet=123 | row=25 | abl=B0 | type=TP | finding=[single_var_cross_tx] userLocks  tx-set -> delegate(address), mint(address,uint256)   • write  contracts/AuraLocker.sol:282  (AuraLocker.('_lock', ['address', 'uint256'], []))   • read  contracts/AuraLocker.sol:469  (AuraLocker.('delegate', ['address'], [])) | report=https://github.com/code-423n4/2022-05-aura-findings/issues/186 | comments=[M-08] || sheet=123 | row=26 | abl=B0 | type=TP | finding=[multi_var_cross_contract] _checkpointedVotes, {_checkpointedVotes}  tx-set -> getPastVotes(address,uint256), mint(address,uint256)   • write  contracts/AuraLocker.sol:524  (AuraLocker.('_checkpointDelegate', ['address', 'uint256', 'uint256'], []))   • read  contracts/AuraLocker.sol:600  (AuraLocker.('getPastVotes', ['address', 'uint256'], ['uint256'])) | report=https://github.com/code-423n4/2022-05-aura-findings/issues/232 https://github.com/code-423n4/2022-05-aura-findings/issues/186 | comments=[M-03], [M-08] || sheet=123 | row=39 | abl=B0 | type=TP | finding=[multi_var_cross_contract] crvDepositorWrapper, outputBps  tx-set -> distribute(), setCrvDepositorWrapper(address,uint256)   • write  contracts/AuraStakingProxy.sol:82  (AuraStakingProxy.('setCrvDepositorWrapper', ['address', 'uint256'], []))   • write  contracts/AuraStakingProxy.sol:81  (AuraStakingProxy.('setCrvDepositorWrapper', ['address', 'uint256'], []))   • read  contracts/AuraStakingProxy.sol:167  (AuraStakingProxy.('distribute', [], [])) | report=https://github.com/code-423n4/2022-05-aura-findings/issues/115 | comments=[M-02] || sheet=123 | row=40 | abl=B0 | type=TP | finding=[single_var_cross_tx] keeper  tx-set -> distribute(), setKeeper(address)   • write  contracts/AuraStakingProxy.sol:90  (AuraStakingProxy.('setKeeper', ['address'], []))   • read  contracts/AuraStakingProxy.sol:160  (AuraStakingProxy.('distribute', [], [])) | report=https://github.com/code-423n4/2022-05-aura-findings/issues/115 | comments=[M-02] || sheet=123 | row=53 | abl=B0 | type=TP | finding=[multi_var_cross_contract] totalLocked, {totalLocked}  tx-set -> cancel(address), fund(address[],uint256[])   • write  contracts/AuraVestedEscrow.sol:125  (AuraVestedEscrow.('cancel', ['address'], []))   • read  contracts/AuraVestedEscrow.sol:103  (AuraVestedEscrow.('fund', ['address[]', 'uint256[]'], [])) | report=https://github.com/code-423n4/2022-05-aura-findings/issues/126 https://github.com/code-423n4/2022-05-aura/blob/4989a2077546a5394e3650bf3c224669a0f7e690/contracts/AuraVestedEscrow.sol#L96 | comments=[M-09], [L-01] || sheet=123 | row=54 | abl=B0 | type=TP | finding=[multi_var_cross_contract] totalLocked, {totalLocked}  tx-set -> cancel(address)   • write  contracts/AuraVestedEscrow.sol:125  (AuraVestedEscrow.('cancel', ['address'], []))   • read  contracts/AuraVestedEscrow.sol:118  (AuraVestedEscrow.('cancel', ['address'], [])) | report=https://github.com/code-423n4/2022-05-aura-findings/issues/126 https://github.com/code-423n4/2022-05-aura/blob/4989a2077546a5394e3650bf3c224669a0f7e690/contracts/AuraVestedEscrow.sol#L96 | comments=[M-09], [L-01]","sheet=123 | row=12 | abl=B0 | type=TP | finding=[multi_var_cross_contract] epochs, userLocks, _checkpointedVotes, {_checkpointedVotes}  tx-set -> mint(address,uint256)   • write  contracts/AuraLocker.sol:524  (AuraLocker.('_checkpointDelegate', ['address', 'uint256', 'uint256'], []))   • write  contracts/AuraLocker.sol:293  (AuraLocker.('_lock', ['address', 'uint256'], []))   • read  contracts/AuraLocker.sol:292  (AuraLocker.('_lock', ['address', 'uint256'], []))   • read  contracts/AuraLocker.sol:281  (AuraLocker.('_lock', ['address', 'uint256'], [])) | report=https://github.com/code-423n4/2022-05-aura-findings/issues/186 | comments=[M-08] || sheet=123 | row=15 | abl=B0 | type=TP | finding=[multi_var_cross_contract] rewardData, {rewardData}, {lockedSupply, rewardData}  tx-set -> mint(address,uint256), queueNewRewards(uint256)   • write  contracts/AuraLocker.sol:868  (AuraLocker.('_notifyReward', ['address', 'uint256'], []))   • read  contracts/AuraLocker.sol:824  (AuraLocker.('queueNewRewards', ['uint256'], [])) | report=https://github.com/code-423n4/2022-05-aura-findings/issues/261 https://github.com/code-423n4/2022-05-aura-findings/issues/1 | comments=[M-14], [M-06] || sheet=123 | row=25 | abl=B0 | type=TP | finding=[single_var_cross_tx] userLocks  tx-set -> delegate(address), mint(address,uint256)   • write  contracts/AuraLocker.sol:282  (AuraLocker.('_lock', ['address', 'uint256'], []))   • read  contracts/AuraLocker.sol:469  (AuraLocker.('delegate', ['address'], [])) | report=https://github.com/code-423n4/2022-05-aura-findings/issues/186 | comments=[M-08] || sheet=123 | row=26 | abl=B0 | type=TP | finding=[multi_var_cross_contract] _checkpointedVotes, {_checkpointedVotes}  tx-set -> getPastVotes(address,uint256), mint(address,uint256)   • write  contracts/AuraLocker.sol:524  (AuraLocker.('_checkpointDelegate', ['address', 'uint256', 'uint256'], []))   • read  contracts/AuraLocker.sol:600  (AuraLocker.('getPastVotes', ['address', 'uint256'], ['uint256'])) | report=https://github.com/code-423n4/2022-05-aura-findings/issues/232 https://github.com/code-423n4/2022-05-aura-findings/issues/186 | comments=[M-03], [M-08] || sheet=123 | row=39 | abl=B0 | type=TP | finding=[multi_var_cross_contract] crvDepositorWrapper, outputBps  tx-set -> distribute(), setCrvDepositorWrapper(address,uint256)   • write  contracts/AuraStakingProxy.sol:82  (AuraStakingProxy.('setCrvDepositorWrapper', ['address', 'uint256'], []))   • write  contracts/AuraStakingProxy.sol:81  (AuraStakingProxy.('setCrvDepositorWrapper', ['address', 'uint256'], []))   • read  contracts/AuraStakingProxy.sol:167  (AuraStakingProxy.('distribute', [], [])) | report=https://github.com/code-423n4/2022-05-aura-findings/issues/115 | comments=[M-02] || sheet=123 | row=40 | abl=B0 | type=TP | finding=[single_var_cross_tx] keeper  tx-set -> distribute(), setKeeper(address)   • write  contracts/AuraStakingProxy.sol:90  (AuraStakingProxy.('setKeeper', ['address'], []))   • read  contracts/AuraStakingProxy.sol:160  (AuraStakingProxy.('distribute', [], [])) | report=https://github.com/code-423n4/2022-05-aura-findings/issues/115 | comments=[M-02] || sheet=123 | row=53 | abl=B0 | type=TP | finding=[multi_var_cross_contract] totalLocked, {totalLocked}  tx-set -> cancel(address), fund(address[],uint256[])   • write  contracts/AuraVestedEscrow.sol:125  (AuraVestedEscrow.('cancel', ['address'], []))   • read  contracts/AuraVestedEscrow.sol:103  (AuraVestedEscrow.('fund', ['address[]', 'uint256[]'], [])) | report=https://github.com/code-423n4/2022-05-aura-findings/issues/126 https://github.com/code-423n4/2022-05-aura/blob/4989a2077546a5394e3650bf3c224669a0f7e690/contracts/AuraVestedEscrow.sol#L96 | comments=[M-09], [L-01] || sheet=123 | row=54 | abl=B0 | type=TP | finding=[multi_var_cross_contract] totalLocked, {totalLocked}  tx-set -> cancel(address)   • write  contracts/AuraVestedEscrow.sol:125  (AuraVestedEscrow.('cancel', ['address'], []))   • read  contracts/AuraVestedEscrow.sol:118  (AuraVestedEscrow.('cancel', ['address'], [])) | report=https://github.com/code-423n4/2022-05-aura-findings/issues/126 https://github.com/code-423n4/2022-05-aura/blob/4989a2077546a5394e3650bf3c224669a0f7e690/contracts/AuraVestedEscrow.sol#L96 | comments=[M-09], [L-01] || sheet=123 | row=104 | abl=B1 | type=TP | finding=[multi_var_cross_contract] crvDepositorWrapper, outputBps  tx-set -> distribute(), setCrvDepositorWrapper(address,uint256)   • write  contracts/AuraStakingProxy.sol:82  (AuraStakingProxy.('setCrvDepositorWrapper', ['address', 'uint256'], []))   • write  contracts/AuraStakingProxy.sol:81  (AuraStakingProxy.('setCrvDepositorWrapper', ['address', 'uint256'], []))   • read  contracts/AuraStakingProxy.sol:167  (AuraStakingProxy.('distribute', [], [])) | report=https://github.com/code-423n4/2022-05-aura-findings/issues/115 | comments=[M-02] || sheet=123 | row=105 | abl=B1 | type=TP | finding=[single_var_cross_tx] keeper  tx-set -> distribute(), setKeeper(address)   • write  contracts/AuraStakingProxy.sol:90  (AuraStakingProxy.('setKeeper', ['address'], []))   • read  contracts/AuraStakingProxy.sol:160  (AuraStakingProxy.('distribute', [], [])) | report=https://github.com/code-423n4/2022-05-aura-findings/issues/115 | comments=[M-02] || sheet=123 | row=118 | abl=B1 | type=TP | finding=[multi_var_cross_contract] totalLocked, {totalLocked}  tx-set -> cancel(address), fund(address[],uint256[])   • write  contracts/AuraVestedEscrow.sol:125  (AuraVestedEscrow.('cancel', ['address'], []))   • read  contracts/AuraVestedEscrow.sol:103  (AuraVestedEscrow.('fund', ['address[]', 'uint256[]'], [])) | report=https://github.com/code-423n4/2022-05-aura-findings/issues/126 https://github.com/code-423n4/2022-05-aura/blob/4989a2077546a5394e3650bf3c224669a0f7e690/contracts/AuraVestedEscrow.sol#L96 | comments=[M-09], [L-01] || sheet=123 | row=119 | abl=B1 | type=TP | finding=[multi_var_cross_contract] totalLocked, {totalLocked}  tx-set -> cancel(address)   • write  contracts/AuraVestedEscrow.sol:125  (AuraVestedEscrow.('cancel', ['address'], []))   • read  contracts/AuraVestedEscrow.sol:118  (AuraVestedEscrow.('cancel', ['address'], [])) | report=https://github.com/code-423n4/2022-05-aura-findings/issues/126 https://github.com/code-423n4/2022-05-aura/blob/4989a2077546a5394e3650bf3c224669a0f7e690/contracts/AuraVestedEscrow.sol#L96 | comments=[M-09], [L-01] || sheet=123 | row=173 | abl=B2 | type=TP | finding=[multi_var_cross_contract] crvDepositorWrapper, outputBps  tx-set -> distribute(), setCrvDepositorWrapper(address,uint256)   • write  contracts/AuraStakingProxy.sol:81  (AuraStakingProxy.('setCrvDepositorWrapper', ['address', 'uint256'], []))   • write  contracts/AuraStakingProxy.sol:82  (AuraStakingProxy.('setCrvDepositorWrapper', ['address', 'uint256'], []))   • read  contracts/AuraStakingProxy.sol:167  (AuraStakingProxy.('distribute', [], [])) | report=https://github.com/code-423n4/2022-05-aura-findings/issues/115 | comments=[M-02] || sheet=123 | row=174 | abl=B2 | type=TP | finding=[single_var_cross_tx] keeper  tx-set -> distribute(), setKeeper(address)   • write  contracts/AuraStakingProxy.sol:90  (AuraStakingProxy.('setKeeper', ['address'], []))   • read  contracts/AuraStakingProxy.sol:160  (AuraStakingProxy.('distribute', [], [])) | report=https://github.com/code-423n4/2022-05-aura-findings/issues/115 | comments=[M-02] || sheet=123 | row=187 | abl=B2 | type=TP | finding=[multi_var_cross_contract] totalLocked, {totalLocked}  tx-set -> cancel(address)   • write  contracts/AuraVestedEscrow.sol:125  (AuraVestedEscrow.('cancel', ['address'], []))   • read  contracts/AuraVestedEscrow.sol:118  (AuraVestedEscrow.('cancel', ['address'], [])) | report=https://github.com/code-423n4/2022-05-aura-findings/issues/126 https://github.com/code-423n4/2022-05-aura/blob/4989a2077546a5394e3650bf3c224669a0f7e690/contracts/AuraVestedEscrow.sol#L96 | comments=[M-09], [L-01] || sheet=123 | row=188 | abl=B2 | type=TP | finding=[multi_var_cross_contract] totalLocked, {totalLocked}  tx-set -> cancel(address), fund(address[],uint256[])   • write  contracts/AuraVestedEscrow.sol:125  (AuraVestedEscrow.('cancel', ['address'], []))   • read  contracts/AuraVestedEscrow.sol:103  (AuraVestedEscrow.('fund', ['address[]', 'uint256[]'], [])) | report=https://github.com/code-423n4/2022-05-aura-findings/issues/126 https://github.com/code-423n4/2022-05-aura/blob/4989a2077546a5394e3650bf3c224669a0f7e690/contracts/AuraVestedEscrow.sol#L96 | comments=[M-09], [L-01] || sheet=123 | row=238 | abl=B3 | type=TP | finding=[multi_var_cross_contract] crvDepositorWrapper, outputBps  tx-set -> distribute(), setCrvDepositorWrapper(address,uint256)   • write  contracts/AuraStakingProxy.sol:82  (AuraStakingProxy.('setCrvDepositorWrapper', ['address', 'uint256'], []))   • write  contracts/AuraStakingProxy.sol:81  (AuraStakingProxy.('setCrvDepositorWrapper', ['address', 'uint256'], []))   • read  contracts/AuraStakingProxy.sol:167  (AuraStakingProxy.('distribute', [], [])) | report=https://github.com/code-423n4/2022-05-aura-findings/issues/115 | comments=[M-02] || sheet=123 | row=239 | abl=B3 | type=TP | finding=[single_var_cross_tx] keeper  tx-set -> distribute(), setKeeper(address)   • write  contracts/AuraStakingProxy.sol:90  (AuraStakingProxy.('setKeeper', ['address'], []))   • read  contracts/AuraStakingProxy.sol:160  (AuraStakingProxy.('distribute', [], [])) | report=https://github.com/code-423n4/2022-05-aura-findings/issues/115 | comments=[M-02] || sheet=123 | row=252 | abl=B3 | type=TP | finding=[multi_var_cross_contract] totalLocked, {totalLocked}  tx-set -> cancel(address), fund(address[],uint256[])   • write  contracts/AuraVestedEscrow.sol:125  (AuraVestedEscrow.('cancel', ['address'], []))   • read  contracts/AuraVestedEscrow.sol:103  (AuraVestedEscrow.('fund', ['address[]', 'uint256[]'], [])) | report=https://github.com/code-423n4/2022-05-aura-findings/issues/126 https://github.com/code-423n4/2022-05-aura/blob/4989a2077546a5394e3650bf3c224669a0f7e690/contracts/AuraVestedEscrow.sol#L96 | comments=[M-09], [L-01] || sheet=123 | row=253 | abl=B3 | type=TP | finding=[multi_var_cross_contract] totalLocked, {totalLocked}  tx-set -> cancel(address)   • write  contracts/AuraVestedEscrow.sol:125  (AuraVestedEscrow.('cancel', ['address'], []))   • read  contracts/AuraVestedEscrow.sol:118  (AuraVestedEscrow.('cancel', ['address'], [])) | report=https://github.com/code-423n4/2022-05-aura-findings/issues/126 https://github.com/code-423n4/2022-05-aura/blob/4989a2077546a5394e3650bf3c224669a0f7e690/contracts/AuraVestedEscrow.sol#L96 | comments=[M-09], [L-01] || sheet=123 | row=285 | abl=B4 | type=TP | finding=[multi_var_cross_contract] crvDepositorWrapper, outputBps  tx-set -> distribute(), setCrvDepositorWrapper(address,uint256)   • write  contracts/AuraStakingProxy.sol:81  (AuraStakingProxy.('setCrvDepositorWrapper', ['address', 'uint256'], []))   • write  contracts/AuraStakingProxy.sol:82  (AuraStakingProxy.('setCrvDepositorWrapper', ['address', 'uint256'], []))   • read  contracts/AuraStakingProxy.sol:167  (AuraStakingProxy.('distribute', [], [])) | report=https://github.com/code-423n4/2022-05-aura-findings/issues/115 | comments=[M-02] || sheet=123 | row=286 | abl=B4 | type=TP | finding=[single_var_cross_tx] keeper  tx-set -> distribute(), setKeeper(address)   • write  contracts/AuraStakingProxy.sol:90  (AuraStakingProxy.('setKeeper', ['address'], []))   • read  contracts/AuraStakingProxy.sol:160  (AuraStakingProxy.('distribute', [], [])) | report=https://github.com/code-423n4/2022-05-aura-findings/issues/115 | comments=[M-02] || sheet=123 | row=322 | abl=B6 | type=TP | finding=[single_var_cross_tx] userLocks  tx-set -> delegate(address)   • write  contracts/AuraLocker.sol:282  (AuraLocker.('_lock', ['address', 'uint256'], []))   • read  contracts/AuraLocker.sol:279  (AuraLocker.('_lock', ['address', 'uint256'], []))   • read  contracts/AuraLocker.sol:469  (AuraLocker.('delegate', ['address'], [])) | report=https://github.com/code-423n4/2022-05-aura-findings/issues/186 | comments=[M-08] || sheet=123 | row=337 | abl=B6 | type=TP | finding=[multi_var_cross_contract] crvDepositorWrapper, outputBps  tx-set -> distribute(), setCrvDepositorWrapper(address,uint256)   • write  contracts/AuraStakingProxy.sol:81  (AuraStakingProxy.('setCrvDepositorWrapper', ['address', 'uint256'], []))   • write  contracts/AuraStakingProxy.sol:82  (AuraStakingProxy.('setCrvDepositorWrapper', ['address', 'uint256'], []))   • read  contracts/AuraStakingProxy.sol:167  (AuraStakingProxy.('distribute', [], [])) | report=https://github.com/code-423n4/2022-05-aura-findings/issues/115 | comments=[M-02] || sheet=123 | row=338 | abl=B6 | type=TP | finding=[single_var_cross_tx] keeper  tx-set -> distribute(), setKeeper(address)   • write  contracts/AuraStakingProxy.sol:90  (AuraStakingProxy.('setKeeper', ['address'], []))   • read  contracts/AuraStakingProxy.sol:161  (AuraStakingProxy.('distribute', [], [])) | report=https://github.com/code-423n4/2022-05-aura-findings/issues/115 | comments=[M-02] || sheet=123 | row=351 | abl=B6 | type=TP | finding=[multi_var_cross_contract] totalLocked, {totalLocked}  tx-set -> cancel(address), fund(address[],uint256[])   • write  contracts/AuraVestedEscrow.sol:125  (AuraVestedEscrow.('cancel', ['address'], []))   • read  contracts/AuraVestedEscrow.sol:103  (AuraVestedEscrow.('fund', ['address[]', 'uint256[]'], [])) | report=https://github.com/code-423n4/2022-05-aura-findings/issues/126 https://github.com/code-423n4/2022-05-aura/blob/4989a2077546a5394e3650bf3c224669a0f7e690/contracts/AuraVestedEscrow.sol#L96 | comments=[M-09], [L-01] || sheet=123 | row=352 | abl=B6 | type=TP | finding=[multi_var_cross_contract] totalLocked, {totalLocked}  tx-set -> cancel(address)   • write  contracts/AuraVestedEscrow.sol:125  (AuraVestedEscrow.('cancel', ['address'], []))   • read  contracts/AuraVestedEscrow.sol:118  (AuraVestedEscrow.('cancel', ['address'], [])) | report=https://github.com/code-423n4/2022-05-aura-findings/issues/126 https://github.com/code-423n4/2022-05-aura/blob/4989a2077546a5394e3650bf3c224669a0f7e690/contracts/AuraVestedEscrow.sol#L96 | comments=[M-09], [L-01]",,,,,,
known-bug::WEB3BUGS-123-M-07,Web3Bugs-Code4rena-complement,WEB3BUGS-123-M-07,Code4rena,Medium,,2022-07-26,https://github.com/code-423n4/2022-05-aura-findings/issues/240,2022-05-aura#m-07,2022-05-aura,M-07,aura,Reward may be locked forever if user doesn't claim reward for a very long time such that too many epochs have been passed,Reward claiming iterates from the user's claim cursor to the end of rewardEpochs and can exceed gas limits after many epochs.,A long-inactive user may be unable to claim rewards because the catch-up loop becomes too expensive to execute.,Allow bounded/partial reward claiming with caller-specified end index or another pagination mechanism.,Web3Bugs report 123.md; Code4rena report; GitHub issue 240; ExtraRewardsDistributor.sol; AuraLocker.sol,,,,,,,,
known-bug::WEB3BUGS-123-M-08,Web3Bugs-Code4rena-complement,WEB3BUGS-123-M-08,Code4rena,Medium,,2022-07-26,https://github.com/code-423n4/2022-05-aura-findings/issues/186,2022-05-aura#m-08,2022-05-aura,M-08,aura,Locking up AURA Token does not increase voting power of individual,"AuraLocker only checkpoints delegated votes during lock; if a user has no delegatee, locked AURA/vlAURA balance is not reflected in individual voting power.","A user who locks AURA and receives vlAURA can still have zero getVotes voting power until they manually delegate, missing governance or gauge votes.",Auto-delegate to self or checkpoint the user's own voting power when locking if no delegatee is set.,Web3Bugs report 123.md; Code4rena report; GitHub issue 186; AuraLocker.sol,"sheet=123 | row=12 | abl=B0 | type=TP | finding=[multi_var_cross_contract] epochs, userLocks, _checkpointedVotes, {_checkpointedVotes}  tx-set -> mint(address,uint256)   • write  contracts/AuraLocker.sol:524  (AuraLocker.('_checkpointDelegate', ['address', 'uint256', 'uint256'], []))   • write  contracts/AuraLocker.sol:293  (AuraLocker.('_lock', ['address', 'uint256'], []))   • read  contracts/AuraLocker.sol:292  (AuraLocker.('_lock', ['address', 'uint256'], []))   • read  contracts/AuraLocker.sol:281  (AuraLocker.('_lock', ['address', 'uint256'], [])) | report=https://github.com/code-423n4/2022-05-aura-findings/issues/186 | comments=[M-08] || sheet=123 | row=25 | abl=B0 | type=TP | finding=[single_var_cross_tx] userLocks  tx-set -> delegate(address), mint(address,uint256)   • write  contracts/AuraLocker.sol:282  (AuraLocker.('_lock', ['address', 'uint256'], []))   • read  contracts/AuraLocker.sol:469  (AuraLocker.('delegate', ['address'], [])) | report=https://github.com/code-423n4/2022-05-aura-findings/issues/186 | comments=[M-08] || sheet=123 | row=26 | abl=B0 | type=TP | finding=[multi_var_cross_contract] _checkpointedVotes, {_checkpointedVotes}  tx-set -> getPastVotes(address,uint256), mint(address,uint256)   • write  contracts/AuraLocker.sol:524  (AuraLocker.('_checkpointDelegate', ['address', 'uint256', 'uint256'], []))   • read  contracts/AuraLocker.sol:600  (AuraLocker.('getPastVotes', ['address', 'uint256'], ['uint256'])) | report=https://github.com/code-423n4/2022-05-aura-findings/issues/232 https://github.com/code-423n4/2022-05-aura-findings/issues/186 | comments=[M-03], [M-08]","sheet=123 | row=12 | abl=B0 | type=TP | finding=[multi_var_cross_contract] epochs, userLocks, _checkpointedVotes, {_checkpointedVotes}  tx-set -> mint(address,uint256)   • write  contracts/AuraLocker.sol:524  (AuraLocker.('_checkpointDelegate', ['address', 'uint256', 'uint256'], []))   • write  contracts/AuraLocker.sol:293  (AuraLocker.('_lock', ['address', 'uint256'], []))   • read  contracts/AuraLocker.sol:292  (AuraLocker.('_lock', ['address', 'uint256'], []))   • read  contracts/AuraLocker.sol:281  (AuraLocker.('_lock', ['address', 'uint256'], [])) | report=https://github.com/code-423n4/2022-05-aura-findings/issues/186 | comments=[M-08] || sheet=123 | row=25 | abl=B0 | type=TP | finding=[single_var_cross_tx] userLocks  tx-set -> delegate(address), mint(address,uint256)   • write  contracts/AuraLocker.sol:282  (AuraLocker.('_lock', ['address', 'uint256'], []))   • read  contracts/AuraLocker.sol:469  (AuraLocker.('delegate', ['address'], [])) | report=https://github.com/code-423n4/2022-05-aura-findings/issues/186 | comments=[M-08] || sheet=123 | row=26 | abl=B0 | type=TP | finding=[multi_var_cross_contract] _checkpointedVotes, {_checkpointedVotes}  tx-set -> getPastVotes(address,uint256), mint(address,uint256)   • write  contracts/AuraLocker.sol:524  (AuraLocker.('_checkpointDelegate', ['address', 'uint256', 'uint256'], []))   • read  contracts/AuraLocker.sol:600  (AuraLocker.('getPastVotes', ['address', 'uint256'], ['uint256'])) | report=https://github.com/code-423n4/2022-05-aura-findings/issues/232 https://github.com/code-423n4/2022-05-aura-findings/issues/186 | comments=[M-03], [M-08] || sheet=123 | row=81 | abl=B1 | type=TP | finding=[multi_var_cross_contract] epochs, userLocks, _checkpointedVotes, {_checkpointedVotes}  tx-set -> delegate(address)   • write  contracts/AuraLocker.sol:546  (AuraLocker.('_checkpointDelegate', ['address', 'uint256', 'uint256'], []))   • write  contracts/AuraLocker.sol:293  (AuraLocker.('_lock', ['address', 'uint256'], []))   • read  contracts/AuraLocker.sol:281  (AuraLocker.('_lock', ['address', 'uint256'], []))   • read  contracts/AuraLocker.sol:469  (AuraLocker.('delegate', ['address'], [])) | report= | comments=[M-08] missing coupling || sheet=123 | row=91 | abl=B1 | type=TP | finding=[multi_var_cross_contract] _checkpointedVotes, {_checkpointedVotes}  tx-set -> delegate(address), getPastVotes(address,uint256)   • write  contracts/AuraLocker.sol:546  (AuraLocker.('_checkpointDelegate', ['address', 'uint256', 'uint256'], []))   • read  contracts/AuraLocker.sol:600  (AuraLocker.('getPastVotes', ['address', 'uint256'], ['uint256'])) | report= | comments=[M-08] || sheet=123 | row=322 | abl=B6 | type=TP | finding=[single_var_cross_tx] userLocks  tx-set -> delegate(address)   • write  contracts/AuraLocker.sol:282  (AuraLocker.('_lock', ['address', 'uint256'], []))   • read  contracts/AuraLocker.sol:279  (AuraLocker.('_lock', ['address', 'uint256'], []))   • read  contracts/AuraLocker.sol:469  (AuraLocker.('delegate', ['address'], [])) | report=https://github.com/code-423n4/2022-05-aura-findings/issues/186 | comments=[M-08]",,,,,,
known-bug::WEB3BUGS-123-M-09,Web3Bugs-Code4rena-complement,WEB3BUGS-123-M-09,Code4rena,Medium,,2022-07-26,https://github.com/code-423n4/2022-05-aura-findings/issues/126,2022-05-aura#m-09,2022-05-aura,M-09,aura,Reward can be vested even after endTime,AuraVestedEscrow.fund lacks a time/lifecycle check preventing funding after the vesting endTime.,Funds sent after the vesting period can be locked or fail to become useful vesting rewards.,"Require funding before the appropriate vesting cutoff, such as before endTime or before startTime depending on intended lifecycle.",Web3Bugs report 123.md; Code4rena report; GitHub issue 126; AuraVestedEscrow.sol,"sheet=123 | row=53 | abl=B0 | type=TP | finding=[multi_var_cross_contract] totalLocked, {totalLocked}  tx-set -> cancel(address), fund(address[],uint256[])   • write  contracts/AuraVestedEscrow.sol:125  (AuraVestedEscrow.('cancel', ['address'], []))   • read  contracts/AuraVestedEscrow.sol:103  (AuraVestedEscrow.('fund', ['address[]', 'uint256[]'], [])) | report=https://github.com/code-423n4/2022-05-aura-findings/issues/126 https://github.com/code-423n4/2022-05-aura/blob/4989a2077546a5394e3650bf3c224669a0f7e690/contracts/AuraVestedEscrow.sol#L96 | comments=[M-09], [L-01] || sheet=123 | row=54 | abl=B0 | type=TP | finding=[multi_var_cross_contract] totalLocked, {totalLocked}  tx-set -> cancel(address)   • write  contracts/AuraVestedEscrow.sol:125  (AuraVestedEscrow.('cancel', ['address'], []))   • read  contracts/AuraVestedEscrow.sol:118  (AuraVestedEscrow.('cancel', ['address'], [])) | report=https://github.com/code-423n4/2022-05-aura-findings/issues/126 https://github.com/code-423n4/2022-05-aura/blob/4989a2077546a5394e3650bf3c224669a0f7e690/contracts/AuraVestedEscrow.sol#L96 | comments=[M-09], [L-01]","sheet=123 | row=53 | abl=B0 | type=TP | finding=[multi_var_cross_contract] totalLocked, {totalLocked}  tx-set -> cancel(address), fund(address[],uint256[])   • write  contracts/AuraVestedEscrow.sol:125  (AuraVestedEscrow.('cancel', ['address'], []))   • read  contracts/AuraVestedEscrow.sol:103  (AuraVestedEscrow.('fund', ['address[]', 'uint256[]'], [])) | report=https://github.com/code-423n4/2022-05-aura-findings/issues/126 https://github.com/code-423n4/2022-05-aura/blob/4989a2077546a5394e3650bf3c224669a0f7e690/contracts/AuraVestedEscrow.sol#L96 | comments=[M-09], [L-01] || sheet=123 | row=54 | abl=B0 | type=TP | finding=[multi_var_cross_contract] totalLocked, {totalLocked}  tx-set -> cancel(address)   • write  contracts/AuraVestedEscrow.sol:125  (AuraVestedEscrow.('cancel', ['address'], []))   • read  contracts/AuraVestedEscrow.sol:118  (AuraVestedEscrow.('cancel', ['address'], [])) | report=https://github.com/code-423n4/2022-05-aura-findings/issues/126 https://github.com/code-423n4/2022-05-aura/blob/4989a2077546a5394e3650bf3c224669a0f7e690/contracts/AuraVestedEscrow.sol#L96 | comments=[M-09], [L-01] || sheet=123 | row=118 | abl=B1 | type=TP | finding=[multi_var_cross_contract] totalLocked, {totalLocked}  tx-set -> cancel(address), fund(address[],uint256[])   • write  contracts/AuraVestedEscrow.sol:125  (AuraVestedEscrow.('cancel', ['address'], []))   • read  contracts/AuraVestedEscrow.sol:103  (AuraVestedEscrow.('fund', ['address[]', 'uint256[]'], [])) | report=https://github.com/code-423n4/2022-05-aura-findings/issues/126 https://github.com/code-423n4/2022-05-aura/blob/4989a2077546a5394e3650bf3c224669a0f7e690/contracts/AuraVestedEscrow.sol#L96 | comments=[M-09], [L-01] || sheet=123 | row=119 | abl=B1 | type=TP | finding=[multi_var_cross_contract] totalLocked, {totalLocked}  tx-set -> cancel(address)   • write  contracts/AuraVestedEscrow.sol:125  (AuraVestedEscrow.('cancel', ['address'], []))   • read  contracts/AuraVestedEscrow.sol:118  (AuraVestedEscrow.('cancel', ['address'], [])) | report=https://github.com/code-423n4/2022-05-aura-findings/issues/126 https://github.com/code-423n4/2022-05-aura/blob/4989a2077546a5394e3650bf3c224669a0f7e690/contracts/AuraVestedEscrow.sol#L96 | comments=[M-09], [L-01] || sheet=123 | row=187 | abl=B2 | type=TP | finding=[multi_var_cross_contract] totalLocked, {totalLocked}  tx-set -> cancel(address)   • write  contracts/AuraVestedEscrow.sol:125  (AuraVestedEscrow.('cancel', ['address'], []))   • read  contracts/AuraVestedEscrow.sol:118  (AuraVestedEscrow.('cancel', ['address'], [])) | report=https://github.com/code-423n4/2022-05-aura-findings/issues/126 https://github.com/code-423n4/2022-05-aura/blob/4989a2077546a5394e3650bf3c224669a0f7e690/contracts/AuraVestedEscrow.sol#L96 | comments=[M-09], [L-01] || sheet=123 | row=188 | abl=B2 | type=TP | finding=[multi_var_cross_contract] totalLocked, {totalLocked}  tx-set -> cancel(address), fund(address[],uint256[])   • write  contracts/AuraVestedEscrow.sol:125  (AuraVestedEscrow.('cancel', ['address'], []))   • read  contracts/AuraVestedEscrow.sol:103  (AuraVestedEscrow.('fund', ['address[]', 'uint256[]'], [])) | report=https://github.com/code-423n4/2022-05-aura-findings/issues/126 https://github.com/code-423n4/2022-05-aura/blob/4989a2077546a5394e3650bf3c224669a0f7e690/contracts/AuraVestedEscrow.sol#L96 | comments=[M-09], [L-01] || sheet=123 | row=252 | abl=B3 | type=TP | finding=[multi_var_cross_contract] totalLocked, {totalLocked}  tx-set -> cancel(address), fund(address[],uint256[])   • write  contracts/AuraVestedEscrow.sol:125  (AuraVestedEscrow.('cancel', ['address'], []))   • read  contracts/AuraVestedEscrow.sol:103  (AuraVestedEscrow.('fund', ['address[]', 'uint256[]'], [])) | report=https://github.com/code-423n4/2022-05-aura-findings/issues/126 https://github.com/code-423n4/2022-05-aura/blob/4989a2077546a5394e3650bf3c224669a0f7e690/contracts/AuraVestedEscrow.sol#L96 | comments=[M-09], [L-01] || sheet=123 | row=253 | abl=B3 | type=TP | finding=[multi_var_cross_contract] totalLocked, {totalLocked}  tx-set -> cancel(address)   • write  contracts/AuraVestedEscrow.sol:125  (AuraVestedEscrow.('cancel', ['address'], []))   • read  contracts/AuraVestedEscrow.sol:118  (AuraVestedEscrow.('cancel', ['address'], [])) | report=https://github.com/code-423n4/2022-05-aura-findings/issues/126 https://github.com/code-423n4/2022-05-aura/blob/4989a2077546a5394e3650bf3c224669a0f7e690/contracts/AuraVestedEscrow.sol#L96 | comments=[M-09], [L-01] || sheet=123 | row=351 | abl=B6 | type=TP | finding=[multi_var_cross_contract] totalLocked, {totalLocked}  tx-set -> cancel(address), fund(address[],uint256[])   • write  contracts/AuraVestedEscrow.sol:125  (AuraVestedEscrow.('cancel', ['address'], []))   • read  contracts/AuraVestedEscrow.sol:103  (AuraVestedEscrow.('fund', ['address[]', 'uint256[]'], [])) | report=https://github.com/code-423n4/2022-05-aura-findings/issues/126 https://github.com/code-423n4/2022-05-aura/blob/4989a2077546a5394e3650bf3c224669a0f7e690/contracts/AuraVestedEscrow.sol#L96 | comments=[M-09], [L-01] || sheet=123 | row=352 | abl=B6 | type=TP | finding=[multi_var_cross_contract] totalLocked, {totalLocked}  tx-set -> cancel(address)   • write  contracts/AuraVestedEscrow.sol:125  (AuraVestedEscrow.('cancel', ['address'], []))   • read  contracts/AuraVestedEscrow.sol:118  (AuraVestedEscrow.('cancel', ['address'], [])) | report=https://github.com/code-423n4/2022-05-aura-findings/issues/126 https://github.com/code-423n4/2022-05-aura/blob/4989a2077546a5394e3650bf3c224669a0f7e690/contracts/AuraVestedEscrow.sol#L96 | comments=[M-09], [L-01]",,,,,,
known-bug::WEB3BUGS-123-M-10,Web3Bugs-Code4rena-complement,WEB3BUGS-123-M-10,Code4rena,Medium,,2022-07-26,https://github.com/code-423n4/2022-05-aura-findings/issues/278,2022-05-aura#m-10,2022-05-aura,M-10,aura,Increase voting power by tokenizing the address that locks the token,"AuraLocker allows smart contracts to lock tokens, enabling wrapper contracts to tokenize locked positions and direct accumulated voting power.","A wrapper can attract deposits, tokenize the locker address, and delegate the contract's votes to influence governance.","Restrict or manage smart-contract lockers with an EOA check, whitelist, or blacklist policy.",Web3Bugs report 123.md; Code4rena report; GitHub issue 278; AuraLocker.sol,,,,,,,,
known-bug::WEB3BUGS-123-M-11,Web3Bugs-Code4rena-complement,WEB3BUGS-123-M-11,Code4rena,Medium,,2022-07-26,https://github.com/code-423n4/2022-05-aura-findings/issues/176,2022-05-aura#m-11,2022-05-aura,M-11,aura,Users may lose rewards to other users if rewards are given as fee-on-transfer tokens,"ExtraRewardsDistributor records reward per token from the requested _amount, but fee-on-transfer tokens can make actual received balance lower.","The first claimants can consume the actual balance while accounting promises rewards based on the larger nominal amount, causing later claims to revert or underpay.",Measure token balance before and after transfer and use the actual received amount for reward accounting.,Web3Bugs report 123.md; Code4rena report; GitHub issue 176; ExtraRewardsDistributor.sol,,,,,,,,
known-bug::WEB3BUGS-123-M-12,Web3Bugs-Code4rena-complement,WEB3BUGS-123-M-12,Code4rena,Medium,,2022-07-26,https://github.com/code-423n4/2022-05-aura-findings/issues/108,2022-05-aura#m-12,2022-05-aura,M-12,aura,User will lose funds,AuraClaimZap transfers CVX from the user when depositCvxMaxAmount is positive even if the LockCvx option is false.,"A user can transfer CVX into the zap contract without the lock branch executing, leaving funds stuck in the contract.","Only pull CVX when LockCvx is enabled, or otherwise return/handle CVX when the option is false.",Web3Bugs report 123.md; Code4rena report; GitHub issue 108; AuraClaimZap.sol,,,,,,,,
known-bug::WEB3BUGS-123-M-13,Web3Bugs-Code4rena-complement,WEB3BUGS-123-M-13,Code4rena,Medium,,2022-07-26,https://github.com/code-423n4/2022-05-aura-findings/issues/151,2022-05-aura#m-13,2022-05-aura,M-13,aura,"ConvexMasterChef: When _lpToken is cvx, reward calculation is incorrect","ConvexMasterChef allows a pool LP token to be the same as the cvx reward token, causing reward mints/balances to inflate lpSupply used for reward calculation.","If _lpToken equals cvx, the balance-derived lpSupply includes reward tokens and corrupts accCvxPerShare, reducing or misallocating rewards.","Reject pools whose LP token is the reward token, or separate reward-token custody from LP supply measurement.",Web3Bugs report 123.md; Code4rena report; GitHub issue 151; ConvexMasterChef.sol,,,,,,,,
known-bug::WEB3BUGS-123-M-14,Web3Bugs-Code4rena-complement,WEB3BUGS-123-M-14,Code4rena,Medium,,2022-07-26,https://github.com/code-423n4/2022-05-aura-findings/issues/261,2022-05-aura#m-14,2022-05-aura,M-14,aura,Integer overflow will lock all rewards in AuraLocker,AuraLocker rewardPerTokenStored uses uint96 and can overflow under extreme reward-rate and low-supply conditions.,Overflow in reward calculation can make updateReward revert and lock reward functionality until shutdown/emergency withdrawal.,Use wider integer storage or enforce reward-rate bounds that prevent overflow.,Web3Bugs report 123.md; Code4rena report; GitHub issue 261; AuraLocker.sol,"sheet=123 | row=15 | abl=B0 | type=TP | finding=[multi_var_cross_contract] rewardData, {rewardData}, {lockedSupply, rewardData}  tx-set -> mint(address,uint256), queueNewRewards(uint256)   • write  contracts/AuraLocker.sol:868  (AuraLocker.('_notifyReward', ['address', 'uint256'], []))   • read  contracts/AuraLocker.sol:824  (AuraLocker.('queueNewRewards', ['uint256'], [])) | report=https://github.com/code-423n4/2022-05-aura-findings/issues/261 https://github.com/code-423n4/2022-05-aura-findings/issues/1 | comments=[M-14], [M-06]","sheet=123 | row=15 | abl=B0 | type=TP | finding=[multi_var_cross_contract] rewardData, {rewardData}, {lockedSupply, rewardData}  tx-set -> mint(address,uint256), queueNewRewards(uint256)   • write  contracts/AuraLocker.sol:868  (AuraLocker.('_notifyReward', ['address', 'uint256'], []))   • read  contracts/AuraLocker.sol:824  (AuraLocker.('queueNewRewards', ['uint256'], [])) | report=https://github.com/code-423n4/2022-05-aura-findings/issues/261 https://github.com/code-423n4/2022-05-aura-findings/issues/1 | comments=[M-14], [M-06] || sheet=123 | row=149 | abl=B2 | type=TP | finding=[multi_var_cross_contract] rewardData, {lockedSupply, rewardData}, {rewardData}  tx-set -> queueNewRewards(uint256), stake(uint256)   • write  contracts/AuraLocker.sol:868  (AuraLocker.('_notifyReward', ['address', 'uint256'], []))   • read  contracts/AuraLocker.sol:824  (AuraLocker.('queueNewRewards', ['uint256'], [])) | report= | comments=[M-14] || sheet=123 | row=212 | abl=B3 | type=TP | finding=[multi_var_cross_contract] rewardRate, {lastUpdateTime, rewardPerTokenStored, rewardRate}, epochs, userLocks, _checkpointedVotes, {_checkpointedVotes}, {lockedSupply, rewardData}  tx-set -> initialiseRewards()   • write  contracts/AuraLocker.sol:293  (AuraLocker.('_lock', ['address', 'uint256'], []))   • write  contracts/AuraLocker.sol:871  (AuraLocker.('_notifyReward', ['address', 'uint256'], []))   • read  contracts/AuraLocker.sol:292  (AuraLocker.('_lock', ['address', 'uint256'], []))   • read  contracts/AuraLocker.sol:435  (AuraLocker.('_processExpiredLocks', ['address', 'bool', 'address', 'uint256'], [])) | report= | comments=Broadly touches [M-14] with {lockedSupply, rewardData, ...} || sheet=123 | row=217 | abl=B3 | type=TP | finding=[multi_var_cross_contract] rewardData, {rewardData}, {lockedSupply, rewardData}  tx-set -> initialiseRewards(), queueNewRewards(uint256)   • write  contracts/AuraLocker.sol:871  (AuraLocker.('_notifyReward', ['address', 'uint256'], []))   • read  contracts/AuraLocker.sol:824  (AuraLocker.('queueNewRewards', ['uint256'], [])) | report= | comments=[M-14] indirect || sheet=123 | row=218 | abl=B3 | type=TP | finding=[multi_var_cross_contract] balances, userLocks, {lockedSupply, rewardData}  tx-set -> emergencyWithdraw(), initialiseRewards()   • write  contracts/AuraLocker.sol:871  (AuraLocker.('_notifyReward', ['address', 'uint256'], []))   • write  contracts/AuraLocker.sol:282  (AuraLocker.('_lock', ['address', 'uint256'], []))   • read  contracts/AuraLocker.sol:363  (AuraLocker.('emergencyWithdraw', [], []))   • read  contracts/AuraLocker.sol:355  (AuraLocker.('emergencyWithdraw', [], [])) | report= | comments=[M-14] indirect || sheet=123 | row=281 | abl=B4 | type=TP | finding=[multi_var_cross_contract] queuedCvxCrvRewards, {lockedSupply, rewardData}  tx-set -> queueNewRewards(uint256)   • write  contracts/AuraLocker.sol:864  (AuraLocker.('_notifyReward', ['address', 'uint256'], []))   • write  contracts/AuraLocker.sol:831  (AuraLocker.('queueNewRewards', ['uint256'], []))   • read  contracts/AuraLocker.sol:828  (AuraLocker.('queueNewRewards', ['uint256'], []))   • read  contracts/AuraLocker.sol:824  (AuraLocker.('queueNewRewards', ['uint256'], [])) | report= | comments=[M-14] || sheet=123 | row=295 | abl=B4 | type=TP | finding=[multi_var_cross_contract] {lockedSupply, rewardData}  tx-set -> balanceAtEpochOf(uint256,address), queueNewRewards(uint256)   • write  contracts/AuraLocker.sol:864  (AuraLocker.('_notifyReward', ['address', 'uint256'], []))   • read  contracts/AuraLocker.sol:435  (AuraLocker.('_processExpiredLocks', ['address', 'bool', 'address', 'uint256'], [])) | report= | comments=[M-14] || sheet=123 | row=296 | abl=B4 | type=TP | finding=[multi_var_cross_contract] {lockedSupply, rewardData}  tx-set -> queueNewRewards(uint256), stake(uint256)   • write  contracts/AuraLocker.sol:864  (AuraLocker.('_notifyReward', ['address', 'uint256'], []))   • read  contracts/AuraLocker.sol:272  (AuraLocker.('_lock', ['address', 'uint256'], [])) | report= | comments=[M-14] || sheet=123 | row=297 | abl=B4 | type=TP | finding=[multi_var_cross_contract] {lockedSupply, rewardData}  tx-set -> emergencyWithdraw(), queueNewRewards(uint256)   • write  contracts/AuraLocker.sol:864  (AuraLocker.('_notifyReward', ['address', 'uint256'], []))   • read  contracts/AuraLocker.sol:363  (AuraLocker.('emergencyWithdraw', [], [])) | report= | comments=[M-14]",,,,,,
known-bug::WEB3BUGS-123-M-15,Web3Bugs-Code4rena-complement,WEB3BUGS-123-M-15,Code4rena,Medium,,2022-07-26,https://github.com/code-423n4/2022-05-aura-findings/issues/272,2022-05-aura#m-15,2022-05-aura,M-15,aura,ConvexMasterChef: safeRewardTransfer can cause loss of funds,ConvexMasterChef safeRewardTransfer silently sends less than the owed reward when the contract reward-token balance is undersupplied.,"A user can invoke reward transfer and receive less than accounting says they are owed, with the missing amount not reflected in accounting.",Use normal safeTransfer or explicitly account for and preserve unpaid reward debt rather than silently underpaying.,Web3Bugs report 123.md; Code4rena report; GitHub issue 272; ConvexMasterChef.sol,,,,,,,,
known-bug::WEB3BUGS-123-M-16,Web3Bugs-Code4rena-complement,WEB3BUGS-123-M-16,Code4rena,Medium,,2022-07-26,https://github.com/code-423n4/2022-05-aura-findings/issues/285,2022-05-aura#m-16,2022-05-aura,M-16,aura,DDOS in BalLiquidityProvider,BalLiquidityProvider requires contract token balance to exactly equal the requested maxAmountsIn value.,"An attacker can donate one wei before the call, making the equality check fail and preventing liquidity provision.",Remove exact-balance equality or change it to a tolerance/greater-than-or-equal check.,Web3Bugs report 123.md; Code4rena report; GitHub issue 285; BalLiquidityProvider.sol,,,,,,,,
known-bug::WEB3BUGS-123-M-17,Web3Bugs-Code4rena-complement,WEB3BUGS-123-M-17,Code4rena,Medium,,2022-07-26,https://github.com/code-423n4/2022-05-aura-findings/issues/313,2022-05-aura#m-17,2022-05-aura,M-17,aura,ConvexMasterChef's deposit and withdraw can be reentered drawing all reward funds from the contract if reward token allows for transfer flow control,ConvexMasterChef transfers pending rewards before updating user.amount and user.rewardDebt in deposit and withdraw.,A transfer-hook reward token can reenter deposit or withdraw before reward accounting is updated and repeatedly draw rewards.,Add nonReentrant protection and update internal accounting before external reward-token transfers.,Web3Bugs report 123.md; Code4rena report; GitHub issue 313; ConvexMasterChef.sol,,,,,,,,
known-bug::WEB3BUGS-123-M-18,Web3Bugs-Code4rena-complement,WEB3BUGS-123-M-18,Code4rena,Medium,,2022-07-26,https://github.com/code-423n4/2022-05-aura-findings/issues/179,2022-05-aura#m-18,2022-05-aura,M-18,aura,AuraBalRewardPool charges a penalty to all users in the pool if the AuraLocker has been shut down,"AuraBalRewardPool's lock-reward path calls AuraLocker.lock, which reverts after AuraLocker shutdown, leaving only the penalty path.",Users must accept a penalty after shutdown because the lock branch is unavailable.,"Do not charge the penalty when AuraLocker is shut down, or add lifecycle-aware branching for the shutdown case.",Web3Bugs report 123.md; Code4rena report; GitHub issue 179; AuraBalRewardPool.sol; AuraLocker.sol,,,,,,,,
known-bug::WEB3BUGS-123-M-19,Web3Bugs-Code4rena-complement,WEB3BUGS-123-M-19,Code4rena,Medium,,2022-07-26,https://github.com/code-423n4/2022-05-aura-findings/issues/343,2022-05-aura#m-19,2022-05-aura,M-19,aura,CrvDepositor.sol Wrong implementation of the 2-week buffer for lock,CrvDepositor compares a seconds-denominated difference against 2 as if it were weeks.,The lock extension buffer can trigger after seconds/new week boundaries rather than after the intended two-week interval.,"Normalize unlock values to weeks before comparing, or compare seconds against 2 * WEEK.",Web3Bugs report 123.md; Code4rena report; GitHub issue 343; CrvDepositor.sol,,,,,,,,
known-bug::WEB3BUGS-123-M-20,Web3Bugs-Code4rena-complement,WEB3BUGS-123-M-20,Code4rena,Medium,,2022-07-26,https://github.com/code-423n4/2022-05-aura-findings/issues/197,2022-05-aura#m-20,2022-05-aura,M-20,aura,massUpdatePools() is susceptible to DoS with block gas limit,ConvexMasterChef.massUpdatePools loops over every pool and can exceed the block gas limit if too many pools exist.,"Pool updates may become impossible through massUpdatePools, negatively affecting reward accounting and protocol operation.","Limit loop iterations, paginate updates, or design pool updates so the contract cannot be bricked by pool count.",Web3Bugs report 123.md; Code4rena report; GitHub issue 197; ConvexMasterChef.sol,,,,,,,,
known-bug::WEB3BUGS-123-M-21,Web3Bugs-Code4rena-complement,WEB3BUGS-123-M-21,Code4rena,Medium,,2022-07-26,https://github.com/code-423n4/2022-05-aura-findings/issues/147,2022-05-aura#m-21,2022-05-aura,M-21,aura,"ConvexMasterChef: When using add() and set(), it should always call massUpdatePools() to update all pools",ConvexMasterChef add/set can change totalAllocPoint without first updating all pool reward checkpoints.,"Rewards accrued before the denominator change can be calculated using the wrong totalAllocPoint, corrupting per-pool rewards.","Always massUpdatePools before modifying totalAllocPoint, or remove the option to skip the update.",Web3Bugs report 123.md; Code4rena report; GitHub issue 147; ConvexMasterChef.sol,,,,,,,,
known-bug::WEB3BUGS-123-M-22,Web3Bugs-Code4rena-complement,WEB3BUGS-123-M-22,Code4rena,Medium,,2022-07-26,https://github.com/code-423n4/2022-05-aura-findings/issues/124,2022-05-aura#m-22,2022-05-aura,M-22,aura,Duplicate LP token could lead to incorrect reward distribution,"ConvexMasterChef.add does not prevent duplicate LP tokens across pools, so multiple pools can share the same balance-derived lpSupply.","If two pools use the same LP token, updatePool reads the same contract token balance for both pools and corrupts reward distribution.",Track LP tokens already added and reject duplicate LP token pools.,Web3Bugs report 123.md; Code4rena report; GitHub issue 124; ConvexMasterChef.sol,,,,,,,,
known-bug::WEB3BUGS-41-H-01,Web3Bugs-Code4rena-complement,WEB3BUGS-41-H-01,Code4rena,High,SC,2022-01-26,https://github.com/code-423n4/2021-10-defiprotocol-findings/issues/48,2021-10-defiprotocol#h-01,2021-10-defiprotocol,H-01,kuiper,Bonding mechanism allows malicious user to DOS auctions,Auction settlement grants exclusive settlement privilege to the first bonder and only allows bond burn after a 24 hour delay.,"A malicious user can immediately bond after an auction starts, refuse to settle, and repeat the process to keep auction settlement unavailable.",Remove exclusive bonding or allow multiple bonders / direct settlement so one actor cannot hold settlement hostage.,Web3Bugs report 41.md; Code4rena report; GitHub issue 48; Auction.sol; Basket.sol,,"sheet=41contracts | row=74 | abl=B2 | type=TP | finding=[multi_var_cross_contract] auctionOngoing, bondBlock, hasBonded  tx-set -> bondBurn(), bondForRebalance()   • write  contracts/Auction.sol:124  (Auction.('bondBurn', [], []))   • write  contracts/Auction.sol:125  (Auction.('bondBurn', [], []))   • read  contracts/Auction.sol:59  (Auction.('bondForRebalance', [], []))   • read  contracts/Auction.sol:120  (Auction.('bondBurn', [], [])) | report=https://github.com/code-423n4/2021-10-defiprotocol-findings/issues/48 | comments=[H-01] || sheet=41contracts | row=96 | abl=B3 | type=TP | finding=[multi_var_cross_contract] auctionOngoing, bondBlock, bondAmount, hasBonded, auctionBonder  tx-set -> bondBurn(), bondForRebalance()   • write  contracts/Auction.sol:124  (Auction.('bondBurn', [], []))   • write  contracts/Auction.sol:61  (Auction.('bondForRebalance', [], []))   • read  contracts/Auction.sol:58  (Auction.('bondForRebalance', [], []))   • read  contracts/Auction.sol:120  (Auction.('bondBurn', [], [])) | report=https://github.com/code-423n4/2021-10-defiprotocol-findings/issues/48 | comments=[H-01] || sheet=41contracts | row=136 | abl=B6 | type=TP | finding=[multi_var_cross_contract] auctionOngoing, bondBlock, hasBonded  tx-set -> bondBurn(), bondForRebalance()   • write  contracts/Auction.sol:125  (Auction.('bondBurn', [], []))   • write  contracts/Auction.sol:66  (Auction.('bondForRebalance', [], []))   • read  contracts/Auction.sol:58  (Auction.('bondForRebalance', [], []))   • read  contracts/Auction.sol:120  (Auction.('bondBurn', [], [])) | report=https://github.com/code-423n4/2021-10-defiprotocol-findings/issues/48 | comments=[H-01]",,,,,,
known-bug::WEB3BUGS-41-M-01,Web3Bugs-Code4rena-complement,WEB3BUGS-41-M-01,Code4rena,Medium,,2022-01-26,https://github.com/code-423n4/2021-10-defiprotocol-findings/issues/59,2021-10-defiprotocol#m-01,2021-10-defiprotocol,M-01,kuiper,Basket.sol#mint() Malfunction due to extra nonReentrant modifier,"Basket.mint has nonReentrant and calls mintTo, which also has nonReentrant, so the nested call reverts.",Users cannot use mint because the reentrancy guard is entered twice in the same call path.,Remove the redundant nonReentrant modifier from mint and keep it on mintTo.,Web3Bugs report 41.md; Code4rena report; GitHub issue 59; Basket.sol,"sheet=41contracts | row=20 | abl=B0 | type=FP | finding=[single_var_cross_tx] licenseFee  tx-set -> changeLicenseFee(uint256), totalSupply()   • write  contracts/Basket.sol:171  (Basket.('changeLicenseFee', ['uint256'], []))   • read  contracts/Basket.sol:131  (Basket.('handleFees', [], [])) | report= | comments=Points to [M-01], [M-08-M-11], but NOT SI per se","sheet=41contracts | row=20 | abl=B0 | type=FP | finding=[single_var_cross_tx] licenseFee  tx-set -> changeLicenseFee(uint256), totalSupply()   • write  contracts/Basket.sol:171  (Basket.('changeLicenseFee', ['uint256'], []))   • read  contracts/Basket.sol:131  (Basket.('handleFees', [], [])) | report= | comments=Points to [M-01], [M-08-M-11], but NOT SI per se || sheet=41contracts | row=53 | abl=B1 | type=FP | finding=[single_var_cross_tx] licenseFee  tx-set -> changeLicenseFee(uint256), totalSupply()   • write  contracts/Basket.sol:171  (Basket.('changeLicenseFee', ['uint256'], []))   • read  contracts/Basket.sol:131  (Basket.('handleFees', [], [])) | report= | comments=Points to [M-01], [M-08-M-11], but NOT SI per se || sheet=41contracts | row=82 | abl=B2 | type=FP | finding=[single_var_cross_tx] licenseFee  tx-set -> changeLicenseFee(uint256), totalSupply()   • write  contracts/Basket.sol:171  (Basket.('changeLicenseFee', ['uint256'], []))   • read  contracts/Basket.sol:131  (Basket.('handleFees', [], [])) | report= | comments=Points to [M-01], [M-08-M-11], but NOT SI per se || sheet=41contracts | row=113 | abl=B3 | type=FP | finding=[single_var_cross_tx] licenseFee  tx-set -> changeLicenseFee(uint256), totalSupply()   • write  contracts/Basket.sol:171  (Basket.('changeLicenseFee', ['uint256'], []))   • read  contracts/Basket.sol:131  (Basket.('handleFees', [], [])) | report= | comments=Points to [M-01], [M-08-M-11], but NOT SI per se || sheet=41contracts | row=150 | abl=B6 | type=FP | finding=[single_var_cross_tx] licenseFee  tx-set -> changeLicenseFee(uint256), totalSupply()   • write  contracts/Basket.sol:171  (Basket.('changeLicenseFee', ['uint256'], []))   • read  contracts/Basket.sol:131  (Basket.('handleFees', [], [])) | report= | comments=Points to [M-01], [M-08-M-11], but NOT SI per se",,,,,,
known-bug::WEB3BUGS-41-M-02,Web3Bugs-Code4rena-complement,WEB3BUGS-41-M-02,Code4rena,Medium,,2022-01-26,https://github.com/code-423n4/2021-10-defiprotocol-findings/issues/24,2021-10-defiprotocol#m-02,2021-10-defiprotocol,M-02,kuiper,Setting Factory.auctionDecrement to zero causes Denial of Service in Auction.settleAuction(),"Factory.setAuctionDecrement allows auctionDecrement to be set to zero, and Auction.settleAuction divides by it.","If auctionDecrement is zero, settleAuction always reverts with division by zero.",Validate auctionDecrement is nonzero in the setter.,Web3Bugs report 41.md; Code4rena report; GitHub issue 24; Factory.sol; Auction.sol,"sheet=41contracts | row=4 | abl=B0 | type=TP | finding=[multi_var_cross_contract] auctionOngoing, bondBlock, hasBonded, auctionBonder  tx-set -> bondForRebalance(), settleAuction(uint256[],address[],uint256[],address[],uint256[])   • write  contracts/Auction.sol:66  (Auction.('bondForRebalance', [], []))   • write  contracts/Auction.sol:110  (Auction.('settleAuction', ['uint256[]', 'address[]', 'uint256[]', 'address[]', 'uint256[]'], []))   • read  contracts/Auction.sol:81  (Auction.('settleAuction', ['uint256[]', 'address[]', 'uint256[]', 'address[]', 'uint256[]'], []))   • read  contracts/Auction.sol:59  (Auction.('bondForRebalance', [], [])) | report=https://github.com/code-423n4/2021-10-defiprotocol-findings/issues/24 | comments=[M-02] || sheet=41contracts | row=5 | abl=B0 | type=TP | finding=[multi_var_cross_contract] auctionOngoing, hasBonded, auctionBonder  tx-set -> bondBurn(), settleAuction(uint256[],address[],uint256[],address[],uint256[])   • write  contracts/Auction.sol:110  (Auction.('settleAuction', ['uint256[]', 'address[]', 'uint256[]', 'address[]', 'uint256[]'], []))   • write  contracts/Auction.sol:109  (Auction.('settleAuction', ['uint256[]', 'address[]', 'uint256[]', 'address[]', 'uint256[]'], []))   • read  contracts/Auction.sol:80  (Auction.('settleAuction', ['uint256[]', 'address[]', 'uint256[]', 'address[]', 'uint256[]'], []))   • read  contracts/Auction.sol:120  (Auction.('bondBurn', [], [])) | report=https://github.com/code-423n4/2021-10-defiprotocol-findings/issues/24 https://github.com/code-423n4/2021-10-defiprotocol-findings/issues/23 | comments=[M-02], [M-03] || sheet=41contracts | row=7 | abl=B0 | type=TP | finding=[multi_var_cross_contract] auctionOngoing, bondBlock, bondAmount, hasBonded  tx-set -> bondBurn(), bondForRebalance()   • write  contracts/Auction.sol:66  (Auction.('bondForRebalance', [], []))   • write  contracts/Auction.sol:124  (Auction.('bondBurn', [], []))   • read  contracts/Auction.sol:59  (Auction.('bondForRebalance', [], []))   • read  contracts/Auction.sol:121  (Auction.('bondBurn', [], [])) | report=https://github.com/code-423n4/2021-10-defiprotocol-findings/issues/24 https://github.com/code-423n4/2021-10-defiprotocol-findings/issues/23 | comments=[M-02], [M-03]","sheet=41contracts | row=4 | abl=B0 | type=TP | finding=[multi_var_cross_contract] auctionOngoing, bondBlock, hasBonded, auctionBonder  tx-set -> bondForRebalance(), settleAuction(uint256[],address[],uint256[],address[],uint256[])   • write  contracts/Auction.sol:66  (Auction.('bondForRebalance', [], []))   • write  contracts/Auction.sol:110  (Auction.('settleAuction', ['uint256[]', 'address[]', 'uint256[]', 'address[]', 'uint256[]'], []))   • read  contracts/Auction.sol:81  (Auction.('settleAuction', ['uint256[]', 'address[]', 'uint256[]', 'address[]', 'uint256[]'], []))   • read  contracts/Auction.sol:59  (Auction.('bondForRebalance', [], [])) | report=https://github.com/code-423n4/2021-10-defiprotocol-findings/issues/24 | comments=[M-02] || sheet=41contracts | row=5 | abl=B0 | type=TP | finding=[multi_var_cross_contract] auctionOngoing, hasBonded, auctionBonder  tx-set -> bondBurn(), settleAuction(uint256[],address[],uint256[],address[],uint256[])   • write  contracts/Auction.sol:110  (Auction.('settleAuction', ['uint256[]', 'address[]', 'uint256[]', 'address[]', 'uint256[]'], []))   • write  contracts/Auction.sol:109  (Auction.('settleAuction', ['uint256[]', 'address[]', 'uint256[]', 'address[]', 'uint256[]'], []))   • read  contracts/Auction.sol:80  (Auction.('settleAuction', ['uint256[]', 'address[]', 'uint256[]', 'address[]', 'uint256[]'], []))   • read  contracts/Auction.sol:120  (Auction.('bondBurn', [], [])) | report=https://github.com/code-423n4/2021-10-defiprotocol-findings/issues/24 https://github.com/code-423n4/2021-10-defiprotocol-findings/issues/23 | comments=[M-02], [M-03] || sheet=41contracts | row=7 | abl=B0 | type=TP | finding=[multi_var_cross_contract] auctionOngoing, bondBlock, bondAmount, hasBonded  tx-set -> bondBurn(), bondForRebalance()   • write  contracts/Auction.sol:66  (Auction.('bondForRebalance', [], []))   • write  contracts/Auction.sol:124  (Auction.('bondBurn', [], []))   • read  contracts/Auction.sol:59  (Auction.('bondForRebalance', [], []))   • read  contracts/Auction.sol:121  (Auction.('bondBurn', [], [])) | report=https://github.com/code-423n4/2021-10-defiprotocol-findings/issues/24 https://github.com/code-423n4/2021-10-defiprotocol-findings/issues/23 | comments=[M-02], [M-03] || sheet=41contracts | row=37 | abl=B1 | type=TP | finding=[multi_var_cross_contract] auctionOngoing, bondBlock, hasBonded, auctionBonder  tx-set -> bondForRebalance(), settleAuction(uint256[],address[],uint256[],address[],uint256[])   • write  contracts/Auction.sol:110  (Auction.('settleAuction', ['uint256[]', 'address[]', 'uint256[]', 'address[]', 'uint256[]'], []))   • write  contracts/Auction.sol:61  (Auction.('bondForRebalance', [], []))   • read  contracts/Auction.sol:59  (Auction.('bondForRebalance', [], []))   • read  contracts/Auction.sol:81  (Auction.('settleAuction', ['uint256[]', 'address[]', 'uint256[]', 'address[]', 'uint256[]'], [])) | report=https://github.com/code-423n4/2021-10-defiprotocol-findings/issues/24 | comments=[M-02] || sheet=41contracts | row=38 | abl=B1 | type=TP | finding=[multi_var_cross_contract] auctionOngoing, hasBonded, auctionBonder  tx-set -> bondBurn(), settleAuction(uint256[],address[],uint256[],address[],uint256[])   • write  contracts/Auction.sol:130  (Auction.('bondBurn', [], []))   • write  contracts/Auction.sol:110  (Auction.('settleAuction', ['uint256[]', 'address[]', 'uint256[]', 'address[]', 'uint256[]'], []))   • read  contracts/Auction.sol:120  (Auction.('bondBurn', [], []))   • read  contracts/Auction.sol:119  (Auction.('bondBurn', [], [])) | report=https://github.com/code-423n4/2021-10-defiprotocol-findings/issues/24 https://github.com/code-423n4/2021-10-defiprotocol-findings/issues/23 | comments=[M-02], [M-03] || sheet=41contracts | row=46 | abl=B1 | type=TP | finding=[multi_var_cross_contract] auctionOngoing, bondBlock, bondAmount, hasBonded  tx-set -> bondBurn(), bondForRebalance()   • write  contracts/Auction.sol:124  (Auction.('bondBurn', [], []))   • write  contracts/Auction.sol:64  (Auction.('bondForRebalance', [], []))   • read  contracts/Auction.sol:59  (Auction.('bondForRebalance', [], []))   • read  contracts/Auction.sol:120  (Auction.('bondBurn', [], [])) | report=https://github.com/code-423n4/2021-10-defiprotocol-findings/issues/24 https://github.com/code-423n4/2021-10-defiprotocol-findings/issues/23 | comments=[M-02], [M-03] || sheet=41contracts | row=73 | abl=B2 | type=TP | finding=[multi_var_cross_contract] auctionOngoing, hasBonded, auctionBonder  tx-set -> bondBurn(), settleAuction(uint256[],address[],uint256[],address[],uint256[])   • write  contracts/Auction.sol:125  (Auction.('bondBurn', [], []))   • write  contracts/Auction.sol:124  (Auction.('bondBurn', [], []))   • read  contracts/Auction.sol:80  (Auction.('settleAuction', ['uint256[]', 'address[]', 'uint256[]', 'address[]', 'uint256[]'], []))   • read  contracts/Auction.sol:79  (Auction.('settleAuction', ['uint256[]', 'address[]', 'uint256[]', 'address[]', 'uint256[]'], [])) | report=https://github.com/code-423n4/2021-10-defiprotocol-findings/issues/24 https://github.com/code-423n4/2021-10-defiprotocol-findings/issues/23 | comments=[M-02], [M-03] || sheet=41contracts | row=77 | abl=B2 | type=TP | finding=[multi_var_cross_contract] auctionOngoing, bondBlock, hasBonded, auctionBonder  tx-set -> bondForRebalance(), settleAuction(uint256[],address[],uint256[],address[],uint256[])   • write  contracts/Auction.sol:66  (Auction.('bondForRebalance', [], []))   • write  contracts/Auction.sol:109  (Auction.('settleAuction', ['uint256[]', 'address[]', 'uint256[]', 'address[]', 'uint256[]'], []))   • read  contracts/Auction.sol:81  (Auction.('settleAuction', ['uint256[]', 'address[]', 'uint256[]', 'address[]', 'uint256[]'], []))   • read  contracts/Auction.sol:59  (Auction.('bondForRebalance', [], [])) | report=https://github.com/code-423n4/2021-10-defiprotocol-findings/issues/24 | comments=[M-02] || sheet=41contracts | row=95 | abl=B3 | type=TP | finding=[multi_var_cross_contract] auctionOngoing, hasBonded, auctionBonder  tx-set -> bondBurn(), settleAuction(uint256[],address[],uint256[],address[],uint256[])   • write  contracts/Auction.sol:124  (Auction.('bondBurn', [], []))   • write  contracts/Auction.sol:130  (Auction.('bondBurn', [], []))   • read  contracts/Auction.sol:79  (Auction.('settleAuction', ['uint256[]', 'address[]', 'uint256[]', 'address[]', 'uint256[]'], []))   • read  contracts/Auction.sol:120  (Auction.('bondBurn', [], [])) | report=https://github.com/code-423n4/2021-10-defiprotocol-findings/issues/24 https://github.com/code-423n4/2021-10-defiprotocol-findings/issues/23 | comments=[M-02], [M-03] || sheet=41contracts | row=100 | abl=B3 | type=TP | finding=[multi_var_cross_contract] auctionOngoing, bondBlock, hasBonded, auctionBonder  tx-set -> bondForRebalance(), settleAuction(uint256[],address[],uint256[],address[],uint256[])   • write  contracts/Auction.sol:61  (Auction.('bondForRebalance', [], []))   • write  contracts/Auction.sol:67  (Auction.('bondForRebalance', [], []))   • read  contracts/Auction.sol:58  (Auction.('bondForRebalance', [], []))   • read  contracts/Auction.sol:81  (Auction.('settleAuction', ['uint256[]', 'address[]', 'uint256[]', 'address[]', 'uint256[]'], [])) | report=https://github.com/code-423n4/2021-10-defiprotocol-findings/issues/24 | comments=[M-02] || sheet=41contracts | row=126 | abl=B4 | type=TP | finding=[single_var_cross_tx] auctionStart  tx-set -> settleAuction(uint256[],address[],uint256[],address[],uint256[]), startAuction()   • write  contracts/Auction.sol:39  (Auction.('startAuction', [], []))   • read  contracts/Auction.sol:96  (Auction.('settleAuction', ['uint256[]', 'address[]', 'uint256[]', 'address[]', 'uint256[]'], [])) | report=https://github.com/code-423n4/2021-10-defiprotocol-findings/issues/24 | comments=[M-02] || sheet=41contracts | row=134 | abl=B6 | type=TP | finding=[multi_var_cross_contract] auctionOngoing, hasBonded, auctionBonder  tx-set -> bondBurn(), settleAuction(uint256[],address[],uint256[],address[],uint256[])   • write  contracts/Auction.sol:110  (Auction.('settleAuction', ['uint256[]', 'address[]', 'uint256[]', 'address[]', 'uint256[]'], []))   • write  contracts/Auction.sol:125  (Auction.('bondBurn', [], []))   • read  contracts/Auction.sol:120  (Auction.('bondBurn', [], []))   • read  contracts/Auction.sol:119  (Auction.('bondBurn', [], [])) | report=https://github.com/code-423n4/2021-10-defiprotocol-findings/issues/24 https://github.com/code-423n4/2021-10-defiprotocol-findings/issues/23 | comments=[M-02], [M-03] || sheet=41contracts | row=145 | abl=B6 | type=TP | finding=[multi_var_cross_contract] auctionOngoing, bondBlock, hasBonded, auctionBonder  tx-set -> bondForRebalance(), settleAuction(uint256[],address[],uint256[],address[],uint256[])   • write  contracts/Auction.sol:110  (Auction.('settleAuction', ['uint256[]', 'address[]', 'uint256[]', 'address[]', 'uint256[]'], []))   • write  contracts/Auction.sol:66  (Auction.('bondForRebalance', [], []))   • read  contracts/Auction.sol:81  (Auction.('settleAuction', ['uint256[]', 'address[]', 'uint256[]', 'address[]', 'uint256[]'], []))   • read  contracts/Auction.sol:59  (Auction.('bondForRebalance', [], [])) | report=https://github.com/code-423n4/2021-10-defiprotocol-findings/issues/24 | comments=[M-02]",,,,,,
known-bug::WEB3BUGS-41-M-03,Web3Bugs-Code4rena-complement,WEB3BUGS-41-M-03,Code4rena,Medium,,2022-01-26,https://github.com/code-423n4/2021-10-defiprotocol-findings/issues/23,2021-10-defiprotocol#m-03,2021-10-defiprotocol,M-03,kuiper,Setting Factory.bondPercentDiv to zero cause Denial of Service in Auction.bondForRebalance(),"Factory.setBondPercentDiv allows bondPercentDiv to be set to zero, and Auction.bondForRebalance divides by it.","If bondPercentDiv is zero, bondForRebalance always reverts with division by zero.",Validate bondPercentDiv is nonzero and above unsafe boundary values in the setter.,Web3Bugs report 41.md; Code4rena report; GitHub issue 23; Factory.sol; Auction.sol,"sheet=41contracts | row=5 | abl=B0 | type=TP | finding=[multi_var_cross_contract] auctionOngoing, hasBonded, auctionBonder  tx-set -> bondBurn(), settleAuction(uint256[],address[],uint256[],address[],uint256[])   • write  contracts/Auction.sol:110  (Auction.('settleAuction', ['uint256[]', 'address[]', 'uint256[]', 'address[]', 'uint256[]'], []))   • write  contracts/Auction.sol:109  (Auction.('settleAuction', ['uint256[]', 'address[]', 'uint256[]', 'address[]', 'uint256[]'], []))   • read  contracts/Auction.sol:80  (Auction.('settleAuction', ['uint256[]', 'address[]', 'uint256[]', 'address[]', 'uint256[]'], []))   • read  contracts/Auction.sol:120  (Auction.('bondBurn', [], [])) | report=https://github.com/code-423n4/2021-10-defiprotocol-findings/issues/24 https://github.com/code-423n4/2021-10-defiprotocol-findings/issues/23 | comments=[M-02], [M-03] || sheet=41contracts | row=7 | abl=B0 | type=TP | finding=[multi_var_cross_contract] auctionOngoing, bondBlock, bondAmount, hasBonded  tx-set -> bondBurn(), bondForRebalance()   • write  contracts/Auction.sol:66  (Auction.('bondForRebalance', [], []))   • write  contracts/Auction.sol:124  (Auction.('bondBurn', [], []))   • read  contracts/Auction.sol:59  (Auction.('bondForRebalance', [], []))   • read  contracts/Auction.sol:121  (Auction.('bondBurn', [], [])) | report=https://github.com/code-423n4/2021-10-defiprotocol-findings/issues/24 https://github.com/code-423n4/2021-10-defiprotocol-findings/issues/23 | comments=[M-02], [M-03] || sheet=41contracts | row=22 | abl=B0 | type=TP | finding=[single_var_cross_tx] ibRatio  tx-set -> auctionBurn(uint256), updateIBRatio(uint256)   • write  contracts/Basket.sol:235  (Basket.('updateIBRatio', ['uint256'], ['uint256']))   • read  contracts/Basket.sol:117  (Basket.('auctionBurn', ['uint256'], [])) | report=https://github.com/code-423n4/2021-10-defiprotocol-findings/issues/23 | comments=[M-03]","sheet=41contracts | row=5 | abl=B0 | type=TP | finding=[multi_var_cross_contract] auctionOngoing, hasBonded, auctionBonder  tx-set -> bondBurn(), settleAuction(uint256[],address[],uint256[],address[],uint256[])   • write  contracts/Auction.sol:110  (Auction.('settleAuction', ['uint256[]', 'address[]', 'uint256[]', 'address[]', 'uint256[]'], []))   • write  contracts/Auction.sol:109  (Auction.('settleAuction', ['uint256[]', 'address[]', 'uint256[]', 'address[]', 'uint256[]'], []))   • read  contracts/Auction.sol:80  (Auction.('settleAuction', ['uint256[]', 'address[]', 'uint256[]', 'address[]', 'uint256[]'], []))   • read  contracts/Auction.sol:120  (Auction.('bondBurn', [], [])) | report=https://github.com/code-423n4/2021-10-defiprotocol-findings/issues/24 https://github.com/code-423n4/2021-10-defiprotocol-findings/issues/23 | comments=[M-02], [M-03] || sheet=41contracts | row=7 | abl=B0 | type=TP | finding=[multi_var_cross_contract] auctionOngoing, bondBlock, bondAmount, hasBonded  tx-set -> bondBurn(), bondForRebalance()   • write  contracts/Auction.sol:66  (Auction.('bondForRebalance', [], []))   • write  contracts/Auction.sol:124  (Auction.('bondBurn', [], []))   • read  contracts/Auction.sol:59  (Auction.('bondForRebalance', [], []))   • read  contracts/Auction.sol:121  (Auction.('bondBurn', [], [])) | report=https://github.com/code-423n4/2021-10-defiprotocol-findings/issues/24 https://github.com/code-423n4/2021-10-defiprotocol-findings/issues/23 | comments=[M-02], [M-03] || sheet=41contracts | row=22 | abl=B0 | type=TP | finding=[single_var_cross_tx] ibRatio  tx-set -> auctionBurn(uint256), updateIBRatio(uint256)   • write  contracts/Basket.sol:235  (Basket.('updateIBRatio', ['uint256'], ['uint256']))   • read  contracts/Basket.sol:117  (Basket.('auctionBurn', ['uint256'], [])) | report=https://github.com/code-423n4/2021-10-defiprotocol-findings/issues/23 | comments=[M-03] || sheet=41contracts | row=38 | abl=B1 | type=TP | finding=[multi_var_cross_contract] auctionOngoing, hasBonded, auctionBonder  tx-set -> bondBurn(), settleAuction(uint256[],address[],uint256[],address[],uint256[])   • write  contracts/Auction.sol:130  (Auction.('bondBurn', [], []))   • write  contracts/Auction.sol:110  (Auction.('settleAuction', ['uint256[]', 'address[]', 'uint256[]', 'address[]', 'uint256[]'], []))   • read  contracts/Auction.sol:120  (Auction.('bondBurn', [], []))   • read  contracts/Auction.sol:119  (Auction.('bondBurn', [], [])) | report=https://github.com/code-423n4/2021-10-defiprotocol-findings/issues/24 https://github.com/code-423n4/2021-10-defiprotocol-findings/issues/23 | comments=[M-02], [M-03] || sheet=41contracts | row=46 | abl=B1 | type=TP | finding=[multi_var_cross_contract] auctionOngoing, bondBlock, bondAmount, hasBonded  tx-set -> bondBurn(), bondForRebalance()   • write  contracts/Auction.sol:124  (Auction.('bondBurn', [], []))   • write  contracts/Auction.sol:64  (Auction.('bondForRebalance', [], []))   • read  contracts/Auction.sol:59  (Auction.('bondForRebalance', [], []))   • read  contracts/Auction.sol:120  (Auction.('bondBurn', [], [])) | report=https://github.com/code-423n4/2021-10-defiprotocol-findings/issues/24 https://github.com/code-423n4/2021-10-defiprotocol-findings/issues/23 | comments=[M-02], [M-03] || sheet=41contracts | row=57 | abl=B1 | type=TP | finding=[single_var_cross_tx] ibRatio  tx-set -> auctionBurn(uint256), updateIBRatio(uint256)   • write  contracts/Basket.sol:235  (Basket.('updateIBRatio', ['uint256'], ['uint256']))   • read  contracts/Basket.sol:117  (Basket.('auctionBurn', ['uint256'], [])) | report=https://github.com/code-423n4/2021-10-defiprotocol-findings/issues/23 | comments=[M-03] || sheet=41contracts | row=73 | abl=B2 | type=TP | finding=[multi_var_cross_contract] auctionOngoing, hasBonded, auctionBonder  tx-set -> bondBurn(), settleAuction(uint256[],address[],uint256[],address[],uint256[])   • write  contracts/Auction.sol:125  (Auction.('bondBurn', [], []))   • write  contracts/Auction.sol:124  (Auction.('bondBurn', [], []))   • read  contracts/Auction.sol:80  (Auction.('settleAuction', ['uint256[]', 'address[]', 'uint256[]', 'address[]', 'uint256[]'], []))   • read  contracts/Auction.sol:79  (Auction.('settleAuction', ['uint256[]', 'address[]', 'uint256[]', 'address[]', 'uint256[]'], [])) | report=https://github.com/code-423n4/2021-10-defiprotocol-findings/issues/24 https://github.com/code-423n4/2021-10-defiprotocol-findings/issues/23 | comments=[M-02], [M-03] || sheet=41contracts | row=91 | abl=B2 | type=TP | finding=[single_var_cross_tx] ibRatio  tx-set -> auctionBurn(uint256), updateIBRatio(uint256)   • write  contracts/Basket.sol:235  (Basket.('updateIBRatio', ['uint256'], ['uint256']))   • read  contracts/Basket.sol:117  (Basket.('auctionBurn', ['uint256'], [])) | report=https://github.com/code-423n4/2021-10-defiprotocol-findings/issues/23 | comments=[M-03] || sheet=41contracts | row=95 | abl=B3 | type=TP | finding=[multi_var_cross_contract] auctionOngoing, hasBonded, auctionBonder  tx-set -> bondBurn(), settleAuction(uint256[],address[],uint256[],address[],uint256[])   • write  contracts/Auction.sol:124  (Auction.('bondBurn', [], []))   • write  contracts/Auction.sol:130  (Auction.('bondBurn', [], []))   • read  contracts/Auction.sol:79  (Auction.('settleAuction', ['uint256[]', 'address[]', 'uint256[]', 'address[]', 'uint256[]'], []))   • read  contracts/Auction.sol:120  (Auction.('bondBurn', [], [])) | report=https://github.com/code-423n4/2021-10-defiprotocol-findings/issues/24 https://github.com/code-423n4/2021-10-defiprotocol-findings/issues/23 | comments=[M-02], [M-03] || sheet=41contracts | row=117 | abl=B3 | type=TP | finding=[single_var_cross_tx] ibRatio  tx-set -> auctionBurn(uint256), updateIBRatio(uint256)   • write  contracts/Basket.sol:118  (Basket.('auctionBurn', ['uint256'], []))   • write  contracts/Basket.sol:235  (Basket.('updateIBRatio', ['uint256'], ['uint256']))   • read  contracts/Basket.sol:237  (Basket.('updateIBRatio', ['uint256'], ['uint256']))   • read  contracts/Basket.sol:117  (Basket.('auctionBurn', ['uint256'], [])) | report=https://github.com/code-423n4/2021-10-defiprotocol-findings/issues/23 | comments=[M-03] || sheet=41contracts | row=128 | abl=B4 | type=TP | finding=[single_var_cross_tx] bondAmount  tx-set -> bondForRebalance()   • write  contracts/Auction.sol:64  (Auction.('bondForRebalance', [], []))   • read  contracts/Auction.sol:65  (Auction.('bondForRebalance', [], [])) | report=https://github.com/code-423n4/2021-10-defiprotocol-findings/issues/23 | comments=[M-03] || sheet=41contracts | row=134 | abl=B6 | type=TP | finding=[multi_var_cross_contract] auctionOngoing, hasBonded, auctionBonder  tx-set -> bondBurn(), settleAuction(uint256[],address[],uint256[],address[],uint256[])   • write  contracts/Auction.sol:110  (Auction.('settleAuction', ['uint256[]', 'address[]', 'uint256[]', 'address[]', 'uint256[]'], []))   • write  contracts/Auction.sol:125  (Auction.('bondBurn', [], []))   • read  contracts/Auction.sol:120  (Auction.('bondBurn', [], []))   • read  contracts/Auction.sol:119  (Auction.('bondBurn', [], [])) | report=https://github.com/code-423n4/2021-10-defiprotocol-findings/issues/24 https://github.com/code-423n4/2021-10-defiprotocol-findings/issues/23 | comments=[M-02], [M-03] || sheet=41contracts | row=154 | abl=B6 | type=TP | finding=[single_var_cross_tx] ibRatio  tx-set -> auctionBurn(uint256), updateIBRatio(uint256)   • write  contracts/Basket.sol:235  (Basket.('updateIBRatio', ['uint256'], ['uint256']))   • read  contracts/Basket.sol:117  (Basket.('auctionBurn', ['uint256'], [])) | report=https://github.com/code-423n4/2021-10-defiprotocol-findings/issues/23 | comments=[M-03]",,,,,,
known-bug::WEB3BUGS-41-M-04,Web3Bugs-Code4rena-complement,WEB3BUGS-41-M-04,Code4rena,Medium,,2022-01-26,https://github.com/code-423n4/2021-10-defiprotocol-findings/issues/78,2021-10-defiprotocol#m-04,2021-10-defiprotocol,M-04,kuiper,Fee on transfer tokens do not work within the protocol,"Protocol accounting assumes requested transfer amounts equal actual token amounts received, which fails for fee-on-transfer tokens.","Fee-on-transfer tokens transfer less than expected, so protocol-requested/accounted amounts diverge from actual ERC20 balances and accounting breaks.",Use stored before/after token balances or actual balance deltas instead of nominal transfer amounts for amount accounting.,Web3Bugs report 41.md; Code4rena report; GitHub issue 78; Basket.sol,"sheet=41contracts | row=30 | abl=B0 | type=TP | finding=[single_var_cross_tx] ibRatio  tx-set -> settleAuction(uint256[],address[],uint256[],address[],uint256[]), totalSupply()   • write  contracts/Basket.sol:139  (Basket.('handleFees', [], []))   • read  contracts/Basket.sol:251  (Basket.('pushUnderlying', ['uint256', 'address'], [])) | report=https://github.com/code-423n4/2021-10-defiprotocol-findings/issues/51 | comments=[M-08] auction settles, setting ibRatio via UpdateIBRatio(newRatio), later handleFees tweaks ibRatio again [M-07], then burns use pushUnderlying with this result, and are subject to fee-on-transfer problems via [M-04] || sheet=41contracts | row=32 | abl=B0 | type=TP | finding=[multi_var_cross_contract] tokens, weights  tx-set -> setNewWeights(), settleAuction(uint256[],address[],uint256[],address[],uint256[])   • write  contracts/Basket.sol:216  (Basket.('setNewWeights', [], []))   • write  contracts/Basket.sol:215  (Basket.('setNewWeights', [], []))   • read  contracts/Basket.sol:251  (Basket.('pushUnderlying', ['uint256', 'address'], []))   • read  contracts/Basket.sol:252  (Basket.('pushUnderlying', ['uint256', 'address'], [])) | report=https://github.com/code-423n4/2021-10-defiprotocol-findings/issues/78 https://github.com/code-423n4/2021-10-defiprotocol-findings/issues/51 | comments=[M-04] and [M-08] combine to create a tokens/weights + ratio + supply invariant that underlies 2 independent mediums and leads to broken accounting and theft || sheet=41contracts | row=33 | abl=B0 | type=TP | finding=[multi_var_cross_contract] tokens, weights  tx-set -> addBounty(IERC20,uint256), setNewWeights()   • write  contracts/Basket.sol:216  (Basket.('setNewWeights', [], []))   • write  contracts/Basket.sol:215  (Basket.('setNewWeights', [], []))   • read  contracts/Basket.sol:258  (Basket.('pullUnderlying', ['uint256', 'address'], []))   • read  contracts/Basket.sol:260  (Basket.('pullUnderlying', ['uint256', 'address'], [])) | report=https://github.com/code-423n4/2021-10-defiprotocol-findings/issues/78 | comments=[M-04]","sheet=41contracts | row=30 | abl=B0 | type=TP | finding=[single_var_cross_tx] ibRatio  tx-set -> settleAuction(uint256[],address[],uint256[],address[],uint256[]), totalSupply()   • write  contracts/Basket.sol:139  (Basket.('handleFees', [], []))   • read  contracts/Basket.sol:251  (Basket.('pushUnderlying', ['uint256', 'address'], [])) | report=https://github.com/code-423n4/2021-10-defiprotocol-findings/issues/51 | comments=[M-08] auction settles, setting ibRatio via UpdateIBRatio(newRatio), later handleFees tweaks ibRatio again [M-07], then burns use pushUnderlying with this result, and are subject to fee-on-transfer problems via [M-04] || sheet=41contracts | row=32 | abl=B0 | type=TP | finding=[multi_var_cross_contract] tokens, weights  tx-set -> setNewWeights(), settleAuction(uint256[],address[],uint256[],address[],uint256[])   • write  contracts/Basket.sol:216  (Basket.('setNewWeights', [], []))   • write  contracts/Basket.sol:215  (Basket.('setNewWeights', [], []))   • read  contracts/Basket.sol:251  (Basket.('pushUnderlying', ['uint256', 'address'], []))   • read  contracts/Basket.sol:252  (Basket.('pushUnderlying', ['uint256', 'address'], [])) | report=https://github.com/code-423n4/2021-10-defiprotocol-findings/issues/78 https://github.com/code-423n4/2021-10-defiprotocol-findings/issues/51 | comments=[M-04] and [M-08] combine to create a tokens/weights + ratio + supply invariant that underlies 2 independent mediums and leads to broken accounting and theft || sheet=41contracts | row=33 | abl=B0 | type=TP | finding=[multi_var_cross_contract] tokens, weights  tx-set -> addBounty(IERC20,uint256), setNewWeights()   • write  contracts/Basket.sol:216  (Basket.('setNewWeights', [], []))   • write  contracts/Basket.sol:215  (Basket.('setNewWeights', [], []))   • read  contracts/Basket.sol:258  (Basket.('pullUnderlying', ['uint256', 'address'], []))   • read  contracts/Basket.sol:260  (Basket.('pullUnderlying', ['uint256', 'address'], [])) | report=https://github.com/code-423n4/2021-10-defiprotocol-findings/issues/78 | comments=[M-04] || sheet=41contracts | row=61 | abl=B1 | type=TP | finding=[single_var_cross_tx] ibRatio  tx-set -> owner(), settleAuction(uint256[],address[],uint256[],address[],uint256[])   • write  contracts/Basket.sol:139  (Basket.('handleFees', [], []))   • read  contracts/Basket.sol:258  (Basket.('pullUnderlying', ['uint256', 'address'], []))   • read  contracts/Basket.sol:251  (Basket.('pushUnderlying', ['uint256', 'address'], [])) | report=https://github.com/code-423n4/2021-10-defiprotocol-findings/issues/78 | comments=[M-04] || sheet=41contracts | row=62 | abl=B1 | type=TP | finding=[multi_var_cross_contract] tokens, weights  tx-set -> setNewWeights(), settleAuction(uint256[],address[],uint256[],address[],uint256[])   • write  contracts/Basket.sol:216  (Basket.('setNewWeights', [], []))   • write  contracts/Basket.sol:215  (Basket.('setNewWeights', [], []))   • read  contracts/Basket.sol:260  (Basket.('pullUnderlying', ['uint256', 'address'], []))   • read  contracts/Basket.sol:252  (Basket.('pushUnderlying', ['uint256', 'address'], [])) | report=https://github.com/code-423n4/2021-10-defiprotocol-findings/issues/78 https://github.com/code-423n4/2021-10-defiprotocol-findings/issues/51 | comments=[M-04] and [M-08] combine to create a tokens/weights + ratio + supply invariant that underlies 2 independent mediums and leads to broken accounting and theft || sheet=41contracts | row=85 | abl=B2 | type=TP | finding=[single_var_cross_tx] ibRatio  tx-set -> owner(), settleAuction(uint256[],address[],uint256[],address[],uint256[])   • write  contracts/Basket.sol:139  (Basket.('handleFees', [], []))   • read  contracts/Basket.sol:258  (Basket.('pullUnderlying', ['uint256', 'address'], []))   • read  contracts/Basket.sol:251  (Basket.('pushUnderlying', ['uint256', 'address'], [])) | report=https://github.com/code-423n4/2021-10-defiprotocol-findings/issues/78 | comments=[M-04] || sheet=41contracts | row=92 | abl=B2 | type=TP | finding=[multi_var_cross_contract] tokens, weights  tx-set -> setNewWeights(), settleAuction(uint256[],address[],uint256[],address[],uint256[])   • write  contracts/Basket.sol:215  (Basket.('setNewWeights', [], []))   • write  contracts/Basket.sol:216  (Basket.('setNewWeights', [], []))   • read  contracts/Basket.sol:252  (Basket.('pushUnderlying', ['uint256', 'address'], []))   • read  contracts/Basket.sol:258  (Basket.('pullUnderlying', ['uint256', 'address'], [])) | report=https://github.com/code-423n4/2021-10-defiprotocol-findings/issues/78 https://github.com/code-423n4/2021-10-defiprotocol-findings/issues/51 | comments=[M-04] and [M-08] combine to create a tokens/weights + ratio + supply invariant that underlies 2 independent mediums and leads to broken accounting and theft || sheet=41contracts | row=122 | abl=B3 | type=TP | finding=[single_var_cross_tx] ibRatio  tx-set -> owner(), settleAuction(uint256[],address[],uint256[],address[],uint256[])   • write  contracts/Basket.sol:139  (Basket.('handleFees', [], []))   • read  contracts/Basket.sol:258  (Basket.('pullUnderlying', ['uint256', 'address'], []))   • read  contracts/Basket.sol:251  (Basket.('pushUnderlying', ['uint256', 'address'], [])) | report=https://github.com/code-423n4/2021-10-defiprotocol-findings/issues/78 | comments=[M-04] || sheet=41contracts | row=124 | abl=B3 | type=TP | finding=[multi_var_cross_contract] tokens, weights  tx-set -> setNewWeights(), settleAuction(uint256[],address[],uint256[],address[],uint256[])   • write  contracts/Basket.sol:215  (Basket.('setNewWeights', [], []))   • write  contracts/Basket.sol:216  (Basket.('setNewWeights', [], []))   • read  contracts/Basket.sol:257  (Basket.('pullUnderlying', ['uint256', 'address'], []))   • read  contracts/Basket.sol:260  (Basket.('pullUnderlying', ['uint256', 'address'], [])) | report=https://github.com/code-423n4/2021-10-defiprotocol-findings/issues/78 https://github.com/code-423n4/2021-10-defiprotocol-findings/issues/51 | comments=[M-04] and [M-08] combine to create a tokens/weights + ratio + supply invariant that underlies 2 independent mediums and leads to broken accounting and theft || sheet=41contracts | row=159 | abl=B6 | type=TP | finding=[single_var_cross_tx] ibRatio  tx-set -> settleAuction(uint256[],address[],uint256[],address[],uint256[]), totalSupply()   • write  contracts/Basket.sol:139  (Basket.('handleFees', [], []))   • read  contracts/Basket.sol:251  (Basket.('pushUnderlying', ['uint256', 'address'], [])) | report=https://github.com/code-423n4/2021-10-defiprotocol-findings/issues/51 | comments=[M-08] auction settles, setting ibRatio via UpdateIBRatio(newRatio), later handleFees tweaks ibRatio again [M-07], then burns use pushUnderlying with this result, and are subject to fee-on-transfer problems via [M-04] || sheet=41contracts | row=163 | abl=B6 | type=TP | finding=[multi_var_cross_contract] tokens, weights  tx-set -> setNewWeights(), settleAuction(uint256[],address[],uint256[],address[],uint256[])   • write  contracts/Basket.sol:215  (Basket.('setNewWeights', [], []))   • write  contracts/Basket.sol:216  (Basket.('setNewWeights', [], []))   • read  contracts/Basket.sol:252  (Basket.('pushUnderlying', ['uint256', 'address'], []))   • read  contracts/Basket.sol:250  (Basket.('pushUnderlying', ['uint256', 'address'], [])) | report=https://github.com/code-423n4/2021-10-defiprotocol-findings/issues/78 https://github.com/code-423n4/2021-10-defiprotocol-findings/issues/51 | comments=[M-04] and [M-08] combine to create a tokens/weights + ratio + supply invariant that underlies 2 independent mediums and leads to broken accounting and theft",,,,,,
known-bug::WEB3BUGS-41-M-05,Web3Bugs-Code4rena-complement,WEB3BUGS-41-M-05,Code4rena,Medium,,2022-01-26,https://github.com/code-423n4/2021-10-defiprotocol-findings/issues/85,2021-10-defiprotocol#m-05,2021-10-defiprotocol,M-05,kuiper,createBasket re-entrancy,Factory.createBasket interacts with arbitrary ERC20-like tokens in a loop without nonReentrant protection.,A token callback hook could reenter during basket creation and observe or manipulate partially initialized state/order of operations.,Add nonReentrant protection to createBasket and follow checks-effects-interactions where possible.,Web3Bugs report 41.md; Code4rena report; GitHub issue 85; Factory.sol,"sheet=41contracts | row=3 | abl=B0 | type=TP | finding=[multi_var_cross_contract] auctionOngoing, auctionStart  tx-set -> settleAuction(uint256[],address[],uint256[],address[],uint256[]), startAuction()   • write  contracts/Auction.sol:39  (Auction.('startAuction', [], []))   • write  contracts/Auction.sol:109  (Auction.('settleAuction', ['uint256[]', 'address[]', 'uint256[]', 'address[]', 'uint256[]'], []))   • read  contracts/Auction.sol:96  (Auction.('settleAuction', ['uint256[]', 'address[]', 'uint256[]', 'address[]', 'uint256[]'], []))   • read  contracts/Auction.sol:36  (Auction.('startAuction', [], [])) | report=https://github.com/code-423n4/2021-10-defiprotocol-findings/issues/85 https://github.com/code-423n4/2021-10-defiprotocol-findings/issues/84 | comments=Drives the time-decay term in newRatio via bondBlock - auctionStart; matches auction-manipulation issues present in [M-05], [M-06]","sheet=41contracts | row=3 | abl=B0 | type=TP | finding=[multi_var_cross_contract] auctionOngoing, auctionStart  tx-set -> settleAuction(uint256[],address[],uint256[],address[],uint256[]), startAuction()   • write  contracts/Auction.sol:39  (Auction.('startAuction', [], []))   • write  contracts/Auction.sol:109  (Auction.('settleAuction', ['uint256[]', 'address[]', 'uint256[]', 'address[]', 'uint256[]'], []))   • read  contracts/Auction.sol:96  (Auction.('settleAuction', ['uint256[]', 'address[]', 'uint256[]', 'address[]', 'uint256[]'], []))   • read  contracts/Auction.sol:36  (Auction.('startAuction', [], [])) | report=https://github.com/code-423n4/2021-10-defiprotocol-findings/issues/85 https://github.com/code-423n4/2021-10-defiprotocol-findings/issues/84 | comments=Drives the time-decay term in newRatio via bondBlock - auctionStart; matches auction-manipulation issues present in [M-05], [M-06] || sheet=41contracts | row=36 | abl=B1 | type=TP | finding=[multi_var_cross_contract] auctionOngoing, auctionStart  tx-set -> settleAuction(uint256[],address[],uint256[],address[],uint256[]), startAuction()   • write  contracts/Auction.sol:38  (Auction.('startAuction', [], []))   • write  contracts/Auction.sol:109  (Auction.('settleAuction', ['uint256[]', 'address[]', 'uint256[]', 'address[]', 'uint256[]'], []))   • read  contracts/Auction.sol:36  (Auction.('startAuction', [], []))   • read  contracts/Auction.sol:79  (Auction.('settleAuction', ['uint256[]', 'address[]', 'uint256[]', 'address[]', 'uint256[]'], [])) | report=https://github.com/code-423n4/2021-10-defiprotocol-findings/issues/85 https://github.com/code-423n4/2021-10-defiprotocol-findings/issues/84 | comments=Drives the time-decay term in newRatio via bondBlock - auctionStart; matches auction-manipulation issues present in [M-05], [M-06] || sheet=41contracts | row=69 | abl=B2 | type=TP | finding=[multi_var_cross_contract] auctionOngoing, auctionStart  tx-set -> settleAuction(uint256[],address[],uint256[],address[],uint256[]), startAuction()   • write  contracts/Auction.sol:109  (Auction.('settleAuction', ['uint256[]', 'address[]', 'uint256[]', 'address[]', 'uint256[]'], []))   • write  contracts/Auction.sol:38  (Auction.('startAuction', [], []))   • read  contracts/Auction.sol:79  (Auction.('settleAuction', ['uint256[]', 'address[]', 'uint256[]', 'address[]', 'uint256[]'], []))   • read  contracts/Auction.sol:36  (Auction.('startAuction', [], [])) | report=https://github.com/code-423n4/2021-10-defiprotocol-findings/issues/85 https://github.com/code-423n4/2021-10-defiprotocol-findings/issues/84 | comments=Drives the time-decay term in newRatio via bondBlock - auctionStart; matches auction-manipulation issues present in [M-05], [M-06] || sheet=41contracts | row=101 | abl=B3 | type=TP | finding=[multi_var_cross_contract] auctionOngoing, auctionStart  tx-set -> settleAuction(uint256[],address[],uint256[],address[],uint256[]), startAuction()   • write  contracts/Auction.sol:38  (Auction.('startAuction', [], []))   • write  contracts/Auction.sol:109  (Auction.('settleAuction', ['uint256[]', 'address[]', 'uint256[]', 'address[]', 'uint256[]'], []))   • read  contracts/Auction.sol:79  (Auction.('settleAuction', ['uint256[]', 'address[]', 'uint256[]', 'address[]', 'uint256[]'], []))   • read  contracts/Auction.sol:36  (Auction.('startAuction', [], [])) | report=https://github.com/code-423n4/2021-10-defiprotocol-findings/issues/85 https://github.com/code-423n4/2021-10-defiprotocol-findings/issues/84 | comments=Drives the time-decay term in newRatio via bondBlock - auctionStart; matches auction-manipulation issues present in [M-05], [M-06] || sheet=41contracts | row=141 | abl=B6 | type=TP | finding=[multi_var_cross_contract] auctionOngoing, auctionStart  tx-set -> settleAuction(uint256[],address[],uint256[],address[],uint256[]), startAuction()   • write  contracts/Auction.sol:109  (Auction.('settleAuction', ['uint256[]', 'address[]', 'uint256[]', 'address[]', 'uint256[]'], []))   • write  contracts/Auction.sol:38  (Auction.('startAuction', [], []))   • read  contracts/Auction.sol:96  (Auction.('settleAuction', ['uint256[]', 'address[]', 'uint256[]', 'address[]', 'uint256[]'], []))   • read  contracts/Auction.sol:36  (Auction.('startAuction', [], [])) | report=https://github.com/code-423n4/2021-10-defiprotocol-findings/issues/85 https://github.com/code-423n4/2021-10-defiprotocol-findings/issues/84 | comments=Drives the time-decay term in newRatio via bondBlock - auctionStart; matches auction-manipulation issues present in [M-05], [M-06]",,,,,,
known-bug::WEB3BUGS-41-M-06,Web3Bugs-Code4rena-complement,WEB3BUGS-41-M-06,Code4rena,Medium,,2022-01-26,https://github.com/code-423n4/2021-10-defiprotocol-findings/issues/84,2021-10-defiprotocol#m-06,2021-10-defiprotocol,M-06,kuiper,Validations,"Several setters and user inputs lack validation, including zero divisors, zero bounty amounts, fee cap bounds, zero recipient, self-token inclusion, and empty metadata.","Invalid configuration or input values can cause DoS, accidental loss, or unsafe protocol states.",Add explicit validation checks for the listed configuration and input constraints.,Web3Bugs report 41.md; Code4rena report; GitHub issue 84; Factory.sol; Auction.sol; Basket.sol,"sheet=41contracts | row=3 | abl=B0 | type=TP | finding=[multi_var_cross_contract] auctionOngoing, auctionStart  tx-set -> settleAuction(uint256[],address[],uint256[],address[],uint256[]), startAuction()   • write  contracts/Auction.sol:39  (Auction.('startAuction', [], []))   • write  contracts/Auction.sol:109  (Auction.('settleAuction', ['uint256[]', 'address[]', 'uint256[]', 'address[]', 'uint256[]'], []))   • read  contracts/Auction.sol:96  (Auction.('settleAuction', ['uint256[]', 'address[]', 'uint256[]', 'address[]', 'uint256[]'], []))   • read  contracts/Auction.sol:36  (Auction.('startAuction', [], [])) | report=https://github.com/code-423n4/2021-10-defiprotocol-findings/issues/85 https://github.com/code-423n4/2021-10-defiprotocol-findings/issues/84 | comments=Drives the time-decay term in newRatio via bondBlock - auctionStart; matches auction-manipulation issues present in [M-05], [M-06] || sheet=41contracts | row=28 | abl=B0 | type=TP | finding=[single_var_cross_tx] ibRatio  tx-set -> auctionBurn(uint256), totalSupply()   • write  contracts/Basket.sol:139  (Basket.('handleFees', [], []))   • write  contracts/Basket.sol:118  (Basket.('auctionBurn', ['uint256'], []))   • read  contracts/Basket.sol:117  (Basket.('auctionBurn', ['uint256'], []))   • read  contracts/Basket.sol:138  (Basket.('handleFees', [], [])) | report=https://github.com/code-423n4/2021-10-defiprotocol-findings/issues/84 https://github.com/code-423n4/2021-10-defiprotocol-findings/issues/49 | comments=[M-06], [M-07]","sheet=41contracts | row=3 | abl=B0 | type=TP | finding=[multi_var_cross_contract] auctionOngoing, auctionStart  tx-set -> settleAuction(uint256[],address[],uint256[],address[],uint256[]), startAuction()   • write  contracts/Auction.sol:39  (Auction.('startAuction', [], []))   • write  contracts/Auction.sol:109  (Auction.('settleAuction', ['uint256[]', 'address[]', 'uint256[]', 'address[]', 'uint256[]'], []))   • read  contracts/Auction.sol:96  (Auction.('settleAuction', ['uint256[]', 'address[]', 'uint256[]', 'address[]', 'uint256[]'], []))   • read  contracts/Auction.sol:36  (Auction.('startAuction', [], [])) | report=https://github.com/code-423n4/2021-10-defiprotocol-findings/issues/85 https://github.com/code-423n4/2021-10-defiprotocol-findings/issues/84 | comments=Drives the time-decay term in newRatio via bondBlock - auctionStart; matches auction-manipulation issues present in [M-05], [M-06] || sheet=41contracts | row=28 | abl=B0 | type=TP | finding=[single_var_cross_tx] ibRatio  tx-set -> auctionBurn(uint256), totalSupply()   • write  contracts/Basket.sol:139  (Basket.('handleFees', [], []))   • write  contracts/Basket.sol:118  (Basket.('auctionBurn', ['uint256'], []))   • read  contracts/Basket.sol:117  (Basket.('auctionBurn', ['uint256'], []))   • read  contracts/Basket.sol:138  (Basket.('handleFees', [], [])) | report=https://github.com/code-423n4/2021-10-defiprotocol-findings/issues/84 https://github.com/code-423n4/2021-10-defiprotocol-findings/issues/49 | comments=[M-06], [M-07] || sheet=41contracts | row=36 | abl=B1 | type=TP | finding=[multi_var_cross_contract] auctionOngoing, auctionStart  tx-set -> settleAuction(uint256[],address[],uint256[],address[],uint256[]), startAuction()   • write  contracts/Auction.sol:38  (Auction.('startAuction', [], []))   • write  contracts/Auction.sol:109  (Auction.('settleAuction', ['uint256[]', 'address[]', 'uint256[]', 'address[]', 'uint256[]'], []))   • read  contracts/Auction.sol:36  (Auction.('startAuction', [], []))   • read  contracts/Auction.sol:79  (Auction.('settleAuction', ['uint256[]', 'address[]', 'uint256[]', 'address[]', 'uint256[]'], [])) | report=https://github.com/code-423n4/2021-10-defiprotocol-findings/issues/85 https://github.com/code-423n4/2021-10-defiprotocol-findings/issues/84 | comments=Drives the time-decay term in newRatio via bondBlock - auctionStart; matches auction-manipulation issues present in [M-05], [M-06] || sheet=41contracts | row=69 | abl=B2 | type=TP | finding=[multi_var_cross_contract] auctionOngoing, auctionStart  tx-set -> settleAuction(uint256[],address[],uint256[],address[],uint256[]), startAuction()   • write  contracts/Auction.sol:109  (Auction.('settleAuction', ['uint256[]', 'address[]', 'uint256[]', 'address[]', 'uint256[]'], []))   • write  contracts/Auction.sol:38  (Auction.('startAuction', [], []))   • read  contracts/Auction.sol:79  (Auction.('settleAuction', ['uint256[]', 'address[]', 'uint256[]', 'address[]', 'uint256[]'], []))   • read  contracts/Auction.sol:36  (Auction.('startAuction', [], [])) | report=https://github.com/code-423n4/2021-10-defiprotocol-findings/issues/85 https://github.com/code-423n4/2021-10-defiprotocol-findings/issues/84 | comments=Drives the time-decay term in newRatio via bondBlock - auctionStart; matches auction-manipulation issues present in [M-05], [M-06] || sheet=41contracts | row=101 | abl=B3 | type=TP | finding=[multi_var_cross_contract] auctionOngoing, auctionStart  tx-set -> settleAuction(uint256[],address[],uint256[],address[],uint256[]), startAuction()   • write  contracts/Auction.sol:38  (Auction.('startAuction', [], []))   • write  contracts/Auction.sol:109  (Auction.('settleAuction', ['uint256[]', 'address[]', 'uint256[]', 'address[]', 'uint256[]'], []))   • read  contracts/Auction.sol:79  (Auction.('settleAuction', ['uint256[]', 'address[]', 'uint256[]', 'address[]', 'uint256[]'], []))   • read  contracts/Auction.sol:36  (Auction.('startAuction', [], [])) | report=https://github.com/code-423n4/2021-10-defiprotocol-findings/issues/85 https://github.com/code-423n4/2021-10-defiprotocol-findings/issues/84 | comments=Drives the time-decay term in newRatio via bondBlock - auctionStart; matches auction-manipulation issues present in [M-05], [M-06] || sheet=41contracts | row=141 | abl=B6 | type=TP | finding=[multi_var_cross_contract] auctionOngoing, auctionStart  tx-set -> settleAuction(uint256[],address[],uint256[],address[],uint256[]), startAuction()   • write  contracts/Auction.sol:109  (Auction.('settleAuction', ['uint256[]', 'address[]', 'uint256[]', 'address[]', 'uint256[]'], []))   • write  contracts/Auction.sol:38  (Auction.('startAuction', [], []))   • read  contracts/Auction.sol:96  (Auction.('settleAuction', ['uint256[]', 'address[]', 'uint256[]', 'address[]', 'uint256[]'], []))   • read  contracts/Auction.sol:36  (Auction.('startAuction', [], [])) | report=https://github.com/code-423n4/2021-10-defiprotocol-findings/issues/85 https://github.com/code-423n4/2021-10-defiprotocol-findings/issues/84 | comments=Drives the time-decay term in newRatio via bondBlock - auctionStart; matches auction-manipulation issues present in [M-05], [M-06] || sheet=41contracts | row=158 | abl=B6 | type=TP | finding=[single_var_cross_tx] ibRatio  tx-set -> auctionBurn(uint256), totalSupply()   • write  contracts/Basket.sol:118  (Basket.('auctionBurn', ['uint256'], []))   • write  contracts/Basket.sol:139  (Basket.('handleFees', [], []))   • read  contracts/Basket.sol:117  (Basket.('auctionBurn', ['uint256'], []))   • read  contracts/Basket.sol:138  (Basket.('handleFees', [], [])) | report=https://github.com/code-423n4/2021-10-defiprotocol-findings/issues/84 https://github.com/code-423n4/2021-10-defiprotocol-findings/issues/49 | comments=[M-06], [M-07]",,,,,,
known-bug::WEB3BUGS-41-M-07,Web3Bugs-Code4rena-complement,WEB3BUGS-41-M-07,Code4rena,Medium,,2022-01-26,https://github.com/code-423n4/2021-10-defiprotocol-findings/issues/49,2021-10-defiprotocol#m-07,2021-10-defiprotocol,M-07,kuiper,Basket becomes unusable if everybody burns their shares,Basket.handleFees divides by totalSupply and computes a new ibRatio even after all shares have been burned and totalSupply is zero.,"After everyone burns, the next mint triggers handleFees with totalSupply zero, reverting fee/ibRatio accounting and making the basket unusable.","In handleFees, return or reset ibRatio to BASE when totalSupply is zero before computing fees.",Web3Bugs report 41.md; Code4rena report; GitHub issue 49; Basket.sol,"sheet=41contracts | row=24 | abl=B0 | type=TP | finding=[single_var_cross_tx] ibRatio  tx-set -> totalSupply(), updateIBRatio(uint256)   • write  contracts/Basket.sol:235  (Basket.('updateIBRatio', ['uint256'], ['uint256']))   • read  contracts/Basket.sol:138  (Basket.('handleFees', [], [])) | report=https://github.com/code-423n4/2021-10-defiprotocol-findings/issues/49 | comments=[M-07] || sheet=41contracts | row=28 | abl=B0 | type=TP | finding=[single_var_cross_tx] ibRatio  tx-set -> auctionBurn(uint256), totalSupply()   • write  contracts/Basket.sol:139  (Basket.('handleFees', [], []))   • write  contracts/Basket.sol:118  (Basket.('auctionBurn', ['uint256'], []))   • read  contracts/Basket.sol:117  (Basket.('auctionBurn', ['uint256'], []))   • read  contracts/Basket.sol:138  (Basket.('handleFees', [], [])) | report=https://github.com/code-423n4/2021-10-defiprotocol-findings/issues/84 https://github.com/code-423n4/2021-10-defiprotocol-findings/issues/49 | comments=[M-06], [M-07] || sheet=41contracts | row=30 | abl=B0 | type=TP | finding=[single_var_cross_tx] ibRatio  tx-set -> settleAuction(uint256[],address[],uint256[],address[],uint256[]), totalSupply()   • write  contracts/Basket.sol:139  (Basket.('handleFees', [], []))   • read  contracts/Basket.sol:251  (Basket.('pushUnderlying', ['uint256', 'address'], [])) | report=https://github.com/code-423n4/2021-10-defiprotocol-findings/issues/51 | comments=[M-08] auction settles, setting ibRatio via UpdateIBRatio(newRatio), later handleFees tweaks ibRatio again [M-07], then burns use pushUnderlying with this result, and are subject to fee-on-transfer problems via [M-04] || sheet=41contracts | row=31 | abl=B0 | type=TP | finding=[multi_var_cross_contract] ibRatio, lastFee  tx-set -> totalSupply()   • write  contracts/Basket.sol:136  (Basket.('handleFees', [], []))   • write  contracts/Basket.sol:139  (Basket.('handleFees', [], []))   • read  contracts/Basket.sol:130  (Basket.('handleFees', [], []))   • read  contracts/Basket.sol:138  (Basket.('handleFees', [], [])) | report=https://github.com/code-423n4/2021-10-defiprotocol-findings/issues/49 | comments=[M-07]","sheet=41contracts | row=24 | abl=B0 | type=TP | finding=[single_var_cross_tx] ibRatio  tx-set -> totalSupply(), updateIBRatio(uint256)   • write  contracts/Basket.sol:235  (Basket.('updateIBRatio', ['uint256'], ['uint256']))   • read  contracts/Basket.sol:138  (Basket.('handleFees', [], [])) | report=https://github.com/code-423n4/2021-10-defiprotocol-findings/issues/49 | comments=[M-07] || sheet=41contracts | row=28 | abl=B0 | type=TP | finding=[single_var_cross_tx] ibRatio  tx-set -> auctionBurn(uint256), totalSupply()   • write  contracts/Basket.sol:139  (Basket.('handleFees', [], []))   • write  contracts/Basket.sol:118  (Basket.('auctionBurn', ['uint256'], []))   • read  contracts/Basket.sol:117  (Basket.('auctionBurn', ['uint256'], []))   • read  contracts/Basket.sol:138  (Basket.('handleFees', [], [])) | report=https://github.com/code-423n4/2021-10-defiprotocol-findings/issues/84 https://github.com/code-423n4/2021-10-defiprotocol-findings/issues/49 | comments=[M-06], [M-07] || sheet=41contracts | row=30 | abl=B0 | type=TP | finding=[single_var_cross_tx] ibRatio  tx-set -> settleAuction(uint256[],address[],uint256[],address[],uint256[]), totalSupply()   • write  contracts/Basket.sol:139  (Basket.('handleFees', [], []))   • read  contracts/Basket.sol:251  (Basket.('pushUnderlying', ['uint256', 'address'], [])) | report=https://github.com/code-423n4/2021-10-defiprotocol-findings/issues/51 | comments=[M-08] auction settles, setting ibRatio via UpdateIBRatio(newRatio), later handleFees tweaks ibRatio again [M-07], then burns use pushUnderlying with this result, and are subject to fee-on-transfer problems via [M-04] || sheet=41contracts | row=31 | abl=B0 | type=TP | finding=[multi_var_cross_contract] ibRatio, lastFee  tx-set -> totalSupply()   • write  contracts/Basket.sol:136  (Basket.('handleFees', [], []))   • write  contracts/Basket.sol:139  (Basket.('handleFees', [], []))   • read  contracts/Basket.sol:130  (Basket.('handleFees', [], []))   • read  contracts/Basket.sol:138  (Basket.('handleFees', [], [])) | report=https://github.com/code-423n4/2021-10-defiprotocol-findings/issues/49 | comments=[M-07] || sheet=41contracts | row=55 | abl=B1 | type=TP | finding=[single_var_cross_tx] ibRatio  tx-set -> auctionBurn(uint256), owner()   • write  contracts/Basket.sol:139  (Basket.('handleFees', [], []))   • write  contracts/Basket.sol:118  (Basket.('auctionBurn', ['uint256'], []))   • read  contracts/Basket.sol:138  (Basket.('handleFees', [], []))   • read  contracts/Basket.sol:117  (Basket.('auctionBurn', ['uint256'], [])) | report=https://github.com/code-423n4/2021-10-defiprotocol-findings/issues/49 | comments=[M-07] || sheet=41contracts | row=60 | abl=B1 | type=TP | finding=[single_var_cross_tx] ibRatio  tx-set -> owner()   • write  contracts/Basket.sol:139  (Basket.('handleFees', [], []))   • read  contracts/Basket.sol:138  (Basket.('handleFees', [], [])) | report=https://github.com/code-423n4/2021-10-defiprotocol-findings/issues/49 | comments=[M-07] || sheet=41contracts | row=84 | abl=B2 | type=TP | finding=[single_var_cross_tx] ibRatio  tx-set -> owner()   • write  contracts/Basket.sol:139  (Basket.('handleFees', [], []))   • read  contracts/Basket.sol:138  (Basket.('handleFees', [], [])) | report=https://github.com/code-423n4/2021-10-defiprotocol-findings/issues/49 | comments=[M-07] || sheet=41contracts | row=86 | abl=B2 | type=TP | finding=[single_var_cross_tx] ibRatio  tx-set -> auctionBurn(uint256), owner()   • write  contracts/Basket.sol:118  (Basket.('auctionBurn', ['uint256'], []))   • write  contracts/Basket.sol:139  (Basket.('handleFees', [], []))   • read  contracts/Basket.sol:138  (Basket.('handleFees', [], []))   • read  contracts/Basket.sol:117  (Basket.('auctionBurn', ['uint256'], [])) | report=https://github.com/code-423n4/2021-10-defiprotocol-findings/issues/49 | comments=[M-07] || sheet=41contracts | row=115 | abl=B3 | type=TP | finding=[single_var_cross_tx] ibRatio  tx-set -> auctionBurn(uint256), owner()   • write  contracts/Basket.sol:118  (Basket.('auctionBurn', ['uint256'], []))   • write  contracts/Basket.sol:139  (Basket.('handleFees', [], []))   • read  contracts/Basket.sol:141  (Basket.('handleFees', [], []))   • read  contracts/Basket.sol:117  (Basket.('auctionBurn', ['uint256'], [])) | report=https://github.com/code-423n4/2021-10-defiprotocol-findings/issues/49 | comments=[M-07] || sheet=41contracts | row=121 | abl=B3 | type=TP | finding=[single_var_cross_tx] ibRatio  tx-set -> owner()   • write  contracts/Basket.sol:139  (Basket.('handleFees', [], []))   • read  contracts/Basket.sol:141  (Basket.('handleFees', [], [])) | report=https://github.com/code-423n4/2021-10-defiprotocol-findings/issues/49 | comments=[M-07] || sheet=41contracts | row=152 | abl=B6 | type=TP | finding=[single_var_cross_tx] ibRatio  tx-set -> totalSupply(), updateIBRatio(uint256)   • write  contracts/Basket.sol:235  (Basket.('updateIBRatio', ['uint256'], ['uint256']))   • read  contracts/Basket.sol:138  (Basket.('handleFees', [], [])) | report=https://github.com/code-423n4/2021-10-defiprotocol-findings/issues/49 | comments=[M-07] || sheet=41contracts | row=156 | abl=B6 | type=TP | finding=[multi_var_cross_contract] ibRatio, lastFee  tx-set -> totalSupply()   • write  contracts/Basket.sol:136  (Basket.('handleFees', [], []))   • write  contracts/Basket.sol:139  (Basket.('handleFees', [], []))   • read  contracts/Basket.sol:130  (Basket.('handleFees', [], []))   • read  contracts/Basket.sol:138  (Basket.('handleFees', [], [])) | report=https://github.com/code-423n4/2021-10-defiprotocol-findings/issues/49 | comments=[M-07] || sheet=41contracts | row=157 | abl=B6 | type=TP | finding=[single_var_cross_tx] ibRatio  tx-set -> bondForRebalance(), totalSupply()   • write  contracts/Basket.sol:139  (Basket.('handleFees', [], []))   • read  contracts/Basket.sol:258  (Basket.('pullUnderlying', ['uint256', 'address'], [])) | report=https://github.com/code-423n4/2021-10-defiprotocol-findings/issues/49 | comments=[M-07] || sheet=41contracts | row=158 | abl=B6 | type=TP | finding=[single_var_cross_tx] ibRatio  tx-set -> auctionBurn(uint256), totalSupply()   • write  contracts/Basket.sol:118  (Basket.('auctionBurn', ['uint256'], []))   • write  contracts/Basket.sol:139  (Basket.('handleFees', [], []))   • read  contracts/Basket.sol:117  (Basket.('auctionBurn', ['uint256'], []))   • read  contracts/Basket.sol:138  (Basket.('handleFees', [], [])) | report=https://github.com/code-423n4/2021-10-defiprotocol-findings/issues/84 https://github.com/code-423n4/2021-10-defiprotocol-findings/issues/49 | comments=[M-06], [M-07] || sheet=41contracts | row=159 | abl=B6 | type=TP | finding=[single_var_cross_tx] ibRatio  tx-set -> settleAuction(uint256[],address[],uint256[],address[],uint256[]), totalSupply()   • write  contracts/Basket.sol:139  (Basket.('handleFees', [], []))   • read  contracts/Basket.sol:251  (Basket.('pushUnderlying', ['uint256', 'address'], [])) | report=https://github.com/code-423n4/2021-10-defiprotocol-findings/issues/51 | comments=[M-08] auction settles, setting ibRatio via UpdateIBRatio(newRatio), later handleFees tweaks ibRatio again [M-07], then burns use pushUnderlying with this result, and are subject to fee-on-transfer problems via [M-04]",,,,,,
known-bug::WEB3BUGS-41-M-08,Web3Bugs-Code4rena-complement,WEB3BUGS-41-M-08,Code4rena,Medium,,2022-01-26,https://github.com/code-423n4/2021-10-defiprotocol-findings/issues/51,2021-10-defiprotocol#m-08,2021-10-defiprotocol,M-08,kuiper,Auction bonder can steal user funds if bond block is high enough,Auction newRatio decays with bondBlock/time and is not bounded against the basket's current ibRatio or a safe minimum.,"A bonder can wait until newRatio falls below current ibRatio or near zero, settle, and extract too much underlying while leaving too little in the basket.","Cap or bound newRatio during settlement, for example requiring newRatio above basket.ibRatio or a minimum ibRatio, or require bond and settle together.",Web3Bugs report 41.md; Code4rena report; GitHub issue 51; Auction.sol; Basket.sol,"sheet=41contracts | row=20 | abl=B0 | type=FP | finding=[single_var_cross_tx] licenseFee  tx-set -> changeLicenseFee(uint256), totalSupply()   • write  contracts/Basket.sol:171  (Basket.('changeLicenseFee', ['uint256'], []))   • read  contracts/Basket.sol:131  (Basket.('handleFees', [], [])) | report= | comments=Points to [M-01], [M-08-M-11], but NOT SI per se || sheet=41contracts | row=23 | abl=B0 | type=TP | finding=[single_var_cross_tx] ibRatio  tx-set -> settleAuction(uint256[],address[],uint256[],address[],uint256[]), updateIBRatio(uint256)   • write  contracts/Basket.sol:235  (Basket.('updateIBRatio', ['uint256'], ['uint256']))   • read  contracts/Basket.sol:251  (Basket.('pushUnderlying', ['uint256', 'address'], [])) | report=https://github.com/code-423n4/2021-10-defiprotocol-findings/issues/51 | comments=[M-08] || sheet=41contracts | row=30 | abl=B0 | type=TP | finding=[single_var_cross_tx] ibRatio  tx-set -> settleAuction(uint256[],address[],uint256[],address[],uint256[]), totalSupply()   • write  contracts/Basket.sol:139  (Basket.('handleFees', [], []))   • read  contracts/Basket.sol:251  (Basket.('pushUnderlying', ['uint256', 'address'], [])) | report=https://github.com/code-423n4/2021-10-defiprotocol-findings/issues/51 | comments=[M-08] auction settles, setting ibRatio via UpdateIBRatio(newRatio), later handleFees tweaks ibRatio again [M-07], then burns use pushUnderlying with this result, and are subject to fee-on-transfer problems via [M-04] || sheet=41contracts | row=32 | abl=B0 | type=TP | finding=[multi_var_cross_contract] tokens, weights  tx-set -> setNewWeights(), settleAuction(uint256[],address[],uint256[],address[],uint256[])   • write  contracts/Basket.sol:216  (Basket.('setNewWeights', [], []))   • write  contracts/Basket.sol:215  (Basket.('setNewWeights', [], []))   • read  contracts/Basket.sol:251  (Basket.('pushUnderlying', ['uint256', 'address'], []))   • read  contracts/Basket.sol:252  (Basket.('pushUnderlying', ['uint256', 'address'], [])) | report=https://github.com/code-423n4/2021-10-defiprotocol-findings/issues/78 https://github.com/code-423n4/2021-10-defiprotocol-findings/issues/51 | comments=[M-04] and [M-08] combine to create a tokens/weights + ratio + supply invariant that underlies 2 independent mediums and leads to broken accounting and theft","sheet=41contracts | row=20 | abl=B0 | type=FP | finding=[single_var_cross_tx] licenseFee  tx-set -> changeLicenseFee(uint256), totalSupply()   • write  contracts/Basket.sol:171  (Basket.('changeLicenseFee', ['uint256'], []))   • read  contracts/Basket.sol:131  (Basket.('handleFees', [], [])) | report= | comments=Points to [M-01], [M-08-M-11], but NOT SI per se || sheet=41contracts | row=23 | abl=B0 | type=TP | finding=[single_var_cross_tx] ibRatio  tx-set -> settleAuction(uint256[],address[],uint256[],address[],uint256[]), updateIBRatio(uint256)   • write  contracts/Basket.sol:235  (Basket.('updateIBRatio', ['uint256'], ['uint256']))   • read  contracts/Basket.sol:251  (Basket.('pushUnderlying', ['uint256', 'address'], [])) | report=https://github.com/code-423n4/2021-10-defiprotocol-findings/issues/51 | comments=[M-08] || sheet=41contracts | row=30 | abl=B0 | type=TP | finding=[single_var_cross_tx] ibRatio  tx-set -> settleAuction(uint256[],address[],uint256[],address[],uint256[]), totalSupply()   • write  contracts/Basket.sol:139  (Basket.('handleFees', [], []))   • read  contracts/Basket.sol:251  (Basket.('pushUnderlying', ['uint256', 'address'], [])) | report=https://github.com/code-423n4/2021-10-defiprotocol-findings/issues/51 | comments=[M-08] auction settles, setting ibRatio via UpdateIBRatio(newRatio), later handleFees tweaks ibRatio again [M-07], then burns use pushUnderlying with this result, and are subject to fee-on-transfer problems via [M-04] || sheet=41contracts | row=32 | abl=B0 | type=TP | finding=[multi_var_cross_contract] tokens, weights  tx-set -> setNewWeights(), settleAuction(uint256[],address[],uint256[],address[],uint256[])   • write  contracts/Basket.sol:216  (Basket.('setNewWeights', [], []))   • write  contracts/Basket.sol:215  (Basket.('setNewWeights', [], []))   • read  contracts/Basket.sol:251  (Basket.('pushUnderlying', ['uint256', 'address'], []))   • read  contracts/Basket.sol:252  (Basket.('pushUnderlying', ['uint256', 'address'], [])) | report=https://github.com/code-423n4/2021-10-defiprotocol-findings/issues/78 https://github.com/code-423n4/2021-10-defiprotocol-findings/issues/51 | comments=[M-04] and [M-08] combine to create a tokens/weights + ratio + supply invariant that underlies 2 independent mediums and leads to broken accounting and theft || sheet=41contracts | row=53 | abl=B1 | type=FP | finding=[single_var_cross_tx] licenseFee  tx-set -> changeLicenseFee(uint256), totalSupply()   • write  contracts/Basket.sol:171  (Basket.('changeLicenseFee', ['uint256'], []))   • read  contracts/Basket.sol:131  (Basket.('handleFees', [], [])) | report= | comments=Points to [M-01], [M-08-M-11], but NOT SI per se || sheet=41contracts | row=59 | abl=B1 | type=TP | finding=[single_var_cross_tx] ibRatio  tx-set -> settleAuction(uint256[],address[],uint256[],address[],uint256[]), updateIBRatio(uint256)   • write  contracts/Basket.sol:235  (Basket.('updateIBRatio', ['uint256'], ['uint256']))   • read  contracts/Basket.sol:258  (Basket.('pullUnderlying', ['uint256', 'address'], []))   • read  contracts/Basket.sol:251  (Basket.('pushUnderlying', ['uint256', 'address'], [])) | report=https://github.com/code-423n4/2021-10-defiprotocol-findings/issues/51 | comments=[M-08] || sheet=41contracts | row=62 | abl=B1 | type=TP | finding=[multi_var_cross_contract] tokens, weights  tx-set -> setNewWeights(), settleAuction(uint256[],address[],uint256[],address[],uint256[])   • write  contracts/Basket.sol:216  (Basket.('setNewWeights', [], []))   • write  contracts/Basket.sol:215  (Basket.('setNewWeights', [], []))   • read  contracts/Basket.sol:260  (Basket.('pullUnderlying', ['uint256', 'address'], []))   • read  contracts/Basket.sol:252  (Basket.('pushUnderlying', ['uint256', 'address'], [])) | report=https://github.com/code-423n4/2021-10-defiprotocol-findings/issues/78 https://github.com/code-423n4/2021-10-defiprotocol-findings/issues/51 | comments=[M-04] and [M-08] combine to create a tokens/weights + ratio + supply invariant that underlies 2 independent mediums and leads to broken accounting and theft || sheet=41contracts | row=82 | abl=B2 | type=FP | finding=[single_var_cross_tx] licenseFee  tx-set -> changeLicenseFee(uint256), totalSupply()   • write  contracts/Basket.sol:171  (Basket.('changeLicenseFee', ['uint256'], []))   • read  contracts/Basket.sol:131  (Basket.('handleFees', [], [])) | report= | comments=Points to [M-01], [M-08-M-11], but NOT SI per se || sheet=41contracts | row=90 | abl=B2 | type=TP | finding=[single_var_cross_tx] ibRatio  tx-set -> settleAuction(uint256[],address[],uint256[],address[],uint256[]), updateIBRatio(uint256)   • write  contracts/Basket.sol:235  (Basket.('updateIBRatio', ['uint256'], ['uint256']))   • read  contracts/Basket.sol:258  (Basket.('pullUnderlying', ['uint256', 'address'], []))   • read  contracts/Basket.sol:251  (Basket.('pushUnderlying', ['uint256', 'address'], [])) | report=https://github.com/code-423n4/2021-10-defiprotocol-findings/issues/51 | comments=[M-08] || sheet=41contracts | row=92 | abl=B2 | type=TP | finding=[multi_var_cross_contract] tokens, weights  tx-set -> setNewWeights(), settleAuction(uint256[],address[],uint256[],address[],uint256[])   • write  contracts/Basket.sol:215  (Basket.('setNewWeights', [], []))   • write  contracts/Basket.sol:216  (Basket.('setNewWeights', [], []))   • read  contracts/Basket.sol:252  (Basket.('pushUnderlying', ['uint256', 'address'], []))   • read  contracts/Basket.sol:258  (Basket.('pullUnderlying', ['uint256', 'address'], [])) | report=https://github.com/code-423n4/2021-10-defiprotocol-findings/issues/78 https://github.com/code-423n4/2021-10-defiprotocol-findings/issues/51 | comments=[M-04] and [M-08] combine to create a tokens/weights + ratio + supply invariant that underlies 2 independent mediums and leads to broken accounting and theft || sheet=41contracts | row=113 | abl=B3 | type=FP | finding=[single_var_cross_tx] licenseFee  tx-set -> changeLicenseFee(uint256), totalSupply()   • write  contracts/Basket.sol:171  (Basket.('changeLicenseFee', ['uint256'], []))   • read  contracts/Basket.sol:131  (Basket.('handleFees', [], [])) | report= | comments=Points to [M-01], [M-08-M-11], but NOT SI per se || sheet=41contracts | row=119 | abl=B3 | type=TP | finding=[single_var_cross_tx] ibRatio  tx-set -> settleAuction(uint256[],address[],uint256[],address[],uint256[]), updateIBRatio(uint256)   • write  contracts/Basket.sol:235  (Basket.('updateIBRatio', ['uint256'], ['uint256']))   • read  contracts/Basket.sol:258  (Basket.('pullUnderlying', ['uint256', 'address'], []))   • read  contracts/Basket.sol:251  (Basket.('pushUnderlying', ['uint256', 'address'], [])) | report=https://github.com/code-423n4/2021-10-defiprotocol-findings/issues/51 | comments=[M-08] || sheet=41contracts | row=124 | abl=B3 | type=TP | finding=[multi_var_cross_contract] tokens, weights  tx-set -> setNewWeights(), settleAuction(uint256[],address[],uint256[],address[],uint256[])   • write  contracts/Basket.sol:215  (Basket.('setNewWeights', [], []))   • write  contracts/Basket.sol:216  (Basket.('setNewWeights', [], []))   • read  contracts/Basket.sol:257  (Basket.('pullUnderlying', ['uint256', 'address'], []))   • read  contracts/Basket.sol:260  (Basket.('pullUnderlying', ['uint256', 'address'], [])) | report=https://github.com/code-423n4/2021-10-defiprotocol-findings/issues/78 https://github.com/code-423n4/2021-10-defiprotocol-findings/issues/51 | comments=[M-04] and [M-08] combine to create a tokens/weights + ratio + supply invariant that underlies 2 independent mediums and leads to broken accounting and theft || sheet=41contracts | row=127 | abl=B4 | type=TP | finding=[single_var_cross_tx] bondBlock  tx-set -> bondForRebalance(), settleAuction(uint256[],address[],uint256[],address[],uint256[])   • write  contracts/Auction.sol:61  (Auction.('bondForRebalance', [], []))   • read  contracts/Auction.sol:81  (Auction.('settleAuction', ['uint256[]', 'address[]', 'uint256[]', 'address[]', 'uint256[]'], [])) | report=https://github.com/code-423n4/2021-10-defiprotocol-findings/issues/51 | comments=[M-08] || sheet=41contracts | row=150 | abl=B6 | type=FP | finding=[single_var_cross_tx] licenseFee  tx-set -> changeLicenseFee(uint256), totalSupply()   • write  contracts/Basket.sol:171  (Basket.('changeLicenseFee', ['uint256'], []))   • read  contracts/Basket.sol:131  (Basket.('handleFees', [], [])) | report= | comments=Points to [M-01], [M-08-M-11], but NOT SI per se || sheet=41contracts | row=155 | abl=B6 | type=TP | finding=[single_var_cross_tx] ibRatio  tx-set -> settleAuction(uint256[],address[],uint256[],address[],uint256[]), updateIBRatio(uint256)   • write  contracts/Basket.sol:235  (Basket.('updateIBRatio', ['uint256'], ['uint256']))   • read  contracts/Basket.sol:251  (Basket.('pushUnderlying', ['uint256', 'address'], [])) | report=https://github.com/code-423n4/2021-10-defiprotocol-findings/issues/51 | comments=[M-08] || sheet=41contracts | row=159 | abl=B6 | type=TP | finding=[single_var_cross_tx] ibRatio  tx-set -> settleAuction(uint256[],address[],uint256[],address[],uint256[]), totalSupply()   • write  contracts/Basket.sol:139  (Basket.('handleFees', [], []))   • read  contracts/Basket.sol:251  (Basket.('pushUnderlying', ['uint256', 'address'], [])) | report=https://github.com/code-423n4/2021-10-defiprotocol-findings/issues/51 | comments=[M-08] auction settles, setting ibRatio via UpdateIBRatio(newRatio), later handleFees tweaks ibRatio again [M-07], then burns use pushUnderlying with this result, and are subject to fee-on-transfer problems via [M-04] || sheet=41contracts | row=163 | abl=B6 | type=TP | finding=[multi_var_cross_contract] tokens, weights  tx-set -> setNewWeights(), settleAuction(uint256[],address[],uint256[],address[],uint256[])   • write  contracts/Basket.sol:215  (Basket.('setNewWeights', [], []))   • write  contracts/Basket.sol:216  (Basket.('setNewWeights', [], []))   • read  contracts/Basket.sol:252  (Basket.('pushUnderlying', ['uint256', 'address'], []))   • read  contracts/Basket.sol:250  (Basket.('pushUnderlying', ['uint256', 'address'], [])) | report=https://github.com/code-423n4/2021-10-defiprotocol-findings/issues/78 https://github.com/code-423n4/2021-10-defiprotocol-findings/issues/51 | comments=[M-04] and [M-08] combine to create a tokens/weights + ratio + supply invariant that underlies 2 independent mediums and leads to broken accounting and theft",,,,,,
known-bug::WEB3BUGS-107-H-01,Web3Bugs-Code4rena-complement,WEB3BUGS-107-H-01,Code4rena,High,O3,2022-06-10,https://github.com/code-423n4/2022-04-jpegd-findings/issues/12,2022-04-jpegd#h-01,2022-04-jpegd,H-01,jpegd,yVault: First depositor can break minting of shares,"yVault share minting uses totalSupply against balance(), so a first depositor can donate assets to the strategy and inflate share price before later deposits.","An attacker mints one share, donates a large token amount to the strategy, makes later deposits mint zero shares, then withdraws the donated and victim assets.",Burn minimum initial liquidity or require nonzero shares on deposit.,Web3Bugs report 107.md; Code4rena report; GitHub issue 12; local JPEGd contracts,,,,,,,,
known-bug::WEB3BUGS-107-H-02,Web3Bugs-Code4rena-complement,WEB3BUGS-107-H-02,Code4rena,High,S2-1,2022-06-10,https://github.com/code-423n4/2022-04-jpegd-findings/issues/10,2022-04-jpegd#h-02,2022-04-jpegd,H-02,jpegd,"Existing user's locked JPEG could be overwritten by new user, causing permanent loss of JPEG funds",JPEGLock indexes lock positions only by NFT index and lockFor overwrites an existing schedule without releasing the prior owner's locked JPEG.,"A second user finalizes a value proposal for the same NFT index, replacing the first user's lock schedule; the first user can no longer unlock their JPEG.",Release any existing lock before overwriting it or reject finalization while a lock exists.,Web3Bugs report 107.md; Code4rena report; GitHub issue 10; local JPEGd contracts,"sheet=107 | row=5 | abl=B0 | type=FP | finding=[multi_var_cross_contract] nftTypes, nftValueETH, {fallbackOracle, floorOracle, nftTypeValueETH, nftValueETH} tx-set -> finalizePendingNFTValueETH(uint256), getNFTInfo(uint256) • write contracts/vaults/NFTVault.sol:377 (NFTVault.('finalizePendingNFTValueETH', ['uint256'], [])) • write contracts/vaults/NFTVault.sol:378 (NFTVault.('finalizePendingNFTValueETH', ['uint256'], [])) • read contracts/vaults/NFTVault.sol:486 (NFTVault.('getNFTInfo', ['uint256'], ['NFTVault.NFTInfo'])) | report= | comments=Note: if we want to ""hit"" this report's bugs, we must model invariants involving external balance-derived supply and monotonic snapshot variables, not just mapping read/write pairs to one another. || sheet=107 | row=6 | abl=B0 | type=FP | finding=[multi_var_cross_contract] nftTypes, nftValueETH, {fallbackOracle, floorOracle, nftTypeValueETH, nftValueETH} tx-set -> finalizePendingNFTValueETH(uint256), showPosition(uint256) • write contracts/vaults/NFTVault.sol:377 (NFTVault.('finalizePendingNFTValueETH', ['uint256'], [])) • write contracts/vaults/NFTVault.sol:378 (NFTVault.('finalizePendingNFTValueETH', ['uint256'], [])) • read contracts/vaults/NFTVault.sol:651 (NFTVault.('showPosition', ['uint256'], ['NFTVault.PositionPreview'])) • read contracts/vaults/NFTVault.sol:422 (NFTVault.('_getNFTValueETH', ['uint256'], ['uint256'])) | report= | comments=Note: if we want to ""hit"" this report's bugs, we must model invariants involving external balance-derived supply and monotonic snapshot variables, not just mapping read/write pairs to one another. || sheet=107 | row=8 | abl=B0 | type=FP | finding=[single_var_cross_tx] pendingNFTValueETH tx-set -> finalizePendingNFTValueETH(uint256) • write contracts/vaults/NFTVault.sol:380 (NFTVault.('finalizePendingNFTValueETH', ['uint256'], [])) • read contracts/vaults/NFTVault.sol:364 (NFTVault.('finalizePendingNFTValueETH', ['uint256'], [])) | report= | comments=Note: if we want to ""hit"" this report's bugs, we must model invariants involving external balance-derived supply and monotonic snapshot variables, not just mapping read/write pairs to one another.","sheet=107 | row=5 | abl=B0 | type=FP | finding=[multi_var_cross_contract] nftTypes, nftValueETH, {fallbackOracle, floorOracle, nftTypeValueETH, nftValueETH} tx-set -> finalizePendingNFTValueETH(uint256), getNFTInfo(uint256) • write contracts/vaults/NFTVault.sol:377 (NFTVault.('finalizePendingNFTValueETH', ['uint256'], [])) • write contracts/vaults/NFTVault.sol:378 (NFTVault.('finalizePendingNFTValueETH', ['uint256'], [])) • read contracts/vaults/NFTVault.sol:486 (NFTVault.('getNFTInfo', ['uint256'], ['NFTVault.NFTInfo'])) | report= | comments=Note: if we want to ""hit"" this report's bugs, we must model invariants involving external balance-derived supply and monotonic snapshot variables, not just mapping read/write pairs to one another. || sheet=107 | row=6 | abl=B0 | type=FP | finding=[multi_var_cross_contract] nftTypes, nftValueETH, {fallbackOracle, floorOracle, nftTypeValueETH, nftValueETH} tx-set -> finalizePendingNFTValueETH(uint256), showPosition(uint256) • write contracts/vaults/NFTVault.sol:377 (NFTVault.('finalizePendingNFTValueETH', ['uint256'], [])) • write contracts/vaults/NFTVault.sol:378 (NFTVault.('finalizePendingNFTValueETH', ['uint256'], [])) • read contracts/vaults/NFTVault.sol:651 (NFTVault.('showPosition', ['uint256'], ['NFTVault.PositionPreview'])) • read contracts/vaults/NFTVault.sol:422 (NFTVault.('_getNFTValueETH', ['uint256'], ['uint256'])) | report= | comments=Note: if we want to ""hit"" this report's bugs, we must model invariants involving external balance-derived supply and monotonic snapshot variables, not just mapping read/write pairs to one another. || sheet=107 | row=8 | abl=B0 | type=FP | finding=[single_var_cross_tx] pendingNFTValueETH tx-set -> finalizePendingNFTValueETH(uint256) • write contracts/vaults/NFTVault.sol:380 (NFTVault.('finalizePendingNFTValueETH', ['uint256'], [])) • read contracts/vaults/NFTVault.sol:364 (NFTVault.('finalizePendingNFTValueETH', ['uint256'], [])) | report= | comments=Note: if we want to ""hit"" this report's bugs, we must model invariants involving external balance-derived supply and monotonic snapshot variables, not just mapping read/write pairs to one another. || sheet=107 | row=128 | abl=B2 | type=FP | finding=[single_var_cross_tx] positions tx-set -> deposit(uint256,uint256), unlock(uint256) • write contracts/lock/JPEGLock.sol:56 (JPEGLock.('lockFor', ['address', 'uint256', 'uint256'], [])) • read contracts/lock/JPEGLock.sol:69 (JPEGLock.('unlock', ['uint256'], [])) | report= | comments=",,,,,,
known-bug::WEB3BUGS-107-H-03,Web3Bugs-Code4rena-complement,WEB3BUGS-107-H-03,Code4rena,High,L1,2022-06-10,https://github.com/code-423n4/2022-04-jpegd-findings/issues/227,2022-04-jpegd#h-03,2022-04-jpegd,H-03,jpegd,Update initializer modifier to prevent reentrancy during initialization,The project depends on OpenZeppelin Initializable versions with a known initializer reentrancy vulnerability.,A reentrant initialization path can observe or mutate initialization state before the initializer guard has safely completed.,Upgrade OpenZeppelin contracts and contracts-upgradeable to 4.4.1 or later.,Web3Bugs report 107.md; Code4rena report; GitHub issue 227; local JPEGd contracts,,,,,,,,
known-bug::WEB3BUGS-107-H-04,Web3Bugs-Code4rena-complement,WEB3BUGS-107-H-04,Code4rena,High,L1,2022-06-10,https://github.com/code-423n4/2022-04-jpegd-findings/issues/81,2022-04-jpegd#h-04,2022-04-jpegd,H-04,jpegd,Reentrancy issue in yVault.deposit,"yVault.deposit caches balanceBefore before safeTransferFrom, and callback-enabled tokens can reenter before the outer mint uses that stale balance.",An attacker splits a deposit and reenters during transferFrom so the outer call mints too many shares against stale balance/supply state.,Move safeTransferFrom after share calculation/effects or add reentrancy protection.,Web3Bugs report 107.md; Code4rena report; GitHub issue 81; local JPEGd contracts,,,,,,,,
known-bug::WEB3BUGS-107-H-05,Web3Bugs-Code4rena-complement,WEB3BUGS-107-H-05,Code4rena,High,O1,2022-06-10,https://github.com/code-423n4/2022-04-jpegd-findings/issues/56,2022-04-jpegd#h-05,2022-04-jpegd,H-05,jpegd,yVaultLPFarming: No guarantee JPEG currentBalance > previousBalance,YVaultLPFarming assumes current claimable/local JPEG balance never falls below previousBalance when computing new rewards.,"Farm migration, strategy migration, or reward-token handling can reduce vault.balanceOfJPEG()+local JPEG and make deposits/withdrawals revert from underflow.",Treat currentBalance <= previousBalance as no new rewards or otherwise account for shortfalls explicitly.,Web3Bugs report 107.md; Code4rena report; GitHub issue 56; local JPEGd contracts,"sheet=107 | row=42 | abl=B0 | type=FP | finding=[multi_var_cross_contract] userPendingRewards, {TMP_1305, balanceOf, rewardShare, userLastAccRewardPerShare, userPendingRewards} tx-set -> claim() • write contracts/farming/yVaultLPFarming.sol:141 (YVaultLPFarming.('claim', [], [])) • read contracts/farming/yVaultLPFarming.sol:138 (YVaultLPFarming.('claim', [], [])) | report= | comments=Note: if we want to ""hit"" this report's bugs, we must model invariants involving external balance-derived supply and monotonic snapshot variables, not just mapping read/write pairs to one another.","sheet=107 | row=42 | abl=B0 | type=FP | finding=[multi_var_cross_contract] userPendingRewards, {TMP_1305, balanceOf, rewardShare, userLastAccRewardPerShare, userPendingRewards} tx-set -> claim() • write contracts/farming/yVaultLPFarming.sol:141 (YVaultLPFarming.('claim', [], [])) • read contracts/farming/yVaultLPFarming.sol:138 (YVaultLPFarming.('claim', [], [])) | report= | comments=Note: if we want to ""hit"" this report's bugs, we must model invariants involving external balance-derived supply and monotonic snapshot variables, not just mapping read/write pairs to one another. || sheet=107 | row=171 | abl=B3 | type=FP | finding=[multi_var_cross_contract] {TMP_1305, balanceOf, rewardShare, userLastAccRewardPerShare, userPendingRewards} tx-set -> claim(), deposit(uint256) • write contracts/farming/yVaultLPFarming.sol:141 (YVaultLPFarming.('claim', [], [])) • read contracts/vaults/yVault/yVault.sol:147 (YVault.('deposit', ['uint256'], [])) | report= | comments= || sheet=107 | row=172 | abl=B3 | type=FP | finding=[multi_var_cross_contract] {TMP_1305, balanceOf, rewardShare, userLastAccRewardPerShare, userPendingRewards} tx-set -> claim(), withdraw(uint256) • write contracts/farming/yVaultLPFarming.sol:141 (YVaultLPFarming.('claim', [], [])) • read contracts/vaults/yVault/yVault.sol:169 (YVault.('withdraw', ['uint256'], [])) | report= | comments=",,,,,,
known-bug::WEB3BUGS-107-H-06,Web3Bugs-Code4rena-complement,WEB3BUGS-107-H-06,Code4rena,High,O1,2022-06-10,https://github.com/code-423n4/2022-04-jpegd-findings/issues/80,2022-04-jpegd#h-06,2022-04-jpegd,H-06,jpegd,Setting new controller can break YVaultLPFarming,yVault.setController can change the controller.balanceOfJPEG source used by YVaultLPFarming without synchronizing the farm reward checkpoint.,"A new controller reports less JPEG than the previous one, so _computeUpdate underflows and farm withdrawals/deposits fail.",Perform a coordinated migration/accrual when replacing the controller or handle balance decreases in the farm.,Web3Bugs report 107.md; Code4rena report; GitHub issue 80; local JPEGd contracts,"sheet=107 | row=42 | abl=B0 | type=FP | finding=[multi_var_cross_contract] userPendingRewards, {TMP_1305, balanceOf, rewardShare, userLastAccRewardPerShare, userPendingRewards} tx-set -> claim() • write contracts/farming/yVaultLPFarming.sol:141 (YVaultLPFarming.('claim', [], [])) • read contracts/farming/yVaultLPFarming.sol:138 (YVaultLPFarming.('claim', [], [])) | report= | comments=Note: if we want to ""hit"" this report's bugs, we must model invariants involving external balance-derived supply and monotonic snapshot variables, not just mapping read/write pairs to one another.","sheet=107 | row=42 | abl=B0 | type=FP | finding=[multi_var_cross_contract] userPendingRewards, {TMP_1305, balanceOf, rewardShare, userLastAccRewardPerShare, userPendingRewards} tx-set -> claim() • write contracts/farming/yVaultLPFarming.sol:141 (YVaultLPFarming.('claim', [], [])) • read contracts/farming/yVaultLPFarming.sol:138 (YVaultLPFarming.('claim', [], [])) | report= | comments=Note: if we want to ""hit"" this report's bugs, we must model invariants involving external balance-derived supply and monotonic snapshot variables, not just mapping read/write pairs to one another. || sheet=107 | row=171 | abl=B3 | type=FP | finding=[multi_var_cross_contract] {TMP_1305, balanceOf, rewardShare, userLastAccRewardPerShare, userPendingRewards} tx-set -> claim(), deposit(uint256) • write contracts/farming/yVaultLPFarming.sol:141 (YVaultLPFarming.('claim', [], [])) • read contracts/vaults/yVault/yVault.sol:147 (YVault.('deposit', ['uint256'], [])) | report= | comments= || sheet=107 | row=172 | abl=B3 | type=FP | finding=[multi_var_cross_contract] {TMP_1305, balanceOf, rewardShare, userLastAccRewardPerShare, userPendingRewards} tx-set -> claim(), withdraw(uint256) • write contracts/farming/yVaultLPFarming.sol:141 (YVaultLPFarming.('claim', [], [])) • read contracts/vaults/yVault/yVault.sol:169 (YVault.('withdraw', ['uint256'], [])) | report= | comments=",,,,,,
known-bug::WEB3BUGS-107-H-07,Web3Bugs-Code4rena-complement,WEB3BUGS-107-H-07,Code4rena,High,O1,2022-06-10,https://github.com/code-423n4/2022-04-jpegd-findings/issues/57,2022-04-jpegd#h-07,2022-04-jpegd,H-07,jpegd,Controller: Strategy migration will fail,Controller strategy migration calls withdraw(address(jpeg)) even though StrategyPUSDConvex rejects JPEG in its generic withdraw path.,"setStrategy reverts during migration because the strategy blacklists JPEG, preventing controller migration.",Use the strategy's withdrawJPEG path during migration.,Web3Bugs report 107.md; Code4rena report; GitHub issue 57; local JPEGd contracts,,,,,,,,
known-bug::WEB3BUGS-107-H-08,Web3Bugs-Code4rena-complement,WEB3BUGS-107-H-08,Code4rena,High,O5,2022-06-10,https://github.com/code-423n4/2022-04-jpegd-findings/issues/139,2022-04-jpegd#h-08,2022-04-jpegd,H-08,jpegd,"StrategyPUSDConvex.balanceOfJPEG uses incorrect function signature while calling extraReward.earned, causing the function to unexpectedly revert everytime",balanceOfJPEG calls extraReward.earned() without the account argument required by Convex reward pools.,"Any path depending on balanceOfJPEG reverts, making yVaultLPFarming unusable and blocking reward accounting.",Call earned(address(this)) and include the base reward pool earned amount as appropriate.,Web3Bugs report 107.md; Code4rena report; GitHub issue 139; local JPEGd contracts,,,,,,,,
known-bug::WEB3BUGS-107-H-09,Web3Bugs-Code4rena-complement,WEB3BUGS-107-H-09,Code4rena,High,SC,2022-06-10,https://github.com/code-423n4/2022-04-jpegd-findings/issues/167,2022-04-jpegd#h-09,2022-04-jpegd,H-09,jpegd,Bad debts should not continue to accrue interest,NFTVault accrues and collects interest over all totalDebtPortion without excluding positions that have become unrecoverable bad debt.,Bad debt keeps increasing totalFeeCollected; DAO collection mints stablecoin interest not backed by recoverable debt.,Track bad debt and exclude badDebtPortion from collectible interest accrual.,Web3Bugs report 107.md; Code4rena report; GitHub issue 167; local JPEGd contracts,"sheet=107 | row=7 | abl=B0 | type=FP | finding=[single_var_cross_tx] totalFeeCollected tx-set -> accrue() • write contracts/vaults/NFTVault.sol:947 (NFTVault.('collect', [], [])) • read contracts/vaults/NFTVault.sol:946 (NFTVault.('collect', [], [])) | report= | comments=Note: if we want to ""hit"" this report's bugs, we must model invariants involving external balance-derived supply and monotonic snapshot variables, not just mapping read/write pairs to one another.","sheet=107 | row=7 | abl=B0 | type=FP | finding=[single_var_cross_tx] totalFeeCollected tx-set -> accrue() • write contracts/vaults/NFTVault.sol:947 (NFTVault.('collect', [], [])) • read contracts/vaults/NFTVault.sol:946 (NFTVault.('collect', [], [])) | report= | comments=Note: if we want to ""hit"" this report's bugs, we must model invariants involving external balance-derived supply and monotonic snapshot variables, not just mapping read/write pairs to one another. || sheet=107 | row=91 | abl=B2 | type=FP | finding=[multi_var_cross_contract] totalFeeCollected, positions, positionOwner tx-set -> accrue() • write contracts/vaults/NFTVault.sol:947 (NFTVault.('collect', [], [])) • write contracts/vaults/NFTVault.sol:865 (NFTVault.('liquidate', ['uint256'], [])) • read contracts/vaults/NFTVault.sol:946 (NFTVault.('collect', [], [])) • read contracts/vaults/NFTVault.sol:866 (NFTVault.('liquidate', ['uint256'], [])) | report= | comments=",,,,,,
known-bug::WEB3BUGS-107-M-01,Web3Bugs-Code4rena-complement,WEB3BUGS-107-M-01,Code4rena,Medium,,2022-06-10,https://github.com/code-423n4/2022-04-jpegd-findings/issues/1,2022-04-jpegd#m-01,2022-04-jpegd,M-01,jpegd,"When _lpToken is jpeg, reward calculation is incorrect","LPFarming permits a pool whose staking token is the same JPEG token used for rewards, while reward accounting uses the contract token balance as lpSupply.","Minted/allocated JPEG rewards inflate lpSupply for the JPEG pool, reducing or corrupting users' reward distribution.",Reject jpeg as an lpToken or separate reward custody from staked-token balance accounting.,Web3Bugs report 107.md; Code4rena report; GitHub issue 1; local JPEGd contracts,"sheet=107 | row=34 | abl=B0 | type=FP | finding=[single_var_cross_tx] userInfo tx-set -> deposit(uint256,uint256) • write contracts/farming/LPFarming.sol:226 (LPFarming.('deposit', ['uint256', 'uint256'], [])) • read contracts/farming/LPFarming.sol:221 (LPFarming.('deposit', ['uint256', 'uint256'], [])) | report= | comments=Note: if we want to ""hit"" this report's bugs, we must model invariants involving external balance-derived supply and monotonic snapshot variables, not just mapping read/write pairs to one another. || sheet=107 | row=35 | abl=B0 | type=FP | finding=[single_var_cross_tx] userInfo tx-set -> deposit(uint256,uint256), pendingReward(uint256,address) • write contracts/farming/LPFarming.sol:226 (LPFarming.('deposit', ['uint256', 'uint256'], [])) • read contracts/farming/LPFarming.sol:185 (LPFarming.('pendingReward', ['uint256', 'address'], ['uint256'])) | report= | comments=Note: if we want to ""hit"" this report's bugs, we must model invariants involving external balance-derived supply and monotonic snapshot variables, not just mapping read/write pairs to one another. || sheet=107 | row=39 | abl=B0 | type=FP | finding=[multi_var_cross_contract] userRewards, {TMP_1206, accRewardPerShare, user, userRewards} tx-set -> claim(uint256), claimAll() • write contracts/farming/LPFarming.sol:340 (LPFarming.('claim', ['uint256'], [])) • write contracts/farming/LPFarming.sol:357 (LPFarming.('claimAll', [], [])) • read contracts/farming/LPFarming.sol:336 (LPFarming.('claim', ['uint256'], [])) • read contracts/farming/LPFarming.sol:353 (LPFarming.('claimAll', [], [])) | report= | comments=Note: if we want to ""hit"" this report's bugs, we must model invariants involving external balance-derived supply and monotonic snapshot variables, not just mapping read/write pairs to one another. || sheet=107 | row=40 | abl=B0 | type=FP | finding=[multi_var_cross_contract] userRewards, {TMP_1206, accRewardPerShare, user, userRewards} tx-set -> claim(uint256) • write contracts/farming/LPFarming.sol:340 (LPFarming.('claim', ['uint256'], [])) • read contracts/farming/LPFarming.sol:336 (LPFarming.('claim', ['uint256'], [])) | report= | comments=Note: if we want to ""hit"" this report's bugs, we must model invariants involving external balance-derived supply and monotonic snapshot variables, not just mapping read/write pairs to one another. || sheet=107 | row=41 | abl=B0 | type=FP | finding=[multi_var_cross_contract] userRewards, {TMP_1206, accRewardPerShare, user, userRewards} tx-set -> claimAll() • write contracts/farming/LPFarming.sol:357 (LPFarming.('claimAll', [], [])) • read contracts/farming/LPFarming.sol:353 (LPFarming.('claimAll', [], [])) | report= | comments=Note: if we want to ""hit"" this report's bugs, we must model invariants involving external balance-derived supply and monotonic snapshot variables, not just mapping read/write pairs to one another.","sheet=107 | row=34 | abl=B0 | type=FP | finding=[single_var_cross_tx] userInfo tx-set -> deposit(uint256,uint256) • write contracts/farming/LPFarming.sol:226 (LPFarming.('deposit', ['uint256', 'uint256'], [])) • read contracts/farming/LPFarming.sol:221 (LPFarming.('deposit', ['uint256', 'uint256'], [])) | report= | comments=Note: if we want to ""hit"" this report's bugs, we must model invariants involving external balance-derived supply and monotonic snapshot variables, not just mapping read/write pairs to one another. || sheet=107 | row=35 | abl=B0 | type=FP | finding=[single_var_cross_tx] userInfo tx-set -> deposit(uint256,uint256), pendingReward(uint256,address) • write contracts/farming/LPFarming.sol:226 (LPFarming.('deposit', ['uint256', 'uint256'], [])) • read contracts/farming/LPFarming.sol:185 (LPFarming.('pendingReward', ['uint256', 'address'], ['uint256'])) | report= | comments=Note: if we want to ""hit"" this report's bugs, we must model invariants involving external balance-derived supply and monotonic snapshot variables, not just mapping read/write pairs to one another. || sheet=107 | row=39 | abl=B0 | type=FP | finding=[multi_var_cross_contract] userRewards, {TMP_1206, accRewardPerShare, user, userRewards} tx-set -> claim(uint256), claimAll() • write contracts/farming/LPFarming.sol:340 (LPFarming.('claim', ['uint256'], [])) • write contracts/farming/LPFarming.sol:357 (LPFarming.('claimAll', [], [])) • read contracts/farming/LPFarming.sol:336 (LPFarming.('claim', ['uint256'], [])) • read contracts/farming/LPFarming.sol:353 (LPFarming.('claimAll', [], [])) | report= | comments=Note: if we want to ""hit"" this report's bugs, we must model invariants involving external balance-derived supply and monotonic snapshot variables, not just mapping read/write pairs to one another. || sheet=107 | row=40 | abl=B0 | type=FP | finding=[multi_var_cross_contract] userRewards, {TMP_1206, accRewardPerShare, user, userRewards} tx-set -> claim(uint256) • write contracts/farming/LPFarming.sol:340 (LPFarming.('claim', ['uint256'], [])) • read contracts/farming/LPFarming.sol:336 (LPFarming.('claim', ['uint256'], [])) | report= | comments=Note: if we want to ""hit"" this report's bugs, we must model invariants involving external balance-derived supply and monotonic snapshot variables, not just mapping read/write pairs to one another. || sheet=107 | row=41 | abl=B0 | type=FP | finding=[multi_var_cross_contract] userRewards, {TMP_1206, accRewardPerShare, user, userRewards} tx-set -> claimAll() • write contracts/farming/LPFarming.sol:357 (LPFarming.('claimAll', [], [])) • read contracts/farming/LPFarming.sol:353 (LPFarming.('claimAll', [], [])) | report= | comments=Note: if we want to ""hit"" this report's bugs, we must model invariants involving external balance-derived supply and monotonic snapshot variables, not just mapping read/write pairs to one another.",,,,,,
known-bug::WEB3BUGS-107-M-02,Web3Bugs-Code4rena-complement,WEB3BUGS-107-M-02,Code4rena,Medium,,2022-06-10,https://github.com/code-423n4/2022-04-jpegd-findings/issues/47,2022-04-jpegd#m-02,2022-04-jpegd,M-02,jpegd,NFTHelper Contract Allows Owner to Burn NFTs,NFT helper transfer functions do not reject address(0) as the recipient.,"The helper owner can transfer wrapped non-ERC721 NFTs to the zero address, permanently burning them.",Reject zero-address recipients in safeTransferFrom and transferFrom.,Web3Bugs report 107.md; Code4rena report; GitHub issue 47; local JPEGd contracts,,,,,,,,
known-bug::WEB3BUGS-107-M-03,Web3Bugs-Code4rena-complement,WEB3BUGS-107-M-03,Code4rena,Medium,,2022-06-10,https://github.com/code-423n4/2022-04-jpegd-findings/issues/14,2022-04-jpegd#m-03,2022-04-jpegd,M-03,jpegd,reward will be locked in the farm if no LP join the pool at epoch.startBlock,"LPFarming advances a pool's lastRewardBlock when lpSupply is zero, skipping the initial reward interval for later depositors.","If no LP is present at epoch.startBlock, the first block's rewards remain in the contract with no recovery path.",Provide a way to recover remaining rewards or avoid advancing the reward checkpoint in a way that strands rewards.,Web3Bugs report 107.md; Code4rena report; GitHub issue 14; local JPEGd contracts,,,,,,,,
known-bug::WEB3BUGS-107-M-04,Web3Bugs-Code4rena-complement,WEB3BUGS-107-M-04,Code4rena,Medium,,2022-06-10,https://github.com/code-423n4/2022-04-jpegd-findings/issues/78,2022-04-jpegd#m-04,2022-04-jpegd,M-04,jpegd,setDebtInterestApr should accrue debt first,NFTVault.setDebtInterestApr changes the debt APR without first checkpointing interest accrued under the old rate.,"The next accrue applies the new APR retroactively to the elapsed period, overcharging or undercharging borrowers.",Call accrue before updating settings.debtInterestApr.,Web3Bugs report 107.md; Code4rena report; GitHub issue 78; local JPEGd contracts,"sheet=107 | row=7 | abl=B0 | type=FP | finding=[single_var_cross_tx] totalFeeCollected tx-set -> accrue() • write contracts/vaults/NFTVault.sol:947 (NFTVault.('collect', [], [])) • read contracts/vaults/NFTVault.sol:946 (NFTVault.('collect', [], [])) | report= | comments=Note: if we want to ""hit"" this report's bugs, we must model invariants involving external balance-derived supply and monotonic snapshot variables, not just mapping read/write pairs to one another.","sheet=107 | row=7 | abl=B0 | type=FP | finding=[single_var_cross_tx] totalFeeCollected tx-set -> accrue() • write contracts/vaults/NFTVault.sol:947 (NFTVault.('collect', [], [])) • read contracts/vaults/NFTVault.sol:946 (NFTVault.('collect', [], [])) | report= | comments=Note: if we want to ""hit"" this report's bugs, we must model invariants involving external balance-derived supply and monotonic snapshot variables, not just mapping read/write pairs to one another.",,,,,,
known-bug::WEB3BUGS-107-M-05,Web3Bugs-Code4rena-complement,WEB3BUGS-107-M-05,Code4rena,Medium,,2022-06-10,https://github.com/code-423n4/2022-04-jpegd-findings/issues/19,2022-04-jpegd#m-05,2022-04-jpegd,M-05,jpegd,Rewards will be locked if user transfer directly to pool without using deposit function,LPFarming calculates lpSupply from pool.lpToken.balanceOf(address(this)) rather than recorded userInfo.amount totals.,"A direct LP token transfer increases contract balance without credited stake, diluting real depositors and leaving rewards locked.",Track totalLPSupply from deposits/withdrawals and use that recorded supply for rewards.,Web3Bugs report 107.md; Code4rena report; GitHub issue 19; local JPEGd contracts,"sheet=107 | row=35 | abl=B0 | type=FP | finding=[single_var_cross_tx] userInfo tx-set -> deposit(uint256,uint256), pendingReward(uint256,address) • write contracts/farming/LPFarming.sol:226 (LPFarming.('deposit', ['uint256', 'uint256'], [])) • read contracts/farming/LPFarming.sol:185 (LPFarming.('pendingReward', ['uint256', 'address'], ['uint256'])) | report= | comments=Note: if we want to ""hit"" this report's bugs, we must model invariants involving external balance-derived supply and monotonic snapshot variables, not just mapping read/write pairs to one another. || sheet=107 | row=36 | abl=B0 | type=FP | finding=[single_var_cross_tx] userInfo tx-set -> deposit(uint256,uint256), withdraw(uint256,uint256) • write contracts/farming/LPFarming.sol:248 (LPFarming.('withdraw', ['uint256', 'uint256'], [])) • write contracts/farming/LPFarming.sol:226 (LPFarming.('deposit', ['uint256', 'uint256'], [])) • read contracts/farming/LPFarming.sol:221 (LPFarming.('deposit', ['uint256', 'uint256'], [])) • read contracts/farming/LPFarming.sol:242 (LPFarming.('withdraw', ['uint256', 'uint256'], [])) | report= | comments=Note: if we want to ""hit"" this report's bugs, we must model invariants involving external balance-derived supply and monotonic snapshot variables, not just mapping read/write pairs to one another. || sheet=107 | row=37 | abl=B0 | type=FP | finding=[single_var_cross_tx] userInfo tx-set -> pendingReward(uint256,address), withdraw(uint256,uint256) • write contracts/farming/LPFarming.sol:248 (LPFarming.('withdraw', ['uint256', 'uint256'], [])) • read contracts/farming/LPFarming.sol:185 (LPFarming.('pendingReward', ['uint256', 'address'], ['uint256'])) | report= | comments=Note: if we want to ""hit"" this report's bugs, we must model invariants involving external balance-derived supply and monotonic snapshot variables, not just mapping read/write pairs to one another. || sheet=107 | row=38 | abl=B0 | type=FP | finding=[single_var_cross_tx] userInfo tx-set -> withdraw(uint256,uint256) • write contracts/farming/LPFarming.sol:248 (LPFarming.('withdraw', ['uint256', 'uint256'], [])) • read contracts/farming/LPFarming.sol:242 (LPFarming.('withdraw', ['uint256', 'uint256'], [])) | report= | comments=Note: if we want to ""hit"" this report's bugs, we must model invariants involving external balance-derived supply and monotonic snapshot variables, not just mapping read/write pairs to one another. || sheet=107 | row=39 | abl=B0 | type=FP | finding=[multi_var_cross_contract] userRewards, {TMP_1206, accRewardPerShare, user, userRewards} tx-set -> claim(uint256), claimAll() • write contracts/farming/LPFarming.sol:340 (LPFarming.('claim', ['uint256'], [])) • write contracts/farming/LPFarming.sol:357 (LPFarming.('claimAll', [], [])) • read contracts/farming/LPFarming.sol:336 (LPFarming.('claim', ['uint256'], [])) • read contracts/farming/LPFarming.sol:353 (LPFarming.('claimAll', [], [])) | report= | comments=Note: if we want to ""hit"" this report's bugs, we must model invariants involving external balance-derived supply and monotonic snapshot variables, not just mapping read/write pairs to one another.","sheet=107 | row=35 | abl=B0 | type=FP | finding=[single_var_cross_tx] userInfo tx-set -> deposit(uint256,uint256), pendingReward(uint256,address) • write contracts/farming/LPFarming.sol:226 (LPFarming.('deposit', ['uint256', 'uint256'], [])) • read contracts/farming/LPFarming.sol:185 (LPFarming.('pendingReward', ['uint256', 'address'], ['uint256'])) | report= | comments=Note: if we want to ""hit"" this report's bugs, we must model invariants involving external balance-derived supply and monotonic snapshot variables, not just mapping read/write pairs to one another. || sheet=107 | row=36 | abl=B0 | type=FP | finding=[single_var_cross_tx] userInfo tx-set -> deposit(uint256,uint256), withdraw(uint256,uint256) • write contracts/farming/LPFarming.sol:248 (LPFarming.('withdraw', ['uint256', 'uint256'], [])) • write contracts/farming/LPFarming.sol:226 (LPFarming.('deposit', ['uint256', 'uint256'], [])) • read contracts/farming/LPFarming.sol:221 (LPFarming.('deposit', ['uint256', 'uint256'], [])) • read contracts/farming/LPFarming.sol:242 (LPFarming.('withdraw', ['uint256', 'uint256'], [])) | report= | comments=Note: if we want to ""hit"" this report's bugs, we must model invariants involving external balance-derived supply and monotonic snapshot variables, not just mapping read/write pairs to one another. || sheet=107 | row=37 | abl=B0 | type=FP | finding=[single_var_cross_tx] userInfo tx-set -> pendingReward(uint256,address), withdraw(uint256,uint256) • write contracts/farming/LPFarming.sol:248 (LPFarming.('withdraw', ['uint256', 'uint256'], [])) • read contracts/farming/LPFarming.sol:185 (LPFarming.('pendingReward', ['uint256', 'address'], ['uint256'])) | report= | comments=Note: if we want to ""hit"" this report's bugs, we must model invariants involving external balance-derived supply and monotonic snapshot variables, not just mapping read/write pairs to one another. || sheet=107 | row=38 | abl=B0 | type=FP | finding=[single_var_cross_tx] userInfo tx-set -> withdraw(uint256,uint256) • write contracts/farming/LPFarming.sol:248 (LPFarming.('withdraw', ['uint256', 'uint256'], [])) • read contracts/farming/LPFarming.sol:242 (LPFarming.('withdraw', ['uint256', 'uint256'], [])) | report= | comments=Note: if we want to ""hit"" this report's bugs, we must model invariants involving external balance-derived supply and monotonic snapshot variables, not just mapping read/write pairs to one another. || sheet=107 | row=39 | abl=B0 | type=FP | finding=[multi_var_cross_contract] userRewards, {TMP_1206, accRewardPerShare, user, userRewards} tx-set -> claim(uint256), claimAll() • write contracts/farming/LPFarming.sol:340 (LPFarming.('claim', ['uint256'], [])) • write contracts/farming/LPFarming.sol:357 (LPFarming.('claimAll', [], [])) • read contracts/farming/LPFarming.sol:336 (LPFarming.('claim', ['uint256'], [])) • read contracts/farming/LPFarming.sol:353 (LPFarming.('claimAll', [], [])) | report= | comments=Note: if we want to ""hit"" this report's bugs, we must model invariants involving external balance-derived supply and monotonic snapshot variables, not just mapping read/write pairs to one another.",,,,,,
known-bug::WEB3BUGS-107-M-06,Web3Bugs-Code4rena-complement,WEB3BUGS-107-M-06,Code4rena,Medium,,2022-06-10,https://github.com/code-423n4/2022-04-jpegd-findings/issues/54,2022-04-jpegd#m-06,2022-04-jpegd,M-06,jpegd,Oracle data feed is insufficiently validated.,FungibleAssetVaultForDAO reads Chainlink latestAnswer without stale-round or round-completion validation.,A stale or incomplete oracle answer can feed wrong collateral pricing into credit and accounting decisions.,"Use latestRoundData and validate answeredInRound, timestamp, and positive answer.",Web3Bugs report 107.md; Code4rena report; GitHub issue 54; local JPEGd contracts,,,,,,,,
known-bug::WEB3BUGS-107-M-07,Web3Bugs-Code4rena-complement,WEB3BUGS-107-M-07,Code4rena,Medium,,2022-06-10,https://github.com/code-423n4/2022-04-jpegd-findings/issues/117,2022-04-jpegd#m-07,2022-04-jpegd,M-07,jpegd,Wrong calculation for yVault price per share if decimals != 18,yVault.getPricePerFullShare hardcodes 1e18 instead of using the underlying token decimals.,"For non-18-decimal vault tokens, price per share is scaled incorrectly and can mislead integrations or payouts.",Use 10**decimals() or reject unsupported decimals.,Web3Bugs report 107.md; Code4rena report; GitHub issue 117; local JPEGd contracts,,,,,,,,
known-bug::WEB3BUGS-107-M-08,Web3Bugs-Code4rena-complement,WEB3BUGS-107-M-08,Code4rena,Medium,,2022-06-10,https://github.com/code-423n4/2022-04-jpegd-findings/issues/157,2022-04-jpegd#m-08,2022-04-jpegd,M-08,jpegd,_swapUniswapV2 may use an improper path which can cause a loss of the majority of the rewardTokens,StrategyPUSDConvex hardcodes a two-hop rewardToken -> WETH swap path and uses minOut zero for reward-token swaps.,"If liquidity is mainly on a different route, harvesting can sell rewards for dust and lose value.",Allow configurable swap paths and appropriate slippage controls.,Web3Bugs report 107.md; Code4rena report; GitHub issue 157; local JPEGd contracts,,,,,,,,
known-bug::WEB3BUGS-107-M-09,Web3Bugs-Code4rena-complement,WEB3BUGS-107-M-09,Code4rena,Medium,,2022-06-10,https://github.com/code-423n4/2022-04-jpegd-findings/issues/11,2022-04-jpegd#m-09,2022-04-jpegd,M-09,jpegd,The noContract modifier does not work as expected.,"noContract relies on Address.isContract, which returns false during a contract constructor.",A contract can call protected functions from its constructor and bypass the intended EOA/whitelist gate.,"Use tx.origin if that trust model is intended, or redesign the restriction.",Web3Bugs report 107.md; Code4rena report; GitHub issue 11; local JPEGd contracts,,,,,,,,
known-bug::WEB3BUGS-107-M-10,Web3Bugs-Code4rena-complement,WEB3BUGS-107-M-10,Code4rena,Medium,,2022-06-10,https://github.com/code-423n4/2022-04-jpegd-findings/issues/4,2022-04-jpegd#m-10,2022-04-jpegd,M-10,jpegd,Chainlink pricer is using a deprecated API,FungibleAssetVaultForDAO and NFTVault use Chainlink latestAnswer rather than latestRoundData with freshness checks.,Deprecated/stale oracle answers can be consumed in collateral pricing.,Use latestRoundData and validate answer freshness/completeness.,Web3Bugs report 107.md; Code4rena report; GitHub issue 4; local JPEGd contracts,,,,,,,,
known-bug::WEB3BUGS-107-M-11,Web3Bugs-Code4rena-complement,WEB3BUGS-107-M-11,Code4rena,Medium,,2022-06-10,https://github.com/code-423n4/2022-04-jpegd-findings/issues/97,2022-04-jpegd#m-11,2022-04-jpegd,M-11,jpegd,Division before Multiplication May Result In No Interest Being Accrued,"NFTVault._calculateAdditionalInterest divides interestPerYear by 365 days before multiplying by elapsedTime, causing rounding to zero or understatement.",Small-decimal or low-rate debt can accrue no interest or too little interest.,Multiply by elapsedTime before dividing by the denominator and 365 days.,Web3Bugs report 107.md; Code4rena report; GitHub issue 97; local JPEGd contracts,,,,,,,,
known-bug::WEB3BUGS-71-H-01,Web3Bugs-Code4rena-complement,WEB3BUGS-71-H-01,Code4rena,High,SE-2,2022-03-15,https://github.com/code-423n4/2022-01-insure-findings/issues/158,2022-01-insure#h-01,2022-01-insure,H-01,insure,Tokens can be burned with no access control,Vault.utilize() allows any caller when keeper is unset and can transfer available tokens to a zero or arbitrary controller path.,"Call utilize() before keeper/controller are safely configured, or rely on the unsafe controller state, to move available tokens out of the vault.",Require a nonzero controller and explicit keeper/authorization before utilization.,Web3Bugs report 71.md; Code4rena report; GitHub issue 158; Vault.sol,,,,,,,,
known-bug::WEB3BUGS-71-H-02,Web3Bugs-Code4rena-complement,WEB3BUGS-71-H-02,Code4rena,High,O5,2022-03-15,https://github.com/code-423n4/2022-01-insure-findings/issues/192,2022-01-insure#h-02,2022-01-insure,H-02,insure,Typo in PoolTemplate unlock function results in user being able to unlock multiple times,"PoolTemplate.unlock() compares insurance status to false instead of assigning it, so active policy state remains true while lockedAmount is reduced.",Call unlock() repeatedly for the same expired insurance; lockedAmount is decremented each time while the insurance stays active.,Set insurances[_id].status = false before decrementing lockedAmount.,Web3Bugs report 71.md; Code4rena report; GitHub issue 192; PoolTemplate.sol,,,,,,,,
known-bug::WEB3BUGS-71-H-03,Web3Bugs-Code4rena-complement,WEB3BUGS-71-H-03,Code4rena,High,S2-1,2022-03-15,https://github.com/code-423n4/2022-01-insure-findings/issues/224,2022-01-insure#h-03,2022-01-insure,H-03,insure,Malicious Market Creators Can Steal Tokens From Unsuspecting Approved Reference Accounts,"Open market creation lets a creator choose _references[4] as the depositor, causing PoolTemplate.initialize() to pull approved funds from that address.","Frontrun market creation with victim as _references[4], making _depositFrom() transfer victim-approved tokens into an unwanted market.",Bind the initial depositor to the market creator or otherwise require depositor authorization.,Web3Bugs report 71.md; Code4rena report; GitHub issue 224; Factory.sol; PoolTemplate.sol; Vault.sol,,,,,,,,
known-bug::WEB3BUGS-71-H-04,Web3Bugs-Code4rena-complement,WEB3BUGS-71-H-04,Code4rena,High,S4-1,2022-03-15,https://github.com/code-423n4/2022-01-insure-findings/issues/250,2022-01-insure#h-04,2022-01-insure,H-04,insure,Initial pool deposit can be stolen,PoolTemplate.initialize() accepts an arbitrary _references[4] initial depositor during unrestricted market creation.,Create a market before the intended creator and use the victim-approved depositor address so the vault pulls the victim tokens.,Set the initial depositor from Factory.createMarket msg.sender or require explicit depositor approval for the exact market.,Web3Bugs report 71.md; Code4rena report; GitHub issue 250; Factory.sol; PoolTemplate.sol; Vault.sol,,,,,,,,
known-bug::WEB3BUGS-71-H-05,Web3Bugs-Code4rena-complement,WEB3BUGS-71-H-05,Code4rena,High,O1,2022-03-15,https://github.com/code-423n4/2022-01-insure-findings/issues/252,2022-01-insure#h-05,2022-01-insure,H-05,insure,backdoor in withdrawRedundant,Vault.withdrawRedundant() falls through to transfer the full underlying token balance when balance is not below actual token balance.,Owner calls withdrawRedundant() for the underlying token and drains funds through the broad else-if branch.,Never allow withdrawRedundant() to transfer accounted underlying balance; restrict it to true surplus tokens.,Web3Bugs report 71.md; Code4rena report; GitHub issue 252; Vault.sol,,,,,,,,
known-bug::WEB3BUGS-71-H-06,Web3Bugs-Code4rena-complement,WEB3BUGS-71-H-06,Code4rena,High,O3,2022-03-15,https://github.com/code-423n4/2022-01-insure-findings/issues/263,2022-01-insure#h-06,2022-01-insure,H-06,insure,the first depositor to a pool can drain all users,"Pool share minting prices deposits from originalLiquidity and totalSupply, but vault attributions can be transferred directly to the pool without minting matching pool shares.","First depositor mints one share, transfers large vault attributions to the pool, then later deposits round to zero shares while the first depositor owns all supply.",Mint/burn shares for attribution transfers or reject deposits that mint zero shares; consider minimum initial liquidity.,Web3Bugs report 71.md; Code4rena report; GitHub issue 263; PoolTemplate.sol; Vault.sol,,,,,,,,
known-bug::WEB3BUGS-71-H-07,Web3Bugs-Code4rena-complement,WEB3BUGS-71-H-07,Code4rena,High,O1,2022-03-15,https://github.com/code-423n4/2022-01-insure-findings/issues/266,2022-01-insure#h-07,2022-01-insure,H-07,insure,Wrong design/implementation of permission control allows malicious/compromised Registry or Factory admin to steal funds from users' wallet balances,"Registry or Factory authority can register a malicious market, and onlyMarket then lets that market pull arbitrary approved user funds through Vault.addValue().","Privileged admin registers an attacker market, calls addValue() from victims with approvals, then withdraws the resulting attributions.",Do not let market contracts spend arbitrary user allowances; bind deposits to user-initiated calls or add tighter market constraints.,Web3Bugs report 71.md; Code4rena report; GitHub issue 266; Registry.sol; Vault.sol,sheet=71 | row=2 | abl=B0 | type=TP | finding=[single_var_cross_tx] markets  tx-set -> supportMarket(address) | report=https://github.com/code-423n4/2022-01-insure-findings/issues/266 | comments=[H-07],sheet=71 | row=2 | abl=B0 | type=TP | finding=[single_var_cross_tx] markets  tx-set -> supportMarket(address) | report=https://github.com/code-423n4/2022-01-insure-findings/issues/266 | comments=[H-07] || sheet=71 | row=8 | abl=B1 | type=TP | finding=[single_var_cross_tx] markets  tx-set -> supportMarket(address) | report=https://github.com/code-423n4/2022-01-insure-findings/issues/266 | comments=[H-07] || sheet=71 | row=14 | abl=B2 | type=TP | finding=[single_var_cross_tx] markets  tx-set -> supportMarket(address) | report=https://github.com/code-423n4/2022-01-insure-findings/issues/266 | comments=[H-07] || sheet=71 | row=20 | abl=B3 | type=TP | finding=[single_var_cross_tx] markets  tx-set -> supportMarket(address) | report=https://github.com/code-423n4/2022-01-insure-findings/issues/266 | comments=[H-07] || sheet=71 | row=26 | abl=B6 | type=TP | finding=[single_var_cross_tx] markets  tx-set -> supportMarket(address) | report=https://github.com/code-423n4/2022-01-insure-findings/issues/266 | comments=[H-07],,,,,,
known-bug::WEB3BUGS-71-H-08,Web3Bugs-Code4rena-complement,WEB3BUGS-71-H-08,Code4rena,High,L2,2022-03-15,https://github.com/code-423n4/2022-01-insure-findings/issues/269,2022-01-insure#h-08,2022-01-insure,H-08,insure,IndexTemplate.sol#compensate() will most certainly fail,"Compensation converts between underlying amount and attribution shares with precision loss, so the later offsetDebt() may see insufficient underlying value.","During resume/compensate, rounding makes the actual transferred value lower than the claimed compensation and the debt offset reverts.",Measure the actual received/underlying value before offsetting debt.,Web3Bugs report 71.md; Code4rena report; GitHub issue 269; IndexTemplate.sol; Vault.sol,,,,,,,,
known-bug::WEB3BUGS-71-H-09,Web3Bugs-Code4rena-complement,WEB3BUGS-71-H-09,Code4rena,High,O1,2022-03-15,https://github.com/code-423n4/2022-01-insure-findings/issues/271,2022-01-insure#h-09,2022-01-insure,H-09,insure,Vault#setController() owner of the Vault contracts can drain funds from the Vault,Vault owner can set an arbitrary controller and utilize/migrate funds into that controller.,"Owner sets a malicious controller, calls utilize(), and withdraws funds from the malicious controller.",Timelock or constrain controller changes and migrations.,Web3Bugs report 71.md; Code4rena report; GitHub issue 271; Vault.sol,,,,,,,,
known-bug::WEB3BUGS-71-H-10,Web3Bugs-Code4rena-complement,WEB3BUGS-71-H-10,Code4rena,High,O1,2022-03-15,https://github.com/code-423n4/2022-01-insure-findings/issues/272,2022-01-insure#h-10,2022-01-insure,H-10,insure,A malicious/compromised Registry or Factory admin can drain all the funds from the Vault contracts,"Registered markets can borrow arbitrary vault value, so a malicious market registered by Registry/Factory authority can drain the vault.",Privileged admin registers malicious market and calls Vault.borrowValue() to transfer vault funds to attacker.,Constrain market registration and add borrowing limits/authorization in Vault.borrowValue().,Web3Bugs report 71.md; Code4rena report; GitHub issue 272; Registry.sol; Vault.sol,"sheet=71 | row=6 | abl=B0 | type=TP | finding=[single_var_cross_tx] debts  tx-set -> borrowValue(uint256,address), repayDebt(uint256,address) | report=https://github.com/code-423n4/2022-01-insure-findings/issues/272 https://github.com/code-423n4/2022-01-insure-findings/issues/126 | comments=[H-10], [M-01]","sheet=71 | row=6 | abl=B0 | type=TP | finding=[single_var_cross_tx] debts  tx-set -> borrowValue(uint256,address), repayDebt(uint256,address) | report=https://github.com/code-423n4/2022-01-insure-findings/issues/272 https://github.com/code-423n4/2022-01-insure-findings/issues/126 | comments=[H-10], [M-01] || sheet=71 | row=10 | abl=B1 | type=TP | finding=[single_var_cross_tx] debts  tx-set -> borrowValue(uint256,address), repayDebt(uint256,address) | report=https://github.com/code-423n4/2022-01-insure-findings/issues/272 https://github.com/code-423n4/2022-01-insure-findings/issues/126 | comments=[H-10], [M-01] || sheet=71 | row=17 | abl=B2 | type=TP | finding=[single_var_cross_tx] debts  tx-set -> borrowValue(uint256,address), repayDebt(uint256,address) | report=https://github.com/code-423n4/2022-01-insure-findings/issues/272 https://github.com/code-423n4/2022-01-insure-findings/issues/126 | comments=[H-10], [M-01] || sheet=71 | row=24 | abl=B3 | type=TP | finding=[single_var_cross_tx] debts  tx-set -> borrowValue(uint256,address), repayDebt(uint256,address) | report=https://github.com/code-423n4/2022-01-insure-findings/issues/272 https://github.com/code-423n4/2022-01-insure-findings/issues/126 | comments=[H-10], [M-01] || sheet=71 | row=27 | abl=B6 | type=TP | finding=[single_var_cross_tx] debts  tx-set -> borrowValue(uint256,address), repayDebt(uint256,address) | report=https://github.com/code-423n4/2022-01-insure-findings/issues/272 https://github.com/code-423n4/2022-01-insure-findings/issues/126 | comments=[H-10], [M-01]",,,,,,
known-bug::WEB3BUGS-71-H-11,Web3Bugs-Code4rena-complement,WEB3BUGS-71-H-11,Code4rena,High,S6-4,2022-03-15,https://github.com/code-423n4/2022-01-insure-findings/issues/283,2022-01-insure#h-11,2022-01-insure,H-11,insure,PoolTemplate.sol#resume() Wrong implementation of resume() will compensate overmuch redeem amount from index pools,PoolTemplate.resume() divides by the index share instead of multiplying by it when computing each index redeem amount.,Resume overcharges particular index pools or underflows shortage arithmetic during compensation.,Compute each index deduction as deductionFromIndex * shareOfIndex / scale.,Web3Bugs report 71.md; Code4rena report; GitHub issue 283; PoolTemplate.sol; IndexTemplate.sol,,,,,,,,
known-bug::WEB3BUGS-71-H-12,Web3Bugs-Code4rena-complement,WEB3BUGS-71-H-12,Code4rena,High,S5-2,2022-03-15,https://github.com/code-423n4/2022-01-insure-findings/issues/278,2022-01-insure#h-12,2022-01-insure,H-12,insure,IndexTemplate.sol Wrong implementation allows lp of the index pool to resume a locked PayingOut pool and escape the responsibility for the compensation,"IndexTemplate.resume() checks only pool paused flags, not whether allocated pools are still in Payingout status.","An LP calls resume() while an allocated pool is Payingout, unlocks the index, then withdraws before compensation is charged.",Require every allocated pool marketStatus to be Trading before clearing index locked.,Web3Bugs report 71.md; Code4rena report; GitHub issue 278; IndexTemplate.sol; PoolTemplate.sol,,,,,,,,
known-bug::WEB3BUGS-71-H-13,Web3Bugs-Code4rena-complement,WEB3BUGS-71-H-13,Code4rena,High,O1,2022-03-15,https://github.com/code-423n4/2022-01-insure-findings/issues/281,2022-01-insure#h-13,2022-01-insure,H-13,insure,Admin of the index pool can withdrawCredit() after applyCover() to avoid taking loss for the compensation paid for a certain pool,"PoolTemplate.withdrawCredit() does not require Trading status, so index credit can be removed after applyCover() has entered Payingout.","After incident application, the index withdraws its credit and pending premium; resume later sees zero credit and does not charge that index for compensation.",Require marketStatus == Trading in withdrawCredit().,Web3Bugs report 71.md; Code4rena report; GitHub issue 281; PoolTemplate.sol; IndexTemplate.sol,,,,,,,,
known-bug::WEB3BUGS-71-M-01,Web3Bugs-Code4rena-complement,WEB3BUGS-71-M-01,Code4rena,Medium,,2022-03-15,https://github.com/code-423n4/2022-01-insure-findings/issues/126,2022-01-insure#m-01,2022-01-insure,M-01,insure,repayDebt in Vault.sol could DOS functionality for markets,"Vault.repayDebt() can reduce totalDebt independently of the remaining per-market debts, so later market debt operations can underflow.",A third party repays target debts in a sequence that leaves other borrowers' debts inconsistent with totalDebt; later borrow/offset paths fail when decreasing totalDebt.,Limit repayment to the selected borrower's outstanding debt and preserve totalDebt as the aggregate of all debts.,Web3Bugs report 71.md; Code4rena report; GitHub issue 126; Vault.sol,"sheet=71 | row=3 | abl=B0 | type=TP | finding=[single_var_cross_tx] debts  tx-set -> offsetDebt(uint256,address), repayDebt(uint256,address) | report=https://github.com/code-423n4/2022-01-insure-findings/issues/228 https://github.com/code-423n4/2022-01-insure-findings/issues/126 | comments=[M-04], [M-01] || sheet=71 | row=5 | abl=B0 | type=FP | finding=[single_var_cross_tx] debts  tx-set -> repayDebt(uint256,address) | report= | comments=Very close to [M-01], but doesn't isolate the multi-var invariant || sheet=71 | row=6 | abl=B0 | type=TP | finding=[single_var_cross_tx] debts  tx-set -> borrowValue(uint256,address), repayDebt(uint256,address) | report=https://github.com/code-423n4/2022-01-insure-findings/issues/272 https://github.com/code-423n4/2022-01-insure-findings/issues/126 | comments=[H-10], [M-01]","sheet=71 | row=3 | abl=B0 | type=TP | finding=[single_var_cross_tx] debts  tx-set -> offsetDebt(uint256,address), repayDebt(uint256,address) | report=https://github.com/code-423n4/2022-01-insure-findings/issues/228 https://github.com/code-423n4/2022-01-insure-findings/issues/126 | comments=[M-04], [M-01] || sheet=71 | row=5 | abl=B0 | type=FP | finding=[single_var_cross_tx] debts  tx-set -> repayDebt(uint256,address) | report= | comments=Very close to [M-01], but doesn't isolate the multi-var invariant || sheet=71 | row=6 | abl=B0 | type=TP | finding=[single_var_cross_tx] debts  tx-set -> borrowValue(uint256,address), repayDebt(uint256,address) | report=https://github.com/code-423n4/2022-01-insure-findings/issues/272 https://github.com/code-423n4/2022-01-insure-findings/issues/126 | comments=[H-10], [M-01] || sheet=71 | row=9 | abl=B1 | type=TP | finding=[single_var_cross_tx] debts  tx-set -> offsetDebt(uint256,address), repayDebt(uint256,address) | report=https://github.com/code-423n4/2022-01-insure-findings/issues/228 https://github.com/code-423n4/2022-01-insure-findings/issues/126 | comments=[M-04], [M-01] || sheet=71 | row=10 | abl=B1 | type=TP | finding=[single_var_cross_tx] debts  tx-set -> borrowValue(uint256,address), repayDebt(uint256,address) | report=https://github.com/code-423n4/2022-01-insure-findings/issues/272 https://github.com/code-423n4/2022-01-insure-findings/issues/126 | comments=[H-10], [M-01] || sheet=71 | row=12 | abl=B1 | type=FP | finding=[single_var_cross_tx] debts  tx-set -> repayDebt(uint256,address) | report= | comments=Very close to [M-01], but doesn't isolate the multi-var invariant || sheet=71 | row=17 | abl=B2 | type=TP | finding=[single_var_cross_tx] debts  tx-set -> borrowValue(uint256,address), repayDebt(uint256,address) | report=https://github.com/code-423n4/2022-01-insure-findings/issues/272 https://github.com/code-423n4/2022-01-insure-findings/issues/126 | comments=[H-10], [M-01] || sheet=71 | row=18 | abl=B2 | type=TP | finding=[single_var_cross_tx] debts  tx-set -> offsetDebt(uint256,address), repayDebt(uint256,address) | report=https://github.com/code-423n4/2022-01-insure-findings/issues/228 https://github.com/code-423n4/2022-01-insure-findings/issues/126 | comments=[M-04], [M-01] || sheet=71 | row=22 | abl=B3 | type=TP | finding=[single_var_cross_tx] debts  tx-set -> offsetDebt(uint256,address), repayDebt(uint256,address) | report=https://github.com/code-423n4/2022-01-insure-findings/issues/228 https://github.com/code-423n4/2022-01-insure-findings/issues/126 | comments=[M-04], [M-01] || sheet=71 | row=23 | abl=B3 | type=FP | finding=[single_var_cross_tx] debts  tx-set -> repayDebt(uint256,address) | report= | comments=Very close to [M-01], but doesn't isolate the multi-var invariant || sheet=71 | row=24 | abl=B3 | type=TP | finding=[single_var_cross_tx] debts  tx-set -> borrowValue(uint256,address), repayDebt(uint256,address) | report=https://github.com/code-423n4/2022-01-insure-findings/issues/272 https://github.com/code-423n4/2022-01-insure-findings/issues/126 | comments=[H-10], [M-01] || sheet=71 | row=27 | abl=B6 | type=TP | finding=[single_var_cross_tx] debts  tx-set -> borrowValue(uint256,address), repayDebt(uint256,address) | report=https://github.com/code-423n4/2022-01-insure-findings/issues/272 https://github.com/code-423n4/2022-01-insure-findings/issues/126 | comments=[H-10], [M-01] || sheet=71 | row=28 | abl=B6 | type=TP | finding=[single_var_cross_tx] debts  tx-set -> offsetDebt(uint256,address), repayDebt(uint256,address) | report=https://github.com/code-423n4/2022-01-insure-findings/issues/228 https://github.com/code-423n4/2022-01-insure-findings/issues/126 | comments=[M-04], [M-01] || sheet=71 | row=29 | abl=B6 | type=FP | finding=[single_var_cross_tx] debts  tx-set -> repayDebt(uint256,address) | report= | comments=Very close to [M-01], but doesn't isolate the multi-var invariant",,,,,,
known-bug::WEB3BUGS-71-M-02,Web3Bugs-Code4rena-complement,WEB3BUGS-71-M-02,Code4rena,Medium,,2022-03-15,https://github.com/code-423n4/2022-01-insure-findings/issues/160,2022-01-insure#m-02,2022-01-insure,M-02,insure,Owner can call applyCover multiple times in PoolTemplate.sol,"PoolTemplate.applyCover() lacks a Trading-state guard, so the owner can re-enter the same payout state and extend pendingEnd repeatedly.","Owner calls applyCover() while already Payingout, extending the payout period and preventing resume().",Require marketStatus == Trading before applying cover.,Web3Bugs report 71.md; Code4rena report; GitHub issue 160; PoolTemplate.sol,,,,,,,,
known-bug::WEB3BUGS-71-M-03,Web3Bugs-Code4rena-complement,WEB3BUGS-71-M-03,Code4rena,Medium,,2022-03-15,https://github.com/code-423n4/2022-01-insure-findings/issues/184,2022-01-insure#m-03,2022-01-insure,M-03,insure,Signature replay,"Redeem proof binding uses target and insured only, so a future incident timestamp can let a later insurance reuse the same proof.","If the owner creates a future-dated incident, a user can buy matching cover afterward and redeem against the old proof.",Validate incidentTimestamp is in the past and bind proof data tightly to the relevant policy/incident.,Web3Bugs report 71.md; Code4rena report; GitHub issue 184; PoolTemplate.sol,,,,,,,,
known-bug::WEB3BUGS-71-M-04,Web3Bugs-Code4rena-complement,WEB3BUGS-71-M-04,Code4rena,Medium,,2022-03-15,https://github.com/code-423n4/2022-01-insure-findings/issues/228,2022-01-insure#m-04,2022-01-insure,M-04,insure,System Debt Is Not Handled When Insurance Pools Become Insolvent,"When resume() cannot cover a shortage, Vault.transferDebt() moves market debt to debts[address(0)] without a real synchronized repayment/settlement mechanism.","After an insolvent payout path, shortage debt becomes system debt and remains outside an effective repayment flow, destabilizing vault debt accounting.","Add a concrete mechanism to settle system debt, such as a protocol backstop/mint path, and keep debt accounting synchronized.",Web3Bugs report 71.md; Code4rena report; GitHub issue 228; PoolTemplate.sol; Vault.sol; IndexTemplate.sol,"sheet=71 | row=3 | abl=B0 | type=TP | finding=[single_var_cross_tx] debts  tx-set -> offsetDebt(uint256,address), repayDebt(uint256,address) | report=https://github.com/code-423n4/2022-01-insure-findings/issues/228 https://github.com/code-423n4/2022-01-insure-findings/issues/126 | comments=[M-04], [M-01] || sheet=71 | row=4 | abl=B0 | type=TP | finding=[single_var_cross_tx] debts  tx-set -> repayDebt(uint256,address), transferDebt(uint256) | report=https://github.com/code-423n4/2022-01-insure-findings/issues/228 | comments=Cleanest match to [M-04]","sheet=71 | row=3 | abl=B0 | type=TP | finding=[single_var_cross_tx] debts  tx-set -> offsetDebt(uint256,address), repayDebt(uint256,address) | report=https://github.com/code-423n4/2022-01-insure-findings/issues/228 https://github.com/code-423n4/2022-01-insure-findings/issues/126 | comments=[M-04], [M-01] || sheet=71 | row=4 | abl=B0 | type=TP | finding=[single_var_cross_tx] debts  tx-set -> repayDebt(uint256,address), transferDebt(uint256) | report=https://github.com/code-423n4/2022-01-insure-findings/issues/228 | comments=Cleanest match to [M-04] || sheet=71 | row=9 | abl=B1 | type=TP | finding=[single_var_cross_tx] debts  tx-set -> offsetDebt(uint256,address), repayDebt(uint256,address) | report=https://github.com/code-423n4/2022-01-insure-findings/issues/228 https://github.com/code-423n4/2022-01-insure-findings/issues/126 | comments=[M-04], [M-01] || sheet=71 | row=11 | abl=B1 | type=TP | finding=[single_var_cross_tx] debts  tx-set -> repayDebt(uint256,address), transferDebt(uint256) | report=https://github.com/code-423n4/2022-01-insure-findings/issues/228 | comments=Cleanest match to [M-04] || sheet=71 | row=15 | abl=B2 | type=TP | finding=[single_var_cross_tx] debts  tx-set -> repayDebt(uint256,address), transferDebt(uint256) | report=https://github.com/code-423n4/2022-01-insure-findings/issues/228 | comments=Cleanest match to [M-04] || sheet=71 | row=18 | abl=B2 | type=TP | finding=[single_var_cross_tx] debts  tx-set -> offsetDebt(uint256,address), repayDebt(uint256,address) | report=https://github.com/code-423n4/2022-01-insure-findings/issues/228 https://github.com/code-423n4/2022-01-insure-findings/issues/126 | comments=[M-04], [M-01] || sheet=71 | row=21 | abl=B3 | type=TP | finding=[single_var_cross_tx] debts  tx-set -> repayDebt(uint256,address), transferDebt(uint256) | report=https://github.com/code-423n4/2022-01-insure-findings/issues/228 | comments=Cleanest match to [M-04] || sheet=71 | row=22 | abl=B3 | type=TP | finding=[single_var_cross_tx] debts  tx-set -> offsetDebt(uint256,address), repayDebt(uint256,address) | report=https://github.com/code-423n4/2022-01-insure-findings/issues/228 https://github.com/code-423n4/2022-01-insure-findings/issues/126 | comments=[M-04], [M-01] || sheet=71 | row=28 | abl=B6 | type=TP | finding=[single_var_cross_tx] debts  tx-set -> offsetDebt(uint256,address), repayDebt(uint256,address) | report=https://github.com/code-423n4/2022-01-insure-findings/issues/228 https://github.com/code-423n4/2022-01-insure-findings/issues/126 | comments=[M-04], [M-01] || sheet=71 | row=30 | abl=B6 | type=TP | finding=[single_var_cross_tx] debts  tx-set -> repayDebt(uint256,address), transferDebt(uint256) | report=https://github.com/code-423n4/2022-01-insure-findings/issues/228 | comments=Cleanest match to [M-04]",,,,,,
known-bug::WEB3BUGS-71-M-05,Web3Bugs-Code4rena-complement,WEB3BUGS-71-M-05,Code4rena,Medium,,2022-03-15,https://github.com/code-423n4/2022-01-insure-findings/issues/236,2022-01-insure#m-05,2022-01-insure,M-05,insure,Vault.sol Tokens with fee on transfer are not supported,Vault.addValue() records the requested transfer amount as balance and attributions even if a fee-on-transfer token sends less.,"Deposits of fee-on-transfer tokens over-credit balance/attributions relative to actual received tokens, letting accounting exceed assets.",Measure token balance before and after transferFrom() and account only for the actual received amount.,Web3Bugs report 71.md; Code4rena report; GitHub issue 236; Vault.sol,,,,,,,,
known-bug::WEB3BUGS-71-M-06,Web3Bugs-Code4rena-complement,WEB3BUGS-71-M-06,Code4rena,Medium,,2022-03-15,https://github.com/code-423n4/2022-01-insure-findings/issues/354,2022-01-insure#m-06,2022-01-insure,M-06,insure,Index compensate is 0 when totalLiquidity() is enough to cover the whole amount,IndexTemplate.compensate() leaves _compensated at zero in the branch where _value < _amount <= totalLiquidity().,"The function calls vault.offsetDebt(0) instead of compensating the amount, preventing expected debt settlement.",Set _compensated for the middle branch and withdraw pending premium/credit as intended.,Web3Bugs report 71.md; Code4rena report; GitHub issue 354; IndexTemplate.sol,,,,,,,,
known-bug::WEB3BUGS-71-M-07,Web3Bugs-Code4rena-complement,WEB3BUGS-71-M-07,Code4rena,Medium,,2022-03-15,https://github.com/code-423n4/2022-01-insure-findings/issues/295,2022-01-insure#m-07,2022-01-insure,M-07,insure,requestWithdraw without obligation to withdraw allow underwriter to avoid payout,"Withdrawal requests can be refreshed without forcing withdrawal, letting underwriters keep capital earning premium while reducing practical payout exposure.",Repeatedly request withdrawal around the lockup period to maintain a shorter effective lock while still earning yield.,Extend lockup or force/penalize withdrawal after a request window.,Web3Bugs report 71.md; Code4rena report; GitHub issue 295; PoolTemplate.sol,,,,,,,,
known-bug::WEB3BUGS-71-M-08,Web3Bugs-Code4rena-complement,WEB3BUGS-71-M-08,Code4rena,Medium,,2022-03-15,https://github.com/code-423n4/2022-01-insure-findings/issues/352,2022-01-insure#m-08,2022-01-insure,M-08,insure,Unbounded iteration over all indexes (2),"Protocol functions iterate over all indexes, so large arrays can exceed gas limits.",Grow the index list enough that required transactions fail from gas exhaustion.,"Use bounded iteration, pagination, or caps.",Web3Bugs report 71.md; Code4rena report; GitHub issue 352; PoolTemplate.sol; IndexTemplate.sol,,,,,,,,
